link,title,address,price,m²,Pièces,Chambres,Salle de bain,nuits min.,Jardin,Terrasse,Vue sur mer,Piscine,Climatisation,Cuisine équipée,Réfrigérateur,Four,TV,Machine à laver,Type de bien,Etat,latitude,longitude,Chauffage central,Salles de bains,Garage,Sécurité,Porte blindée,Micro-ondes,Internet,Surface de la parcelle,Concierge,Façade extérieure,Cheminée,Nombre d'étages,Salon européen,Antenne parabolique,Double vitrage,Orientation,Vue sur les montagnes,Pièce,Entre-seul,Animaux domestiques autorisés,Type du sol,Chambre,Ascenseur
https://www.mubawab.tn/fr/a/7909359/villa-avec-piscine-pdl-plage-ain-grinz-kelibia,Villa avec piscine PDL plage Ain Grinz Kelibia,Kélibia,6 800 TND par semaine,500,4,4,1,7,1.0,1.0,1.0,1.0,1.0,1.0,1.0,1.0,1.0,1.0,Villa,Nouveau,36.8493,11.0918,,,,,,,,,,,,,,,,,,,,,,,
https://www.mubawab.tn/fr/a/8134353/villa-s5-location-estivale-%C3%A0-5-minutes-%C3%A0-pieds-de,Villa S5 location estivale à 5 minutes à pieds de,Hammamet à Hammamet,Prix à consulter,1200,4,4,1,1,1.0,,,1.0,1.0,,,,,,Villa,Nouveau,36.40108,10.61457,1.0,,,,,,,,,,,,,,,,,,,,,,
https://www.mubawab.tn/fr/a/8138093/location-de-vacance-villa-avec-piscine,Location de vacance villa avec piscine,Hammamet Nord à Hammamet,1 000 TND,250,5,4,,7,1.0,1.0,,1.0,1.0,1.0,1.0,1.0,1.0,1.0,Villa,Bon état,36.40108,10.61457,1.0,2,1.0,1.0,1.0,1.0,1.0,278 m²,,,,,,,,,,,,,,,
https://www.mubawab.tn/fr/a/8084601/villa-pieds-dans-l%E2%80%99eau-%E2%80%93-location-estivale,Villa Pieds dans l’Eau – Location Estivale,Hammamet Nord à Hammamet,Prix à consulter,500,5,4,,15,1.0,1.0,1.0,1.0,1.0,1.0,,,,,Villa,Bon état,36.40108,10.61457,1.0,3,1.0,1.0,,,,,1.0,1.0,1.0,1,,,,,,,,,,,
https://www.mubawab.tn/fr/a/7865914/location-de-vacances-villa-s4-a-hammamet,Location de vacances villa S4 a Hammamet,Hammamet à Hammamet,1 200 TND par jour,150,5,4,,7,1.0,1.0,1.0,1.0,1.0,1.0,1.0,1.0,1.0,1.0,Villa,Nouveau,36.40108,10.61457,1.0,3,,,,1.0,,,,,,,1.0,,,,,,,,,,
https://www.mubawab.tn/fr/a/8054490/vacances-villa-clairi%C3%A8re-s3,Vacances Villa Clairière S3,Hammamet Nord à Hammamet,5 990 TND par semaine,250,3,3,,7,1.0,1.0,1.0,1.0,1.0,1.0,1.0,1.0,1.0,1.0,Villa,Nouveau,36.40108,10.61457,1.0,2,1.0,1.0,,1.0,,350 m²,,,,,1.0,1.0,,,,,,,,,
https://www.mubawab.tn/fr/a/8051261/vacances-villa-belle-%C3%A9vasion-s3,Vacances villa Belle Évasion S3,Hammamet Sud à Hammamet,4 990 TND par semaine,1000,4,3,1,7,1.0,1.0,,1.0,1.0,1.0,1.0,1.0,1.0,1.0,Villa,Nouveau,36.40108,10.61457,1.0,,1.0,1.0,,1.0,,350 m²,1.0,,1.0,,,,1.0,Sud,,,,,,,
https://www.mubawab.tn/fr/a/8006010/vacances-villa-mykonos-s2,Vacances Villa Mykonos S2,Hammamet à Hammamet,4 400 TND par semaine,90,3,2,,6,1.0,1.0,,1.0,,1.0,1.0,1.0,1.0,1.0,Villa,Nouveau,36.40108,10.61457,1.0,2,,1.0,1.0,1.0,,,,1.0,,,,,1.0,,,,,,,,
https://www.mubawab.tn/fr/a/8009693/vacances-villa-oksana-s4,Vacances villa Oksana S4,Hammamet Sud à Hammamet,5 800 TND par semaine,1200,5,4,,7,1.0,1.0,,1.0,1.0,1.0,1.0,1.0,1.0,1.0,Villa,Nouveau,36.40108,10.61457,1.0,2,1.0,1.0,,1.0,,,1.0,,,,1.0,1.0,,,1.0,,,,,,
https://www.mubawab.tn/fr/a/7673417/vacances-villa-bio-s4,Vacances villa Bio S4,Hammamet à Hammamet,5 700 TND par semaine,350,5,4,,7,1.0,1.0,,1.0,1.0,1.0,1.0,1.0,1.0,1.0,Villa,Nouveau,36.40108,10.61457,1.0,2,1.0,,,1.0,,,,,,,1.0,,,,,,,,,,
https://www.mubawab.tn/fr/a/7903780/villa-s5-avec-jardin-%C3%A0-hammamet,Villa S5 avec jardin à Hammamet,Hammamet Sud à Hammamet,Prix à consulter,500,5,4,,4,1.0,1.0,,1.0,,1.0,,,,,Villa,Nouveau,36.40108,10.61457,,4,1.0,,,,,2000 m²,,,,,1.0,,,,1.0,,,,,,
https://www.mubawab.tn/fr/a/7830996/une-villa-s3-a-hammamet,Une Villa S3 a Hammamet,Hammamet à Hammamet,Prix à consulter,400,4,3,,4,1.0,,,1.0,1.0,,,,1.0,1.0,Villa,Bon état,36.40108,10.61457,1.0,2,,,,1.0,,,,1.0,1.0,,,,,,,,,,,,
https://www.mubawab.tn/fr/a/8138661/vacances-villa-agua-s2,Vacances Villa Agua S2,Hammamet Sud à Hammamet,3 500 TND par semaine,120,3,2,1,7,,1.0,,1.0,1.0,1.0,1.0,1.0,1.0,1.0,Villa,Nouveau,36.40108,10.61457,1.0,,,1.0,1.0,1.0,,220 m²,1.0,1.0,,,1.0,1.0,1.0,,,,,,,,
https://www.mubawab.tn/fr/a/7872977/une-charmante-villa-avec-piscine-%C3%A0-bizerte,Une Charmante Villa avec piscine à Bizerte,Bizerte,Prix à consulter,2000,6,4,,2,1.0,1.0,1.0,1.0,1.0,1.0,1.0,1.0,1.0,1.0,Villa,Bon état,37.266667,9.866667,,2,1.0,1.0,,1.0,1.0,,,,1.0,,1.0,1.0,,,1.0,,,,,,
https://www.mubawab.tn/fr/a/8116246/villa-de-charme-%C3%A0-louer-%C3%A0-bhira-bizerte,"Villa de charme à louer à Bhira, Bizerte",Bizerte,650 TND,300,4,3,,3,1.0,1.0,,1.0,1.0,1.0,,,,,Villa,Bon état,37.266667,9.866667,,2,1.0,1.0,1.0,,,,,,,,1.0,1.0,1.0,,,,,,,,
https://www.mubawab.tn/fr/a/7928446/coquette-villa-%C3%A0-les-grottes-bizerte,Coquette Villa à les Grottes Bizerte,La Grotte à Bizerte Nord,550 TND par jour,200,3,2,1,3,1.0,,1.0,1.0,1.0,1.0,1.0,,1.0,1.0,Villa,Bon état,37.272,9.8708,,,,1.0,,1.0,,,,,,,1.0,1.0,1.0,,1.0,,,,,,
https://www.mubawab.tn/fr/a/7734398/vacances-villa-sawsan-s4,Vacances villa sawsan S4,Hammamet Sud à Hammamet,5 800 TND par semaine,300,5,4,,7,1.0,1.0,,1.0,1.0,1.0,1.0,1.0,1.0,1.0,Villa,Nouveau,36.40108,10.61457,1.0,2,1.0,1.0,,1.0,,500 m²,,,,,1.0,,,,,,,,,,
https://www.mubawab.tn/fr/a/8137867/maison-s2-%C3%A0-hammem-laghzez,Maison s2 à hammem laghzez,Hammam El Ghezaz,160 TND par jour,200,,2,1,4,,1.0,,,1.0,1.0,1.0,,1.0,1.0,Maison,Nouveau,36.930637,11.048549,,,,1.0,1.0,,,200 m²,,1.0,,1,,,1.0,Nord,,1,1.0,,,,
https://www.mubawab.tn/fr/a/7964027/vacances-villa-isabelle-s7,Vacances villa Isabelle S7,Hammamet à Hammamet,9 000 TND par semaine,1000,8,7,,6,1.0,1.0,,1.0,1.0,1.0,1.0,1.0,1.0,1.0,Villa,Nouveau,36.40108,10.61457,1.0,4,1.0,1.0,,1.0,,,,,,,1.0,1.0,,,1.0,,,,,,
https://www.mubawab.tn/fr/a/8137848/%C3%A0-louer-pour-la-saison-estivale-%C3%A0-hamammet-nord,À louer pour la saison estivale à HAMAMMET NORD,Hammamet Nord à Hammamet,Prix à consulter,180,3,2,,15,1.0,,,,1.0,1.0,,,,,Maison,Bon état,36.40108,10.61457,,2,,1.0,,,,,1.0,,,,,,,,,,,,,,
https://www.mubawab.tn/fr/a/7932587/vacances-villa-romane-s4,Vacances villa Romane S4,Hammamet Sud à Hammamet,9 000 TND par semaine,850,5,4,,7,1.0,1.0,,1.0,1.0,1.0,1.0,1.0,1.0,1.0,Villa,Nouveau,36.40108,10.61457,1.0,3,1.0,1.0,,1.0,1.0,,1.0,,1.0,,1.0,,,,1.0,,,1.0,,,
https://www.mubawab.tn/fr/a/8137467/location-estivale-d-une-villa-avec-piscine,Location estivale d'une villa avec piscine,Sidi El Mahrsi à Nabeul,Prix à consulter,350,6,5,,7,1.0,1.0,,1.0,1.0,1.0,1.0,1.0,1.0,1.0,Villa,Bon état,36.45056,10.73505,,3,1.0,1.0,1.0,1.0,,520 m²,,,,,,,1.0,,,,,,,,
https://www.mubawab.tn/fr/a/7684585/villa-de-compagne-s3-avec-piscine-%C3%A0-hammamet,Villa de compagne S3 avec piscine à Hammamet,Hammamet Sud à Hammamet,Prix à consulter,1000,4,3,,3,1.0,1.0,,1.0,1.0,1.0,1.0,1.0,1.0,,Villa,Bon état,36.43533792448265,10.555175163574225,,2,,,,1.0,,,1.0,,1.0,,1.0,1.0,,Sud,1.0,,,1.0,Parquet,,
https://www.mubawab.tn/fr/a/7732820/villa-s4-avec-jardin-%C3%A0-maamoura,Villa S4 avec jardin à Maamoura,El Maamoura à Beni Khiar,Prix à consulter,400,5,4,,7,1.0,1.0,,,1.0,1.0,1.0,1.0,1.0,1.0,Villa,Nouveau,36.459469,10.809528,,5,,1.0,,1.0,,,,,,,1.0,1.0,1.0,Sud,,,,1.0,Marbre,,
https://www.mubawab.tn/fr/a/7702387/a-louer-bungalow-s3-avec-jardin-%C3%A0-maamoura,A louer bungalow S3 avec jardin à Maamoura,El Maamoura,Prix à consulter,300,4,3,,6,1.0,1.0,1.0,,1.0,1.0,1.0,1.0,1.0,1.0,Maison,Bon état,36.459700092457716,10.809713406412472,,2,1.0,1.0,,1.0,,,1.0,,,,1.0,1.0,,Sud,,,,1.0,Parquet,,
https://www.mubawab.tn/fr/a/7698194/a-louer-villa-duplex-avec-piscine-%C3%A0-hammamet-nord,A louer villa duplex avec piscine à Hammamet Nord,Hammamet Nord à Hammamet,Prix à consulter,240,5,4,,6,1.0,1.0,,1.0,1.0,1.0,1.0,1.0,1.0,1.0,Villa,Nouveau,36.421889484131654,10.655465836904767,,3,,1.0,1.0,1.0,1.0,,1.0,1.0,,,1.0,1.0,1.0,Est,,,,1.0,Marbre,,
https://www.mubawab.tn/fr/a/7706211/a-louer-villa-s2-avec-jardin-%C3%A0-mrezga,A louer villa S2 avec jardin à Mrezga,Hammamet Nord à Hammamet,Prix à consulter,200,3,2,,6,1.0,1.0,,,1.0,1.0,1.0,1.0,1.0,1.0,Villa,Nouveau,36.425713,10.671653,,2,,,,1.0,,,,1.0,,,1.0,1.0,1.0,Est,,,,1.0,Marbre,,
https://www.mubawab.tn/fr/a/7706246/villa-s2-avec-studio-s0-%C3%A0-mrezge-hammamet,Villa S2 avec studio S0 à Mrezge Hammamet,Hammamet Nord à Hammamet,Prix à consulter,250,4,3,,6,1.0,1.0,,,1.0,1.0,1.0,1.0,1.0,1.0,Villa,Nouveau,36.42569,10.671869,,2,,,,1.0,,,,1.0,,,1.0,1.0,1.0,Est,,,,1.0,Marbre,,
https://www.mubawab.tn/fr/a/7661438/a-louer-villa-s3-avec-jardin-au-bord-de-la-mer,A louer villa S3 avec jardin au bord de la mer,Sidi El Mahrsi à Nabeul,Prix à consulter,450,4,3,,6,1.0,1.0,,,1.0,1.0,1.0,1.0,1.0,1.0,Villa,Nouveau,36.438152930870594,10.71375788947006,,3,1.0,,1.0,1.0,1.0,,,1.0,,,1.0,1.0,,Sud,,,,1.0,Marbre,,
https://www.mubawab.tn/fr/a/7938246/a-louer-villa-s5-avec-piscine-%C3%A0-mrezga-hammamet,"A louer villa S5 avec piscine à Mrezga, Hammamet",Hammamet Nord à Hammamet,Prix à consulter,250,6,5,,3,1.0,1.0,1.0,1.0,1.0,1.0,1.0,1.0,1.0,1.0,Villa,Nouveau,36.42538456797167,10.659628715204688,,3,,1.0,1.0,1.0,1.0,,1.0,1.0,,,1.0,1.0,1.0,Sud,,,,1.0,Marbre,,
https://www.mubawab.tn/fr/a/7706169/villa-s3-avec-picine-et-pied-dans-l-eau-%C3%A0-maamoura,Villa S3 avec picine et pied dans l'eau à Maamoura,El Maamoura à Beni Khiar,Prix à consulter,400,4,3,,7,1.0,1.0,1.0,1.0,1.0,1.0,1.0,1.0,1.0,1.0,Villa,Nouveau,36.461796,10.811195,,2,1.0,1.0,,1.0,1.0,,1.0,1.0,,,1.0,1.0,1.0,Sud,,,,1.0,Marbre,,
https://www.mubawab.tn/fr/a/7698225/a-louer-villa-s4-avec-piscine-%C3%A0-hammamet-nord,A louer villa S4 avec piscine à Hammamet Nord,Hammamet Nord à Hammamet,Prix à consulter,240,5,4,,6,1.0,1.0,1.0,1.0,1.0,1.0,1.0,1.0,1.0,1.0,Villa,Nouveau,36.42167933829626,10.656042637071634,,4,,1.0,1.0,1.0,1.0,,1.0,1.0,,,1.0,1.0,1.0,Sud,,,,1.0,Marbre,,
https://www.mubawab.tn/fr/a/8074454/pour-vos-vacance-villa-s4-pied-dans-l-eau,Pour Vos Vacance Villa S4 Pied Dans L'eau,Beni Khiar à Beni Khiar,Prix à consulter,350,5,4,,1,,1.0,1.0,1.0,1.0,1.0,1.0,1.0,1.0,1.0,Villa,Bon état,36.45389019403987,10.785733327220353,,2,,1.0,,1.0,,250 m²,,,,,,,,,,,1.0,,,,
https://www.mubawab.tn/fr/a/7802709/a-louer-villa-duplex-s4-avec-piscine-%C3%A0-hammamet-nord,A louer Villa duplex S4 avec piscine à Hammamet Nord,Hammamet Nord à Hammamet,Prix à consulter,430,5,4,,1,1.0,1.0,,1.0,1.0,1.0,1.0,1.0,1.0,1.0,Villa,Nouveau,36.410267,10.651099,,3,1.0,,,1.0,,,,,,,1.0,1.0,1.0,Sud,,,,1.0,Marbre,,
https://www.mubawab.tn/fr/a/8040224/villa-avec-piscine-vue-mer-djerba,Villa avec piscine vue mer djerba,Djerba à Djerba,2 900 TND par semaine,140,3,2,,3,1.0,1.0,1.0,1.0,1.0,1.0,1.0,1.0,1.0,1.0,Villa,Bon état,33.8075978,10.8451467,1.0,2,1.0,,1.0,1.0,,1000 m²,,,,,1.0,1.0,,Nord,1.0,,,1.0,Carrelage,,
https://www.mubawab.tn/fr/a/7934850/villa-piscine-moderne-djerba,Villa piscine moderne djerba,Djerba à Djerba,4 300 TND par semaine,350,4,3,,3,,1.0,,1.0,1.0,1.0,1.0,1.0,1.0,1.0,Villa,Nouveau,33.8075978,10.8451467,,3,1.0,,1.0,1.0,1.0,,,1.0,,,1.0,,,,,,,,Carrelage,,
https://www.mubawab.tn/fr/a/7907762/une-villa-avec-piscine-sans-vis-%C3%A0-vis-%C3%A0-djerba,Une villa avec piscine sans vis à vis à Djerba,Djerba à Djerba,3 400 TND par semaine,140,4,3,1,7,1.0,1.0,,1.0,1.0,1.0,1.0,1.0,1.0,1.0,Villa,Bon état,33.8075978,10.8451467,,,,,1.0,1.0,1.0,,,1.0,,,1.0,1.0,1.0,,,,,,Carrelage,,
https://www.mubawab.tn/fr/a/8128534/grande-villa-avec-piscine-zone-touristique,Grande villa avec piscine zone touristique,Djerba à Djerba,5 200 TND par semaine,320,6,5,,7,1.0,1.0,1.0,1.0,1.0,1.0,1.0,1.0,1.0,1.0,Villa,Bon état,33.8075978,10.8451467,,3,1.0,1.0,1.0,1.0,1.0,800 m²,,1.0,,2,1.0,1.0,,,1.0,,1.0,,Marbre,,
https://www.mubawab.tn/fr/a/7940526/charmante-villa-avec-piscine-%C3%A0-plain-pied,Charmante Villa avec Piscine à Plain Pied,Djerba à Djerba,3 700 TND par semaine,630,4,3,,5,1.0,1.0,,1.0,1.0,1.0,1.0,1.0,1.0,1.0,Villa,Bon état,33.8075978,10.8451467,,3,1.0,1.0,1.0,1.0,1.0,,,,,,1.0,,1.0,,,,,,Carrelage,,
https://www.mubawab.tn/fr/a/8137341/vacances-villa-alpage-s3,Vacances Villa Alpage S3,Hammamet Sud à Hammamet,5 800 TND,290,4,3,,7,1.0,1.0,,1.0,1.0,1.0,1.0,1.0,1.0,1.0,Villa,Nouveau,36.40108,10.61457,1.0,3,,1.0,1.0,1.0,,600 m²,1.0,1.0,,,1.0,1.0,1.0,,,,,,,,
https://www.mubawab.tn/fr/a/8136961/villa-moderne-piscine-plage-jinen-hammamet,Villa Moderne Piscine & Plage Jinen Hammamet,Hammamet à Hammamet,8 000 TND par semaine,250,6,4,,6,1.0,1.0,,1.0,1.0,1.0,1.0,1.0,1.0,1.0,Villa,Nouveau,36.38875046060171,10.55274996427241,1.0,3,1.0,1.0,1.0,1.0,1.0,450 m²,,,,1,1.0,1.0,,Est,,,1.0,1.0,Marbre,,
https://www.mubawab.tn/fr/a/8114807/grande-villa-attrayante-sur-l-%C3%AEle-de-kerkennah-tunisie,"Grande Villa Attrayante sur l'Île de Kerkennah, Tunisie",Kerkenah à Kerkennah,520 TND par jour,3000,,5,,1,1.0,1.0,1.0,1.0,1.0,1.0,1.0,1.0,1.0,1.0,Villa,Bon état,34.39226,11.02148,1.0,6,1.0,,1.0,1.0,1.0,,,1.0,1.0,,1.0,1.0,,,,,1.0,,,,
https://www.mubawab.tn/fr/a/8136568/location-saisonni%C3%A8re-maison-pied-dans-l-eau,Location saisonnière maison pied dans l eau,Djerba à Djerba,400 TND par jour,130,3,2,1,3,1.0,1.0,1.0,,1.0,1.0,1.0,1.0,1.0,1.0,Maison,Nouveau,33.8075978,10.8451467,,,,,,1.0,,500 m²,,1.0,,1,1.0,1.0,,,,,,,Carrelage,,
https://www.mubawab.tn/fr/a/8136549/%C3%A0-louer-pour-la-saison-estivale-%C3%A0-rtiba,À louer pour la saison estivale à RTIBA,Takelsa,3 500 TND par semaine,1000,,2,1,3,1.0,1.0,1.0,1.0,1.0,1.0,1.0,1.0,1.0,1.0,Villa,Bon état,36.792339,10.629509,,,1.0,1.0,,1.0,,,,,1.0,,,1.0,,,1.0,1,1.0,,,,
https://www.mubawab.tn/fr/a/8112380/villa-s4-pour-la-location-saisonni%C3%A8re,Villa s4 pour la location saisonnière,Hammamet à Hammamet,950 TND par jour,220,,,1,1,1.0,,,,1.0,,,,,,Maison,Nouveau,36.40108,10.61457,1.0,,,,,,,,,,,,,,,,,1,,,,1,
https://www.mubawab.tn/fr/a/8136277/vacances-villa-la-closerie-s3,Vacances Villa La Closerie S3,Nabeul à Nabeul,2 500 TND par semaine,90,4,3,1,7,1.0,1.0,,,1.0,1.0,1.0,1.0,1.0,1.0,Villa,Nouveau,36.45056,10.73505,1.0,,,1.0,1.0,1.0,1.0,120 m²,,1.0,,,1.0,1.0,1.0,,,,,,,,
https://www.mubawab.tn/fr/a/7688660/%C3%A9tage-de-villa-pieds-dans-l-eau-%C3%A0-hammem-ghezez,Étage de villa pieds dans l'eau à hammem ghezez,Hammam Ghezèze,2 600 TND par semaine,150,3,3,1,7,,1.0,1.0,,1.0,1.0,1.0,,,1.0,Maison,Nouveau,36.91237,11.10203,,,1.0,,,,,,,,,,,,,,,,,,,,
https://www.mubawab.tn/fr/a/7753522/villa-avec-piscine-de-haut-standing,Villa avec piscine de haut standing,Hammam El Ghezaz,5 000 TND par semaine,300,3,3,1,7,1.0,1.0,,1.0,1.0,1.0,1.0,,1.0,1.0,Villa,Nouveau,36.930637,11.048549,,,,,,,,,,,,,,,,,,,,,,,
https://www.mubawab.tn/fr/a/7937176/villa-s4-avec-piscine-%C3%A0-jinen-b%C3%A9ni-khiar,Villa S4 avec piscine à Jinen Béni khiar,Beni Khiar à Beni Khiar,5 500 TND par semaine,500,4,4,1,1,1.0,1.0,,1.0,1.0,1.0,1.0,1.0,1.0,1.0,Villa,Nouveau,36.47,10.78,1.0,,,1.0,1.0,1.0,1.0,,,,,,,1.0,,,,,,,,,
https://www.mubawab.tn/fr/a/8112322/location-vacances-villa-en-s3-avec-piscine-%C3%A0-hamm,Location Vacances Villa en S3 avec piscine à Hamm,Hammamet à Hammamet,750 TND,320,3,3,1,1,1.0,,,1.0,1.0,,,,,,Maison,Nouveau,36.40108,10.61457,,,,,,,,,,,,,,,,,,,,,,,
https://www.mubawab.tn/fr/a/8110433/vacances-villa-c%C3%A9leste-s3,Vacances Villa Céleste S3,Hammamet à Hammamet,5 900 TND par semaine,300,4,3,,7,,1.0,,1.0,1.0,1.0,1.0,1.0,1.0,1.0,Villa,Nouveau,36.40108,10.61457,1.0,2,,1.0,,1.0,,225 m²,,,,,1.0,,,,,,,,,,
https://www.mubawab.tn/fr/a/7907905/vacances-villa-jouhanny-s4,Vacances villa Jouhanny S4,Yasmine Hammamet à Hammamet,5 800 TND par semaine,350,5,4,,7,1.0,1.0,,1.0,1.0,1.0,1.0,1.0,1.0,1.0,Villa,Nouveau,36.40108,10.61457,1.0,2,1.0,1.0,,1.0,,,,,,,1.0,,,,,,,,,,
https://www.mubawab.tn/fr/a/8135400/une-villa-2s3-%C3%A0-louer-situ%C3%A9-%C3%A0-kantaoui,Une villa 2S3 à louer situé à kantaoui,El Kantaoui à Hammam Sousse,1 200 TND,600,,3,,1,1.0,1.0,,,1.0,1.0,1.0,1.0,1.0,1.0,Villa,Nouveau,35.8569,10.5972,1.0,2,1.0,1.0,,1.0,1.0,,,,,,1.0,1.0,1.0,,,1,,,,,
https://www.mubawab.tn/fr/a/7716839/villa-s4-avec-piscine-%C3%A0-yasmine-hammamet,Villa S4 avec piscine à Yasmine Hammamet,Yasmine Hammamet à Hammamet,8 500 TND par semaine,300,5,4,,7,1.0,1.0,,1.0,1.0,1.0,1.0,1.0,1.0,1.0,Villa,Nouveau,36.382420714997856,10.545253920381471,1.0,3,1.0,1.0,1.0,1.0,1.0,450 m²,1.0,1.0,,1,1.0,1.0,1.0,Est,,,,,Marbre,,
https://www.mubawab.tn/fr/a/7654498/villa-s3-avec-piscine-%C3%A0-proximit%C3%A9-de-l%E2%80%99h%C3%B4tel-royal,Villa S3 avec piscine à proximité de l’hôtel Royal,Hammamet Sud à Hammamet,7 000 TND par semaine,300,4,3,,7,1.0,1.0,,1.0,1.0,1.0,1.0,,1.0,1.0,Villa,Nouveau,36.40108,10.61457,,3,,1.0,1.0,1.0,1.0,,1.0,,,,1.0,,1.0,,,,,,Marbre,,
https://www.mubawab.tn/fr/a/7652062/villa-s4-avec-piscine-%C3%A0-yasmine-hammamet,Villa S4 avec piscine à Yasmine Hammamet,Hammamet Sud à Hammamet,9 000 TND par semaine,300,6,4,,7,1.0,1.0,,1.0,1.0,1.0,1.0,1.0,1.0,1.0,Villa,Nouveau,36.38199390301542,10.54613551870465,,3,1.0,1.0,1.0,1.0,1.0,450 m²,,1.0,,,1.0,1.0,1.0,Est,,,,,Marbre,,
https://www.mubawab.tn/fr/a/7651597/villa-en-s3-prochede-l-h%C3%B4tel-el-fell-hammamet-nord,Villa en s3 prochede l'hôtel El Fell Hammamet nord,Hammamet Nord à Hammamet,5 500 TND par semaine,200,4,3,,7,1.0,1.0,,1.0,1.0,1.0,1.0,1.0,1.0,1.0,Villa,Bon état,36.42236452711123,10.669939576910817,1.0,3,,,,1.0,1.0,450 m²,,,,,1.0,1.0,,Est,,,,1.0,Marbre,,
https://www.mubawab.tn/fr/a/8129344/villa-s4-avec-piscine-%C3%A0-hammamet-sud,Villa S4 avec piscine à Hammamet Sud,Hammamet Sud à Hammamet,6 000 TND par semaine,650,5,4,,7,1.0,1.0,,1.0,1.0,1.0,1.0,1.0,1.0,1.0,Maison,Nouveau,36.39921471964014,10.560925819702149,1.0,3,1.0,1.0,1.0,1.0,,300 m²,,1.0,,1,1.0,,1.0,Est,,,1.0,,,,
https://www.mubawab.tn/fr/a/7651620/duplex-s3-avec-jardin-%C3%A0-yasmine-hammamet,Duplex S3 avec jardin à Yasmine Hammamet,Hammamet Sud à Hammamet,1 800 TND par semaine,200,4,3,,7,1.0,1.0,,,1.0,1.0,1.0,1.0,,1.0,Maison,Bon état,36.40108,10.61457,1.0,2,,,1.0,,,,1.0,1.0,,,1.0,1.0,1.0,,,,,,Carrelage,,
https://www.mubawab.tn/fr/a/8129408/maison-de-luxe-%C3%A0-louer-%C3%A0-hammamet-sud-superficie-700-m%C2%B2-garage-et-terrasse,Maison de luxe à louer à Hammamet Sud. Superficie 700 m². Garage et terrasse,Hammamet Sud à Hammamet,4 500 TND,700,5,4,,7,1.0,1.0,,1.0,1.0,1.0,1.0,1.0,1.0,1.0,Villa,Nouveau,36.40108,10.61457,,3,1.0,1.0,1.0,1.0,,250 m²,1.0,1.0,,,1.0,,1.0,Est,,,1.0,,,,
https://www.mubawab.tn/fr/a/8129465/location-estivale-villa-s3,Location estivale villa S3,Hammamet Sud à Hammamet,9 000 TND,700,4,3,,7,1.0,1.0,,1.0,1.0,1.0,1.0,1.0,1.0,1.0,Villa,Nouveau,36.40108,10.61457,1.0,3,1.0,1.0,1.0,1.0,,300 m²,1.0,1.0,,,1.0,,1.0,Est,,,1.0,,,,
https://www.mubawab.tn/fr/a/8129810/location-estivale-s6,Location estivale s6,Hammamet Nord à Hammamet,8 000 TND par semaine,800,7,6,,7,1.0,1.0,,1.0,1.0,1.0,1.0,1.0,1.0,1.0,Villa,Bon état,36.41539626303323,10.661648132629397,1.0,4,1.0,1.0,1.0,1.0,,220 m²,,,,1,1.0,,1.0,Est,,,1.0,,,,
https://www.mubawab.tn/fr/a/7652321/villa-s5-avec-piscine-%C3%A0-yasmine-hammamet,Villa S5 avec piscine à Yasmine Hammamet,Yasmine Hammamet à Hammamet,7 000 TND par semaine,500,6,5,,7,1.0,1.0,,1.0,1.0,1.0,1.0,1.0,1.0,1.0,Villa,Nouveau,36.37304116565936,10.536600429569532,,4,1.0,,1.0,1.0,,750 m²,1.0,1.0,,2,1.0,1.0,1.0,Est,,,,,Marbre,,
https://www.mubawab.tn/fr/a/7719583/villa-s4-avec-jardin-%C3%A0-r%C3%A9sidence-janette-hammamet,Villa S4 avec jardin à résidence Janette Hammamet,Hammamet Nord à Hammamet,5 000 TND par semaine,300,5,4,,7,1.0,1.0,,,1.0,1.0,1.0,1.0,1.0,1.0,Villa,Bon état,36.40108,10.61457,1.0,3,1.0,1.0,,1.0,,500 m²,1.0,,,1,,1.0,,Est,,,,,Carrelage,,
https://www.mubawab.tn/fr/a/7666629/villa-s3-avec-piscine-%C3%A0-hammamet,Villa S3 avec piscine à Hammamet,Hammamet à Hammamet,4 500 TND par semaine,1000,4,3,,7,1.0,1.0,,1.0,1.0,1.0,1.0,,1.0,1.0,Villa,Bon état,36.42713248304584,10.596673003239703,1.0,2,1.0,1.0,1.0,1.0,,,,,,,1.0,,1.0,Est,1.0,,,,Carrelage,,
https://www.mubawab.tn/fr/a/7723923/duplex-s3-avec-jardin-%C3%A0-hammamet-centre,Duplex S3 avec jardin à Hammamet centre,Hammamet à Hammamet,2 500 TND par semaine,150,4,3,,7,1.0,1.0,,1.0,1.0,1.0,1.0,1.0,1.0,1.0,Maison,Bon état,36.40716774194564,10.582762838483115,,2,,,,1.0,,250 m²,1.0,,,,,,,Est,,,,,Carrelage,,
https://www.mubawab.tn/fr/a/8092773/villa-avec-piscine-pdl-%C3%A0-plage-ain-grinz-kelibia,Villa avec piscine PDL à plage Ain Grinz Kelibia,Kélibia,8 500 TND par semaine,500,4,4,,7,1.0,1.0,1.0,1.0,1.0,1.0,1.0,1.0,1.0,1.0,Villa,Nouveau,36.8493,11.0918,,2,,1.0,,,,,,,,2,,1.0,,,,,,,,,
https://www.mubawab.tn/fr/a/8092782/villa-avec-piscine-a-kelibia-la-blanche,Villa avec piscine a Kelibia La Blanche,Kélibia,8 500 TND par semaine,1000,5,5,,10,1.0,1.0,1.0,1.0,1.0,1.0,1.0,1.0,1.0,1.0,Villa,Nouveau,36.8493,11.0918,,4,,,,,,,,,,1,,,,,,,,,,,
https://www.mubawab.tn/fr/a/8135138/villa-avec-piscine-%C3%A0-djerba-midoun-vue-mer,"Villa avec piscine à Djerba Midoun, vue mer",Djerba à Djerba,Prix à consulter,,5,2,,4,,,1.0,1.0,1.0,1.0,1.0,1.0,1.0,1.0,Villa,Bon état,33.8075978,10.8451467,,2,,,,,,,,,,,1.0,,,,,,,,,,
https://www.mubawab.tn/fr/a/8134957/%C3%A0-louer-pour-la-saison-estivale-%C3%A0-nabeul,À louer pour la saison estivale à Nabeul,Nabeul à Nabeul,Prix à consulter,250,4,3,,15,1.0,,,,1.0,1.0,,,,,Villa,Bon état,36.45056,10.73505,1.0,2,1.0,,,,,420 m²,,,,,,,,,,,,,,,
https://www.mubawab.tn/fr/a/7688115/vacances-villa-osmose-s4,Vacances villa Osmose S4,Hammamet à Hammamet,5 990 TND par semaine,400,5,4,,7,1.0,,,1.0,1.0,1.0,1.0,1.0,1.0,1.0,Villa,Nouveau,36.40108,10.61457,1.0,2,1.0,,,1.0,,,,,,,1.0,1.0,,,,,,,,,
https://www.mubawab.tn/fr/a/8112924/location-villa-la-medina-yasmine-hammamet,Location Villa La medina yasmine hammamet,Hammamet Sud à Hammamet,7 000 TND par semaine,350,5,4,,7,1.0,1.0,,1.0,1.0,1.0,1.0,1.0,1.0,1.0,Villa,Bon état,36.40108,10.61457,,3,1.0,1.0,,1.0,,220 m²,,,,1,,1.0,,Sud,,,,,Marbre,,
https://www.mubawab.tn/fr/a/7947825/vacances-villa-mirabella-s4,Vacances Villa Mirabella S4,Hammamet Nord à Hammamet,7 900 TND par semaine,500,5,4,,7,1.0,1.0,1.0,1.0,1.0,1.0,1.0,1.0,1.0,1.0,Villa,Nouveau,36.40108,10.61457,1.0,3,,1.0,,1.0,,,,,,,1.0,1.0,1.0,,,,,,,,
https://www.mubawab.tn/fr/a/7692820/location-villa-serge-s5,Location villa Serge S5,Hammamet Nord à Hammamet,7 200 TND par semaine,276,6,5,,7,1.0,1.0,,1.0,1.0,1.0,1.0,1.0,1.0,1.0,Villa,Nouveau,36.40108,10.61457,1.0,3,1.0,1.0,,1.0,,,1.0,,,,1.0,1.0,,,,,,,,,
https://www.mubawab.tn/fr/a/7777523/vacances-villa-giselle-s4,Vacances villa Giselle S4,Yasmine Hammamet à Hammamet,5 800 TND par semaine,400,5,4,,7,1.0,1.0,,1.0,1.0,1.0,1.0,1.0,1.0,1.0,Villa,Nouveau,36.40108,10.61457,1.0,2,1.0,1.0,,1.0,,,1.0,,,,1.0,,,,,,,,,,
https://www.mubawab.tn/fr/a/8048790/villa-avec-4-chambres-et-piscine-%C3%A0-djerba,Villa avec 4 chambres et piscine à Djerba,Djerba à Djerba,4 800 TND par semaine,260,5,4,,3,1.0,1.0,,1.0,1.0,1.0,1.0,1.0,1.0,1.0,Villa,Bon état,33.8075978,10.8451467,,4,1.0,1.0,1.0,1.0,1.0,500 m²,,1.0,,2,1.0,1.0,1.0,,,,,,Carrelage,,
https://www.mubawab.tn/fr/a/7698583/une-villa-pour-la-location-estivale,Une villa pour la location estivale,Nabeul à Nabeul,Prix à consulter,500,4,3,,5,1.0,1.0,,1.0,1.0,1.0,1.0,,1.0,1.0,Villa,Nouveau,36.45056,10.73505,1.0,3,,,,,,,,,,,,,,,,,,,,,
https://www.mubawab.tn/fr/a/7745900/vacances-villa-soline-s5,Vacances villa Soline S5,Hammamet à Hammamet,6 500 TND par semaine,440,6,5,,7,1.0,1.0,,1.0,1.0,1.0,1.0,1.0,1.0,1.0,Villa,Nouveau,36.40108,10.61457,1.0,3,1.0,1.0,,1.0,,,1.0,,,,1.0,,,,,,,,,,
https://www.mubawab.tn/fr/a/7909346/maison-s2-a-plage-fatha-kelibia,Maison S2 a plage Fatha Kelibia,Kélibia,2 800 TND par semaine,150,2,2,1,7,,1.0,,,1.0,1.0,1.0,1.0,1.0,,Maison,Nouveau,36.8493,11.0918,,,,,,,,,,,,,,,,,,,,,,,
https://www.mubawab.tn/fr/a/7900833/villa-haut-standing-s5-avec-piscine-%C3%A0-kerkouene,Villa haut standing S5 avec piscine à Kerkouene,Kélibia,9 500 TND par semaine,1000,5,5,,7,1.0,1.0,1.0,1.0,1.0,1.0,1.0,1.0,1.0,1.0,Villa,Nouveau,36.8493,11.0918,,5,,,,1.0,,,,,,,1.0,,,,,,,,,,
https://www.mubawab.tn/fr/a/7883621/une-villa-s6-avec-piscine-%C3%A0-louer,Une villa S6 avec piscine à louer,Yasmine Hammamet à Hammamet,1 500 TND par jour,1200,8,6,,7,,1.0,1.0,1.0,1.0,1.0,1.0,1.0,1.0,1.0,Villa,Nouveau,36.40108,10.61457,1.0,7,1.0,,,1.0,,,,,,,,,,,1.0,,,,Marbre,,
https://www.mubawab.tn/fr/a/8134330/a-louer-villa-avec-piscine-aux-grotte-bizerte,A Louer Villa Avec Piscine Aux Grotte Bizerte,La Grotte à Bizerte Nord,900 TND par jour,1000,4,3,,3,1.0,1.0,1.0,1.0,,1.0,,,,,Maison,Bon état,37.1303,9.7506777,,2,,,,,,,,,,,,,,,,,,,,,
https://www.mubawab.tn/fr/a/8133982/location-estivale-a-hammamet,Location estivale a Hammamet,Hammamet à Hammamet,Prix à consulter,450,6,5,,5,,,,,,,,,,,Villa,Nouveau,36.40108,10.61457,,2,,,,,,,,,,,,,,,,,,,,,
https://www.mubawab.tn/fr/a/8115181/villa-s2-location-estivale,Villa S2 location estivale,Hammamet à Hammamet,500 TND,250,2,3,1,1,1.0,,,1.0,,,,,,,Villa,Nouveau,36.40108,10.61457,,,,,,,,,,,,,,,,,,,,,,,
https://www.mubawab.tn/fr/a/8133131/villa-s4-location-estivale,Villa S4 location estivale,Hammamet à Hammamet,Prix à consulter,500,4,5,1,1,1.0,,,1.0,,,,,,,Villa,Nouveau,36.40108,10.61457,,,,,,,,,,,,,,,,,,,,,,,
https://www.mubawab.tn/fr/a/8133699/a-louer-etage-de-villa-meubl%C3%A9-vue-sur-mer-%C3%A0-la-corniche-bizerte,A Louer Etage de Villa Meublé Vue Sur Mer à La Corniche Bizerte,Bizerte à Bizerte Nord,300 TND par jour,200,4,3,1,2,,1.0,1.0,,,1.0,,,,,Maison,Bon état,37.1303,9.7506777,,,,,,,,,,,,,,,,,,,,,,,
https://www.mubawab.tn/fr/a/8133419/vacances-villa-al-malak-s2,Vacances Villa Al Malak S2,Hammamet à Hammamet,3 800 TND par semaine,190,3,2,1,7,1.0,1.0,,1.0,1.0,1.0,1.0,1.0,1.0,1.0,Villa,Nouveau,36.40108,10.61457,1.0,,1.0,1.0,1.0,1.0,,200 m²,1.0,1.0,,1,1.0,1.0,1.0,,,,,,,,
https://www.mubawab.tn/fr/a/7950429/location-villa-palais-s4,Location Villa Palais S4,Hammamet à Hammamet,6 000 TND par semaine,350,5,4,,7,1.0,1.0,,1.0,1.0,1.0,1.0,1.0,1.0,1.0,Villa,Nouveau,36.40108,10.61457,1.0,3,,1.0,,1.0,,,,,,,1.0,,,,,,,,,,
https://www.mubawab.tn/fr/a/8013153/vacances-villa-rourou-s5,Vacances villa Rourou S5,Hammamet à Hammamet,8 500 TND par semaine,350,6,5,,7,1.0,1.0,1.0,1.0,1.0,1.0,1.0,1.0,1.0,1.0,Villa,Nouveau,36.40108,10.61457,1.0,3,1.0,1.0,1.0,1.0,1.0,,1.0,,1.0,,1.0,,1.0,,1.0,,,,,,
https://www.mubawab.tn/fr/a/7675496/a-louer-villa-s4-avec-piscine-%C3%A0-hammamet-nord,A louer villa S4 avec piscine à Hammamet Nord,Hammamet Nord à Hammamet,Prix à consulter,300,5,4,,7,1.0,1.0,,1.0,1.0,1.0,1.0,1.0,1.0,1.0,Villa,Nouveau,36.40680445589184,10.649044907077734,,3,1.0,1.0,,1.0,1.0,,,1.0,,,,1.0,1.0,Sud,,,,1.0,Marbre,,
https://www.mubawab.tn/fr/a/8116757/villa-s3-pour-la-location-estivale,Villa s3 pour la location estivale,Cité El Wafa à Nabeul,Prix à consulter,350,3,4,1,1,1.0,,,1.0,,,,,,,Villa,Nouveau,36.45056,10.73505,,,,,,,,,,,,,,,,,,,,,,,
https://www.mubawab.tn/fr/a/7916688/bungalow-old-town-villa,Bungalow Old town villa,Tezdaine,450 TND par jour,80,2,2,1,6,1.0,1.0,,1.0,1.0,1.0,,1.0,1.0,,Maison,Bon état,33.8039664,11.0400653,,,,1.0,,,,,1.0,,,,,,,Est,,,,,Carrelage,,
https://www.mubawab.tn/fr/a/8021848/vacances-villa-angelina-s5,Vacances Villa Angelina S5,Hammamet Sud à Hammamet,11 500 TND par semaine,3000,4,3,,7,1.0,1.0,,1.0,1.0,1.0,1.0,1.0,1.0,1.0,Villa,Nouveau,36.40108,10.61457,1.0,2,1.0,1.0,,1.0,,,,,,,1.0,1.0,,,1.0,,,,,,
https://www.mubawab.tn/fr/a/8059494/vacances-villa-zenith-s4,Vacances Villa Zenith S4,Hammamet à Hammamet,5 700 TND par semaine,280,5,4,,7,1.0,,,1.0,1.0,1.0,1.0,1.0,1.0,1.0,Villa,Nouveau,36.40108,10.61457,1.0,2,1.0,1.0,,1.0,,980 m²,,,,,1.0,,1.0,,1.0,,,,,,
https://www.mubawab.tn/fr/a/7924195/a-louer-villa-de-lux-avec-piscine,A louer Villa de lux avec piscine,Hammamet Nord à Hammamet,Prix à consulter,400,5,4,,5,1.0,1.0,1.0,1.0,1.0,1.0,1.0,1.0,1.0,1.0,Villa,Nouveau,36.40108,10.61457,1.0,3,1.0,1.0,1.0,1.0,,,1.0,1.0,,,1.0,1.0,1.0,,1.0,,,,Marbre,,
https://www.mubawab.tn/fr/a/8131168/villa-avec-piscine-%C3%A0-kelibia,Villa avec piscine à kelibia,Kélibia,4 500 TND par semaine,200,3,3,,5,1.0,1.0,1.0,1.0,1.0,1.0,1.0,1.0,1.0,1.0,Villa,Bon état,36.83698498271683,11.119280795506608,1.0,2,,1.0,1.0,,1.0,,,,1.0,,1.0,1.0,1.0,,,,1.0,,,,
https://www.mubawab.tn/fr/a/8129869/%C3%A0-louer-un-complexe-de-pool-houses,À louer un complexe de Pool Houses,El Corniche,2 500 TND par jour,600,4,4,,4,1.0,1.0,,1.0,1.0,1.0,1.0,1.0,1.0,1.0,Villa,Nouveau,37.191062,10.20872,1.0,4,1.0,1.0,1.0,1.0,1.0,,,,,1,,,1.0,Est,,,,,Marbre,,
https://www.mubawab.tn/fr/a/8129637/location-%C3%A9t%C3%A9-2025,Location été 2025,Menzel Temime,150 TND par jour,95,3,2,1,5,1.0,1.0,1.0,,1.0,1.0,1.0,1.0,1.0,1.0,Maison,Bon état,36.783333,10.983333,,,1.0,1.0,1.0,1.0,,95 m²,,1.0,,1,,,,Est,,,1.0,,Carrelage,,
https://www.mubawab.tn/fr/a/8129348/location-pour-vacance-villa-a-vec-pisicine,Location pour vacance villa a vec pisicine,Kélibia,12 000 TND,2850,4,3,,5,1.0,1.0,,1.0,1.0,1.0,1.0,1.0,1.0,1.0,Villa,Nouveau,36.975634065460525,11.072838247359284,,2,1.0,1.0,,1.0,1.0,300 m²,,1.0,,,1.0,,,,,,,1.0,,,
https://www.mubawab.tn/fr/a/7718292/vacances-villa-maria-2-s4,Vacances villa Maria 2 S4,Hammamet Nord à Hammamet,5 300 TND par semaine,190,5,4,1,7,1.0,,,1.0,1.0,1.0,1.0,1.0,1.0,1.0,Villa,Nouveau,36.40108,10.61457,1.0,,1.0,1.0,,1.0,,,,,,,1.0,1.0,,,,,,,,,
https://www.mubawab.tn/fr/a/8128691/maison-meubl%C3%A9e-%C3%A0-louer-pour-la-saison-estivale,Maison meublée à louer pour la saison estivale,Hammamet Nord à Hammamet,1 750 TND,160,3,2,1,7,,1.0,,,1.0,1.0,1.0,1.0,1.0,1.0,Maison,Bon état,36.40108,10.61457,,,,,,,,180 m²,,,,,,,,,,,,,,,
https://www.mubawab.tn/fr/a/8128587/location-estivale-a-hammamet,Location estivale a Hammamet,Hammamet Nord à Hammamet,Prix à consulter,250,5,4,,5,1.0,1.0,,1.0,1.0,,,,,,Villa,Bon état,36.40108,10.61457,1.0,2,,1.0,,,,,,,,,,,,Nord,,,,,,,
https://www.mubawab.tn/fr/a/8128593/villa-a-vec-piscine-pour-vacance,Villa a vec piscine pour vacance,Kélibia,5 000 TND,500,4,3,1,5,1.0,1.0,1.0,1.0,1.0,1.0,1.0,1.0,1.0,1.0,Maison,Nouveau,36.978487886944066,11.077509984580644,,,,1.0,,1.0,,120 m²,,1.0,,,1.0,,,,1.0,,,,,,
https://www.mubawab.tn/fr/a/8120728/villa-de-250m2-avec-piscine-%C3%A0-yasmine-hammamet,Villa de 250m2 avec piscine à Yasmine Hammamet,Yasmine Hammamet à Hammamet,4 600 TND par semaine,250,6,5,,7,,1.0,,1.0,1.0,1.0,1.0,1.0,1.0,1.0,Maison,Bon état,36.40108,10.61457,1.0,3,1.0,,,1.0,,,1.0,,,,,,,,,,,1.0,,,
https://www.mubawab.tn/fr/a/8128262/magnifique-villa-%C3%A0-louer-pour-vos-vacances-%C3%A0-hammamet-sud-surface-de-200-m%C2%B2-antenne-parabolique-et-porte-blind%C3%A9e,Magnifique villa à louer pour vos vacances à Hammamet Sud. Surface de 200 m². Antenne parabolique et Porte blindée,Hammamet Sud à Hammamet,500 TND par jour,200,,3,1,2,1.0,1.0,1.0,1.0,1.0,1.0,1.0,1.0,1.0,1.0,Villa,Nouveau,36.40994359644313,10.563906065778694,,,1.0,,1.0,1.0,,150 m²,1.0,1.0,,1,1.0,1.0,,Sud,,,,,,,
https://www.mubawab.tn/fr/a/7876963/villa-avec-piscine-privee-a-deux-pas-de-la-plage,Villa avec piscine privee a deux pas de la plage,Djerba à Djerba,3 900 TND par semaine,180,4,3,,3,1.0,1.0,,1.0,1.0,1.0,1.0,1.0,1.0,1.0,Villa,Bon état,33.8075978,10.8451467,,3,1.0,,,1.0,1.0,750 m²,,1.0,,,,1.0,,,,,,,,,
https://www.mubawab.tn/fr/a/8021758/villa-avec-piscine-priv%C3%A9e-vue-de-mer,Villa avec Piscine Privée vue de mer,Djerba à Djerba,5 200 TND,800,5,4,,6,1.0,1.0,1.0,1.0,1.0,1.0,1.0,1.0,1.0,1.0,Villa,Bon état,33.8075978,10.8451467,,2,1.0,,1.0,,1.0,,,,,,1.0,1.0,,,,,,,Carrelage,,
https://www.mubawab.tn/fr/a/7934128/grande-villa-avec-piscine-lumineuse-djerba,Grande villa avec piscine lumineuse Djerba,Djerba à Djerba,4 500 TND par semaine,1100,6,5,,3,1.0,1.0,1.0,1.0,1.0,1.0,1.0,1.0,1.0,1.0,Villa,Bon état,33.8075978,10.8451467,,4,1.0,1.0,1.0,1.0,,,,1.0,,,1.0,1.0,1.0,,,,,,Parquet,,
https://www.mubawab.tn/fr/a/7934944/magnifique-villa-avec-piscine-%C3%A0-djerba,Magnifique villa avec piscine à Djerba,Djerba à Djerba,3 600 TND par semaine,170,4,3,,7,1.0,1.0,,1.0,1.0,1.0,1.0,1.0,1.0,1.0,Villa,Nouveau,33.8075978,10.8451467,,3,,,1.0,1.0,1.0,,,1.0,,,1.0,1.0,1.0,,,,,,Carrelage,,
https://www.mubawab.tn/fr/a/8110373/villa-de-luxe-avec-piscine-et-vue-mer,Villa de Luxe avec Piscine et Vue Mer,Djerba à Djerba,4 500 TND par semaine,180,4,3,,7,1.0,1.0,1.0,1.0,1.0,1.0,1.0,1.0,1.0,1.0,Villa,Nouveau,33.8075978,10.8451467,,3,1.0,,1.0,1.0,1.0,800 m²,,1.0,,2,1.0,1.0,,,,,1.0,,,,
https://www.mubawab.tn/fr/a/8127743/vacances-villa-caliente-s3,Vacances Villa Caliente S3,Hammamet Sud à Hammamet,6 500 TND par semaine,300,4,3,,7,1.0,1.0,,1.0,1.0,1.0,1.0,1.0,1.0,1.0,Villa,Nouveau,36.40108,10.61457,1.0,3,1.0,1.0,,1.0,1.0,250 m²,,,,,1.0,1.0,1.0,,,,,,,,
https://www.mubawab.tn/fr/a/8127695/villa-haute-standing-pous-la-location-saisonniere,Villa haute standing pous la location saisonniere,Houmt Souk à Houmt Souk,Prix à consulter,,5,4,,5,1.0,1.0,,1.0,1.0,1.0,1.0,1.0,1.0,1.0,Villa,Nouveau,33.866667,10.85,,3,1.0,1.0,1.0,1.0,1.0,1 m²,,1.0,,2,1.0,1.0,1.0,,,,,,,,
https://www.mubawab.tn/fr/a/8127224/maison-avec-piscine-%C3%A0-kelibia-la-blanche,Maison avec piscine à Kelibia la blanche,Kélibia,6 000 TND par semaine,300,3,3,,7,1.0,1.0,,1.0,1.0,1.0,1.0,1.0,1.0,1.0,Villa,Nouveau,36.8493,11.0918,,2,,,,,,500 m²,,,,,,,,,,,,,,,
https://www.mubawab.tn/fr/a/8127219/villa-s4-%C3%A0-mansourah-kelibia,Villa S4 à Mansourah Kelibia,Kélibia,4 500 TND par semaine,300,4,4,,7,1.0,1.0,,,1.0,1.0,1.0,1.0,1.0,1.0,Villa,Nouveau,36.8493,11.0918,,3,,,,,,200 m²,,,,,,,,,,,,,,,
https://www.mubawab.tn/fr/a/8127216/maison-s2-%C3%A0-kelibia-la-blanche,Maison S2 à Kelibia La Blanche,Kélibia,2 500 TND par semaine,200,2,2,1,7,1.0,1.0,,,1.0,1.0,1.0,1.0,1.0,1.0,Maison,Nouveau,36.8493,11.0918,,,,,,,,100 m²,,,,,,,,,,,,,,,
https://www.mubawab.tn/fr/a/8127203/duplex-s3-pieds-dans-l-eau-plage-ezzahra-kelibia,Duplex s3 pieds dans l'eau plage Ezzahra Kelibia,Hammam El Ghezaz,3 600 TND par semaine,200,3,3,,7,1.0,1.0,1.0,,1.0,1.0,1.0,1.0,1.0,1.0,Villa,Nouveau,36.930637,11.048549,,2,,,,,,265 m²,,,,,,,,,,,,,,,
https://www.mubawab.tn/fr/a/8126948/bungalow-s2-%C3%A0-mimosas-hammamet,Bungalow S2 à Mimosas Hammamet,Hammamet à Hammamet,15 500 TND,180,2,3,1,1,,1.0,,,1.0,1.0,,,,,Maison,Nouveau,36.40108,10.61457,1.0,,,,,,,,,,,,,,,,,,,,,,
https://www.mubawab.tn/fr/a/8126549/etage-de-villa-sur-la-plage,Etage de villa sur la plage,Hammam El Ghezaz,180 TND par jour,250,4,3,1,1,1.0,1.0,1.0,,1.0,1.0,1.0,1.0,1.0,1.0,Maison,Bon état,36.977278182858896,11.075929260253904,,,1.0,,,,,30 m²,1.0,1.0,1.0,1,1.0,1.0,,Nord,1.0,,,1.0,Carrelage,,
https://www.mubawab.tn/fr/a/8118643/location-luxueuse-villa-hammamet-pied-dans-l-eau,Location luxueuse villa hammamet pied dans l'eau,Hammamet Nord à Hammamet,Prix à consulter,3000,7,5,,7,1.0,1.0,1.0,1.0,1.0,1.0,1.0,1.0,1.0,1.0,Villa,Bon état,36.41455339605754,10.664181362250368,1.0,6,1.0,1.0,1.0,1.0,1.0,,,1.0,,2,1.0,1.0,1.0,,,,,,,,
https://www.mubawab.tn/fr/a/7424008/location-vacance-superbe-villa-avec-piscine-djerba,Location vacance superbe villa avec piscine Djerba,Djerba à Djerba,Prix à consulter,120,5,3,,7,1.0,1.0,,1.0,1.0,1.0,1.0,1.0,1.0,1.0,Maison,Nouveau,33.79842137258885,11.029164978027417,,2,,,,,,,,,,,1.0,,,,,,,,,,
https://www.mubawab.tn/fr/a/7931859/magnifique-s4-avec-piscine-pour-vos-vacances,Magnifique s4 avec piscine pour vos vacances,Djerba à Djerba,Prix à consulter,150,6,4,,7,1.0,1.0,,1.0,1.0,1.0,1.0,1.0,1.0,1.0,Villa,Nouveau,33.8075978,10.8451467,,2,1.0,,,,,,,,,,1.0,,,,,,,,,,
https://www.mubawab.tn/fr/a/7916696/location-vacances-proximit%C3%A9-plage,Location vacances proximité plage,Midoun zone touristique,400 TND par jour,120,3,2,,7,1.0,1.0,,1.0,1.0,1.0,1.0,1.0,1.0,1.0,Maison,Nouveau,33.8115848,10.987461,,2,1.0,,1.0,1.0,1.0,500 m²,,1.0,,,1.0,,1.0,Est,,,,1.0,Marbre,,
https://www.mubawab.tn/fr/a/7906338/location-vacances-4-chambres-piscine-%C3%A0-djerba,Location vacances 4 chambres piscine à Djerba,Midoun zone touristique,750 TND par jour,250,5,4,,7,1.0,1.0,1.0,1.0,1.0,1.0,1.0,1.0,1.0,1.0,Villa,Nouveau,33.807597799999996,10.8451467,1.0,3,1.0,1.0,1.0,1.0,1.0,600 m²,1.0,1.0,,2,1.0,1.0,1.0,Est,,,1.0,,Marbre,,
https://www.mubawab.tn/fr/a/8032714/location-dar-el-ward-%C3%A0-yasmine-hammamet,Location Dar El Ward à Yasmine Hammamet,Yasmine Hammamet à Hammamet,7 500 TND par semaine,354,5,4,,7,1.0,1.0,,1.0,1.0,1.0,1.0,1.0,1.0,1.0,Villa,Nouveau,36.40108,10.61457,1.0,3,,1.0,1.0,1.0,1.0,,,,,,,1.0,1.0,Sud,,,,,Marbre,,
https://www.mubawab.tn/fr/a/8126123/villa-pieds-dans-l-eau-plage-hammem-ghzez,VILLA Pieds dans l'eau plage Hammem ghzez,Hammam El Ghezaz,4 000 TND par semaine,300,3,3,,7,,1.0,1.0,,1.0,1.0,1.0,1.0,1.0,1.0,Villa,Nouveau,36.930637,11.048549,,2,,,,,,350 m²,,,,,,,,,,,,,,,
https://www.mubawab.tn/fr/a/8126113/rez-de-chauss%C3%A9-1er-position-%C3%A0-kelibia-la-blanche,Rez de chaussé 1er position à Kelibia la blanche,Kélibia,3 500 TND par semaine,150,2,2,1,7,,1.0,1.0,,1.0,1.0,1.0,1.0,1.0,1.0,Maison,Nouveau,36.8493,11.0918,,,,,,,,100 m²,,,,,,,,,,,,,,,
https://www.mubawab.tn/fr/a/7885489/la-superbe-villa-%C3%A0-k%C3%A9libia-la-blanche,La superbe villa à Kélibia la Blanche,Kélibia,8 500 TND,800,5,4,,7,1.0,1.0,1.0,1.0,1.0,1.0,1.0,1.0,1.0,1.0,Villa,Bon état,36.8493,11.0918,,4,1.0,1.0,1.0,1.0,1.0,,,1.0,1.0,2,1.0,1.0,1.0,Nord,1.0,,,,Marbre,,
https://www.mubawab.tn/fr/a/8125984/villa-s3-pieds-dans-l-eau-plage-hammem-ghzeez,Villa S3 Pieds dans l'eau plage Hammem ghzeez,Hammam El Ghezaz,4 500 TND par semaine,200,3,3,,7,1.0,1.0,1.0,,1.0,1.0,1.0,1.0,1.0,1.0,Villa,Nouveau,36.930637,11.048549,,2,,,,,,250 m²,,,,,,,,,,,,,,,
https://www.mubawab.tn/fr/a/8125735/duplex-meubl%C3%A9-avec-un-petit-jardin,Duplex meublé avec un petit jardin,Cité El Wafa à Nabeul,Prix à consulter,100,4,3,,3,1.0,1.0,,,1.0,1.0,1.0,1.0,1.0,1.0,Maison,Bon état,36.45056,10.73505,1.0,2,1.0,,1.0,,,95 m²,,1.0,,1,1.0,1.0,1.0,,1.0,,1.0,,Carrelage,,
https://www.mubawab.tn/fr/a/8125501/villa-s4-avec-piscine-a-plage-ain-grinz-kelibia,Villa S4 avec piscine a plage Ain GRINZ Kelibia,Kélibia,11 000 TND par semaine,1000,4,4,1,7,1.0,1.0,,1.0,1.0,1.0,1.0,1.0,1.0,,Villa,Nouveau,36.8493,11.0918,,,1.0,,,,,,,,,,,,,,,,,,,,
https://www.mubawab.tn/fr/a/8125482/maison-s2-pieds-dans-l%E2%80%99eau-plage-fatha-kelibia,Maison S2 pieds dans l’eau plage Fatha Kelibia,Kélibia,3 300 TND par semaine,200,2,2,1,7,,,1.0,,1.0,1.0,1.0,1.0,1.0,1.0,Maison,Nouveau,36.8493,11.0918,,,,,,,,200 m²,,,,,,,,,,,,,,,
https://www.mubawab.tn/fr/a/8125468/villa-s5-avec-piscine-%C3%A0-beni-khiar,Villa S5 avec piscine à beni khiar,Beni Khiar à Beni Khiar,8 500 TND par semaine,1000,5,5,,7,1.0,1.0,1.0,1.0,1.0,1.0,1.0,1.0,1.0,1.0,Villa,Nouveau,36.47,10.78,,4,,,,,,500 m²,,,,,,,,,,,,,,,
https://www.mubawab.tn/fr/a/8125261/villa-s2-%C3%A0-louer-familiare,Villa s2 à louer familiare,Mahboubine à Midoun,70 TND par jour,80,4,2,1,2,1.0,1.0,,,1.0,1.0,1.0,1.0,1.0,1.0,Maison,Nouveau,33.79562037136519,10.965569614760906,,,,,1.0,1.0,1.0,500 m²,,1.0,,1,1.0,1.0,1.0,Nord,,,1.0,,Carrelage,,
https://www.mubawab.tn/fr/a/8125070/maison-%C3%A0-louer-2-chambres-agr%C3%A9ables-meubl%C3%A9,Maison à louer. 2 chambres agréables. Meublé,Hammam El Ghezaz,2 000 TND,140,,2,1,7,,1.0,,,1.0,1.0,1.0,1.0,1.0,1.0,Maison,Bon état,36.90252494993548,11.104358818441177,,,1.0,,,,,100 m²,,,,1,,1.0,,,,,1.0,1.0,,,
https://www.mubawab.tn/fr/a/7900841/villa-s3-%C3%A0-petit-paris-kelibia,Villa S3 à petit paris Kelibia,Kélibia,3 000 TND par semaine,200,3,3,1,7,1.0,,,,1.0,1.0,1.0,1.0,1.0,1.0,Maison,Nouveau,36.8493,11.0918,,,,,,,,,,,,,,1.0,,,,,,,,,
https://www.mubawab.tn/fr/a/7890577/villa-en-s3-avec-piscine,Villa en s3 avec piscine,Hammamet Nord à Hammamet,Prix à consulter,120,4,3,,4,1.0,1.0,,1.0,1.0,1.0,1.0,1.0,1.0,1.0,Villa,Nouveau,36.40108,10.61457,,3,,,,,,,,,,,,,,,,,,,,,
https://www.mubawab.tn/fr/a/8124518/location-vacance-dar-allouch-200m-de-la-plage,Location vacance dar allouch 200m de la plage,Kélibia,15 000 TND,1000,5,4,,6,1.0,1.0,1.0,1.0,1.0,1.0,1.0,1.0,1.0,1.0,Villa,Nouveau,36.95894799915622,11.091800010483091,,3,1.0,1.0,,1.0,1.0,400 m²,,1.0,1.0,,1.0,,,,1.0,,,,,,
https://www.mubawab.tn/fr/a/8124139/a-louer-belle-villa-avec-piscine-%C3%A0-ras-jebel,A Louer belle villa avec piscine à Ras Jebel,Ras Jebel,Prix à consulter,180,4,3,,3,1.0,1.0,,1.0,1.0,1.0,1.0,,1.0,1.0,Villa,Bon état,37.1303,9.7506777,,2,,,,,,,,,,,,,,,,,,,,,
https://www.mubawab.tn/fr/a/8123873/location-vacance-avec-un-piscine-villa-et-studio,Location vacance avec un piscine villa et studio,Kélibia,6 000 TND,1100,6,4,,5,1.0,1.0,1.0,1.0,,1.0,1.0,1.0,1.0,1.0,Villa,Nouveau,36.96004586424539,11.084654997531866,,3,,,,,,255 m²,,,,,,,,,1.0,,,,,,
https://www.mubawab.tn/fr/a/7403515/villa-avec-piscine-%C3%A0-djerba,Villa avec piscine à Djerba,Djerba à Djerba,750 TND par jour,170,3,3,,3,1.0,1.0,,1.0,1.0,1.0,1.0,1.0,1.0,1.0,Maison,Bon état,33.8075978,10.8451467,,2,,1.0,1.0,1.0,1.0,,,,,,1.0,,,,,,,,,,
https://www.mubawab.tn/fr/a/7953678/%C3%A9l%C3%A9gante-villa-en-bord-de-la-mer-avec-piscine,Élégante villa en bord de la mer avec piscine,Raf Raf,650 TND par jour,320,2,3,,2,1.0,1.0,1.0,1.0,1.0,1.0,1.0,,1.0,1.0,Villa,Bon état,37.1303,9.7506777,,2,1.0,,1.0,1.0,1.0,,,1.0,1.0,,,,,Nord,1.0,,,1.0,Marbre,,
https://www.mubawab.tn/fr/a/8109923/vacances-villa-aliz%C3%A9-s4,Vacances Villa Alizé S4,Hammamet à Hammamet,7 000 TND par semaine,300,6,4,,7,1.0,1.0,,1.0,1.0,1.0,1.0,1.0,1.0,1.0,Villa,Bon état,36.40108,10.61457,1.0,4,1.0,1.0,,1.0,,525 m²,,,,1,1.0,,,,,,,,,,
https://www.mubawab.tn/fr/a/8123074/%C3%A0-louer-maison-ind%C3%A9pendante-avec-acc%C3%A8s-direct-%C3%A0-la-plage,À louer Maison Indépendante avec Accès Direct à la Plage,El Kantaoui à Hammam Sousse,Prix à consulter,130,3,2,1,3,1.0,1.0,1.0,,1.0,1.0,1.0,,,,Maison,Bon état,35.8569,10.5972,,,,,,,,,,,,,,,,Est,,,1.0,,,,
https://www.mubawab.tn/fr/a/7913070/location-vacance-ezzahra-3-eme-position-a-la-plage,Location vacance ezzahra 3 eme position a la plage,Kélibia,1 500 TND par semaine,300,3,2,1,3,1.0,1.0,1.0,,,,,,,,Maison,Nouveau,36.97881788525251,11.066985396615415,,,,,,,,,,,,,,,,,,,,,,,
https://www.mubawab.tn/fr/a/8123037/location-vacance-%C3%A0-dar-allouch,Location vacance à dar allouch,Kélibia,180 TND,120,3,2,1,3,1.0,1.0,1.0,,,1.0,1.0,1.0,1.0,1.0,Maison,Nouveau,36.964437245878614,11.074487090857131,,,1.0,,,1.0,,100 m²,,,,,,,,,,,,,,,
https://www.mubawab.tn/fr/a/8123024/location-vacance-dar-allouch-70m-de-la-plage,Location vacance dar allouch 70m de la plage,Kélibia,180 TND par jour,120,3,2,1,3,1.0,1.0,1.0,,1.0,1.0,1.0,1.0,1.0,1.0,Maison,Nouveau,36.959606731416955,11.082456536040372,1.0,,1.0,1.0,,1.0,,200 m²,,,,1,,,,,1.0,,,,,,
https://www.mubawab.tn/fr/a/7727448/vacances-villa-la-calma-s4,Vacances villa la calma S4,Sidi El Mahrsi à Nabeul,7 000 TND par semaine,350,5,4,,7,1.0,1.0,,1.0,1.0,1.0,1.0,1.0,1.0,1.0,Villa,Nouveau,36.45056,10.73505,1.0,2,1.0,1.0,,1.0,,,,,,,1.0,,,,,,,,,,
https://www.mubawab.tn/fr/a/8122726/vacances-villa-bellagio-s4,Vacances Villa Bellagio S4,Hammamet à Hammamet,8 000 TND,260,5,4,,2,1.0,1.0,,1.0,1.0,1.0,1.0,1.0,1.0,1.0,Villa,Nouveau,36.40108,10.61457,1.0,4,1.0,1.0,,1.0,,360 m²,,,,1,1.0,,,,,,,,,,
https://www.mubawab.tn/fr/a/8122080/a-louer-villa-avec-piscine-%C3%A0-sounine-bizerte,A Louer villa avec piscine à Sounine Bizerte,Ras Jebel,111 TND,250,4,3,,3,1.0,1.0,1.0,1.0,1.0,1.0,1.0,1.0,1.0,1.0,Villa,Bon état,37.1303,9.7506777,,3,,,,,,,,,1.0,,,,,,1.0,,,,,,
https://www.mubawab.tn/fr/a/8122194/location-vacance-maison-luxe-pieds-dans-l-eau,Location vacance maison luxe pieds dans l eau,Kélibia,2 500 TND par semaine,200,2,2,,6,1.0,1.0,1.0,,1.0,1.0,1.0,1.0,1.0,1.0,Maison,Nouveau,36.8493,11.0918,,2,1.0,1.0,1.0,,,,1.0,1.0,,1,1.0,1.0,1.0,Nord,1.0,,1.0,,,,
https://www.mubawab.tn/fr/a/7873076/villa-pied-dans-l-eau-%C3%A0-ras-jebel-bizerte,"Villa pied dans l'eau à Ras Jebel, Bizerte",Ras Jebel,Prix à consulter,400,5,4,1,3,,1.0,1.0,1.0,1.0,1.0,1.0,,1.0,,Villa,Nouveau,37.1303,9.7506777,,,,1.0,,,,,,,1.0,,,,,,,,,,,,
https://www.mubawab.tn/fr/a/7906149/villa-de-charme-%C3%A0-ras-jebel-bizerte,"Villa de charme à Ras Jebel, Bizerte",Ras Jebel,Prix à consulter,500,6,3,,3,1.0,1.0,1.0,1.0,1.0,1.0,1.0,,1.0,,Villa,Bon état,37.1303,9.7506777,,3,,,,1.0,,,,,,,,,,,,,,,,,
https://www.mubawab.tn/fr/a/8114421/a-louer-villa-s3-avec-piscine-%C3%A0-mrezga-nabeul,"A louer Villa S3 avec piscine à Mrezga, Nabeul",Nabeul à Nabeul,10 TND,200,4,3,,1,1.0,1.0,,1.0,1.0,,1.0,1.0,1.0,1.0,Villa,Bon état,36.45056,10.73505,1.0,3,,1.0,1.0,1.0,,,,1.0,1.0,1,1.0,1.0,1.0,,,,,,,,
https://www.mubawab.tn/fr/a/8121762/dar-maya-salakta,Dar Maya Salakta,Ksour Essef,1 200 TND par semaine,150,2,2,1,3,,1.0,,,1.0,1.0,1.0,,1.0,1.0,Maison,Nouveau,35.4318788,10.8357057,1.0,,1.0,1.0,1.0,,1.0,180 m²,,,,,,1.0,1.0,Nord,,,1.0,,Carrelage,,
https://www.mubawab.tn/fr/a/7920245/vacances-villa-elena-s6,Vacances villa Elena S6,Hammamet Nord à Hammamet,5 500 TND par semaine,400,8,7,,7,1.0,1.0,,1.0,1.0,1.0,1.0,1.0,1.0,1.0,Villa,Nouveau,36.40108,10.61457,1.0,3,1.0,,,1.0,,,,,,,,,,,,,,,,,
https://www.mubawab.tn/fr/a/8120682/location-villa-lila-%C3%A0-hammamet,Location Villa Lila à Hammamet,Hammamet Nord à Hammamet,6 500 TND par semaine,270,5,4,,7,1.0,1.0,,1.0,1.0,1.0,1.0,1.0,1.0,1.0,Villa,Bon état,36.40108,10.61457,1.0,2,1.0,1.0,1.0,1.0,,600 m²,,,,1,1.0,1.0,,Nord,,,1.0,1.0,,,
https://www.mubawab.tn/fr/a/8091474/villa-avec-piscine-%C3%A0-louer-%C3%A0-yasmine-hammamet,Villa avec piscine à louer à Yasmine Hammamet,Yasmine Hammamet à Hammamet,Prix à consulter,350,8,4,,4,1.0,1.0,,1.0,1.0,1.0,1.0,1.0,1.0,1.0,Villa,Nouveau,36.38077164428161,10.542592004803222,1.0,3,1.0,1.0,1.0,1.0,1.0,500 m²,1.0,1.0,,3,1.0,1.0,1.0,Est,,,1.0,,Carrelage,,
https://www.mubawab.tn/fr/a/8120061/villa-s3-au-coeur-de-la-zone-toutistique,Villa s3 au coeur de la zone Toutistique,Djerba à Djerba,600 TND par jour,130,4,3,,2,,1.0,,1.0,1.0,1.0,1.0,1.0,1.0,1.0,Maison,Bon état,33.8075978,10.8451467,,2,1.0,1.0,,1.0,,400 m²,,,,1,,1.0,1.0,Est,,,,,Marbre,,
https://www.mubawab.tn/fr/a/7917821/appartement-s2-haut-standing-a-kelibia-la-blanche,Appartement S2 haut standing a Kelibia la blanche,Kélibia,2 900 TND,100,2,2,1,7,,1.0,1.0,,1.0,1.0,1.0,1.0,1.0,1.0,Maison,Nouveau,36.8493,11.0918,,,,,,,,,,,,,,,,,,,,,,,
https://www.mubawab.tn/fr/a/8119275/location-vacances,Location vacances,Kélibia,10 500 TND par semaine,400,8,4,1,7,1.0,1.0,1.0,1.0,1.0,1.0,1.0,1.0,1.0,1.0,Villa,Bon état,36.8493,11.0918,1.0,,1.0,1.0,1.0,1.0,1.0,200 m²,,1.0,,2,,,1.0,Ouest,,,,,Parquet,,
https://www.mubawab.tn/fr/a/7945437/magnifique-chalet-en-bois-%C3%A0-hariza-bizerte,Magnifique chalet en bois à Hariza Bizerte,El Alia,700 TND par jour,600,4,3,,2,1.0,,,1.0,1.0,1.0,1.0,1.0,1.0,1.0,Villa,Nouveau,37.1303,9.7506777,,2,1.0,,,1.0,,,1.0,,,,,1.0,,,1.0,,,1.0,,,
https://www.mubawab.tn/fr/a/8118834/location-vacances-villa-s3-avec-jardin-au-deux-ou,Location Vacances Villa S3 avec jardin au Deux ou,Les Deux Oueds à Nabeul,18 500 TND,350,3,3,1,1,1.0,,,,,,,,,,Maison,Nouveau,36.45056,10.73505,,,,,,,,,,,,,,,,,,,,,,,
https://www.mubawab.tn/fr/a/8117074/un-studio-s0,Un studio S0,Ain Zaghouan Nord à La Marsa,1 800 TND,40,,,1,30,1.0,1.0,,1.0,1.0,1.0,1.0,1.0,1.0,1.0,Maison,Bon état,36.86238590000001,10.2835035,1.0,,1.0,1.0,1.0,1.0,1.0,,,,1.0,,,,1.0,,,1,,,,1,
https://www.mubawab.tn/fr/a/8117082/maison-traditionnelle-%C3%A0-chatt-mariem,Maison Traditionnelle à Chatt Mariem,Chott Meriem à Akouda,Prix à consulter,150,2,,1,1,1.0,,1.0,,,,,,1.0,,Maison,Bon état,35.87,10.57,1.0,,1.0,,1.0,1.0,1.0,,,,,,,1.0,1.0,Ouest,,,1.0,1.0,,1,
https://www.mubawab.tn/fr/a/8094459/dar-temna-5-suites,Dar temna 5 suites,Djerba à Djerba,300 TND par jour,280,13,5,,2,1.0,1.0,1.0,1.0,,1.0,1.0,1.0,1.0,1.0,Villa,Nouveau,33.8075978,10.8451467,,5,,1.0,1.0,1.0,1.0,680 m²,,,1.0,1,1.0,1.0,1.0,Nord,,,1.0,1.0,Marbre,,
https://www.mubawab.tn/fr/a/8116656/a-louer-villa-meubl%C3%A9e-%C3%A0-ras-jebel-bizerte,A Louer villa Meublée à Ras Jebel Bizerte,Ras Jebel,111 TND par jour,500,5,4,,4,1.0,1.0,1.0,1.0,1.0,1.0,1.0,1.0,1.0,1.0,Villa,Bon état,37.1303,9.7506777,1.0,3,,,,,,,,,1.0,,,,,,1.0,,,,,,
https://www.mubawab.tn/fr/a/8012404/a-louer-rez-de-chauss%C3%A9e-de-villa-%C3%A0-sidi-salem,A Louer Rez De Chaussée De Villa à Sidi Salem,Sidi Salem à Bizerte Nord,150 TND par jour,200,4,3,1,2,1.0,1.0,,,1.0,,1.0,1.0,1.0,1.0,Maison,Bon état,37.272,9.8708,,,,,,,,,,,,,,,,,,,,,,,
https://www.mubawab.tn/fr/a/8111832/%C3%A0-louer-villa-en-s3-avec-jardin-aux-mimosashammame,À louer Villa en S3 avec Jardin aux MimosasHammame,Hammamet à Hammamet,24 000 TND,300,3,7,1,1,1.0,,,,,,,,,,Villa,Nouveau,36.40108,10.61457,,,,,,,,,,,,,,,,,,,,,,,
https://www.mubawab.tn/fr/a/8115142/location-vacances-villa-en-s5-avec-piscine-%C3%A0-hamma,Location Vacances Villa en S5 avec piscine à Hamma,Hammamet à Hammamet,1 200 TND,500,5,5,1,1,1.0,,,1.0,1.0,,,,,,Maison,Nouveau,36.40108,10.61457,1.0,,,,,,,,,,,,,,,,,,,,,,
https://www.mubawab.tn/fr/a/8004325/villa-coralia,Villa coralia,Djerba à Djerba,325 800 TND,165,,3,,,1.0,,,1.0,,,,,,,Villa,Nouveau,33.8075978,10.8451467,,2,,,,,,,,,,,,,,Ouest,,,,,,,
https://www.mubawab.tn/fr/a/8108730/location-estivale-villas3-pieds-dans-l-eau-%C3%A0-maamoura,Location Estivale villaS3 pieds dans l'eau à maamoura,Nabeul à Nabeul,6 500 TND par semaine,1200,3,3,1,1,1.0,,,,1.0,,,1.0,,,Maison,Nouveau,36.45056,10.73505,,,,,,,,,,,,,,,,,,,,,,,
https://www.mubawab.tn/fr/a/7896476/location-vacances-s1-avec-piscine-%C3%A0-cit%C3%A9-el-wafa,Location Vacances: S1 avec piscine à Cité el Wafa,Cité El Wafa à Nabeul,175 TND par jour,60,,,1,1,,1.0,,1.0,1.0,1.0,1.0,1.0,1.0,1.0,Maison,Nouveau,36.45056,10.73505,,,1.0,1.0,,,,,1.0,,,,1.0,1.0,,,,1,,,,1,1.0
https://www.mubawab.tn/fr/a/7902244/location-vacances-villa-s4-%C3%A0-sidi-mahersi,Location vacances Villa S4 à Sidi Mahersi,Sidi El Mahrsi à Nabeul,15 500 TND,300,4,4,1,1,1.0,1.0,,,1.0,1.0,1.0,1.0,1.0,1.0,Maison,Nouveau,36.45056,10.73505,1.0,,,,,1.0,,,,,,,,1.0,,,,,,,,,
https://www.mubawab.tn/fr/a/8111826/location-vacances-bungalow-en-s2-%C3%A0-les-deux-oueds,Location vacances Bungalow en S2 à Les Deux Oueds,Nabeul à Nabeul,11 000 TND,180,2,2,1,1,,1.0,,,1.0,,,,,,Maison,Nouveau,36.45056,10.73505,,,,,,,,,,,,,,,,,,,,,,,
https://www.mubawab.tn/fr/a/7896423/location-vacance-villa-avec-piscine-%C3%A0-cit%C3%A9-el-wafanabeul,Location Vacance Villa avec piscine à Cité el wafaNabeul,Cité El Wafa à Nabeul,600 TND par jour,370,3,3,1,1,,1.0,,1.0,1.0,1.0,1.0,1.0,1.0,1.0,Maison,Nouveau,36.45056,10.73505,1.0,,,1.0,,1.0,1.0,,,,,,1.0,,,,,,,,,,
https://www.mubawab.tn/fr/a/8114745/vacances-villa-des-cieux-s3,Vacances Villa des Cieux S3,Hammamet Nord à Hammamet,5 300 TND,220,5,4,,2,1.0,1.0,1.0,1.0,1.0,1.0,1.0,1.0,1.0,1.0,Villa,Nouveau,36.40108,10.61457,1.0,3,1.0,1.0,,1.0,,300 m²,,,,3,1.0,,,,,,,,,,
https://www.mubawab.tn/fr/a/8010958/vacances-villa-najmdin-s4,Vacances Villa Najmdin S4,Hammamet à Hammamet,5 900 TND,440,5,4,,6,1.0,1.0,,1.0,1.0,1.0,1.0,1.0,1.0,1.0,Villa,Nouveau,36.40108,10.61457,1.0,2,1.0,1.0,,1.0,,,,,,,,,,,,,,,,,
https://www.mubawab.tn/fr/a/8112949/location-villa-ahmed-%C3%A0-yasmine-hammamet,Location Villa ahmed à Yasmine Hammamet,Yasmine Hammamet à Hammamet,7 000 TND par semaine,270,5,4,,7,1.0,1.0,,1.0,1.0,1.0,1.0,1.0,1.0,1.0,Villa,Bon état,36.40108,10.61457,,3,,1.0,,,,600 m²,,,,1,,,,Sud,,,,,Marbre,,
https://www.mubawab.tn/fr/a/7982408/vacances-villa-manon-s4,Vacances villa Manon S4,Les Deux Oueds à Nabeul,7 990 TND par semaine,600,5,4,1,6,1.0,1.0,,,1.0,1.0,1.0,1.0,1.0,1.0,Villa,Nouveau,36.45056,10.73505,1.0,,1.0,1.0,,1.0,,,,,,,,1.0,1.0,,,,,,,,
https://www.mubawab.tn/fr/a/8112928/location-villa-wouroud-%C3%A0-hammamet,Location Villa wouroud à Hammamet,Hammamet Nord à Hammamet,6 500 TND par semaine,250,6,5,,7,1.0,1.0,,1.0,1.0,1.0,1.0,1.0,1.0,1.0,Villa,Bon état,36.40108,10.61457,,3,,1.0,,1.0,,280 m²,,,,2,,,,Nord,,,,,Marbre,,
https://www.mubawab.tn/fr/a/8112926/location-villa-nouri-%C3%A0-yasmine-hammamet,Location Villa Nouri à Yasmine Hammamet,Yasmine Hammamet à Hammamet,6 500 TND par semaine,350,5,4,,7,1.0,1.0,,1.0,1.0,1.0,1.0,1.0,1.0,1.0,Villa,Bon état,36.40108,10.61457,,3,1.0,,,,,220 m²,,,,1,,,,Sud,,,,,,,
https://www.mubawab.tn/fr/a/8112316/villa-de-250m%C2%B2-sur-un-terrain-de-890m%C2%B2-%C3%A0-hammamet,Villa de 250m² sur un terrain de 890m² à hammamet,Hammamet Sud à Hammamet,2 200 TND par semaine,250,4,3,1,7,1.0,1.0,,1.0,1.0,1.0,1.0,1.0,1.0,1.0,Villa,Bon état,36.40108,10.61457,1.0,,1.0,1.0,,,,890 m²,,,,,1.0,,,,,,,1.0,,,
https://www.mubawab.tn/fr/a/8112300/villa-meubl%C3%A9e-s4-%C3%A0-yasmine-hammamet,Villa meublée S4 à yasmine hammamet,Yasmine Hammamet à Hammamet,4 800 TND par semaine,240,5,4,,7,1.0,1.0,,1.0,1.0,1.0,1.0,1.0,1.0,1.0,Villa,Bon état,36.40108,10.61457,1.0,3,1.0,,,1.0,,350 m²,,,,2,1.0,,,,,,,,Marbre,,
https://www.mubawab.tn/fr/a/8022319/location-dar-el-bakht-yasmine-hammamet,Location Dar el Bakht Yasmine Hammamet,Yasmine Hammamet à Hammamet,7 500 TND par semaine,350,5,4,,7,1.0,1.0,,1.0,1.0,1.0,1.0,1.0,1.0,1.0,Villa,Bon état,36.40108,10.61457,1.0,3,,1.0,1.0,1.0,1.0,,,,1.0,,,1.0,1.0,Sud,,,,,Marbre,,
https://www.mubawab.tn/fr/a/7595250/vacances-villa-cristal-s3,Vacances villa cristal S3,Hammamet Nord à Hammamet,5 700 TND par semaine,290,5,3,,7,1.0,1.0,,1.0,1.0,1.0,1.0,1.0,1.0,1.0,Villa,Nouveau,36.40108,10.61457,1.0,2,1.0,1.0,,1.0,,,1.0,,,,1.0,1.0,,Nord,,,,,,,
https://www.mubawab.tn/fr/a/8111529/dar-louzir-maison-de-vacances-%C3%A0-tazarka,Dar louzir maison de vacances à Tazarka,Tazarka,800 TND par jour,300,,3,,3,1.0,1.0,,1.0,1.0,1.0,1.0,1.0,1.0,1.0,Villa,Bon état,36.55,10.833333,,3,1.0,,,1.0,1.0,1000 m²,1.0,1.0,1.0,1,1.0,,,Sud,,1,,1.0,Carrelage,,
https://www.mubawab.tn/fr/a/8111492/vacances-villa-zayna-s2,Vacances Villa Zayna S2,Hammamet Sud à Hammamet,5 700 TND par semaine,150,3,2,,3,1.0,1.0,,1.0,1.0,1.0,1.0,1.0,1.0,1.0,Villa,Bon état,36.40108,10.61457,1.0,2,1.0,,,1.0,,150 m²,,,,,1.0,,,,,,,,,,
https://www.mubawab.tn/fr/a/8111383/vacances-villa-bella-vista-s4,Vacances Villa Bella Vista S4,Hammamet Nord à Hammamet,7 000 TND par semaine,250,5,4,,3,1.0,1.0,,1.0,1.0,1.0,1.0,1.0,1.0,1.0,Villa,Nouveau,36.40108,10.61457,1.0,4,,1.0,,1.0,1.0,280 m²,,1.0,,1,1.0,,,,,,,,,,
https://www.mubawab.tn/fr/a/7861006/villa-royale-pieds-dans-l-eau-%C3%A0-kelibia,Villa royale pieds dans l'eau à kelibia,Kélibia,8 200 TND,500,7,6,,7,1.0,,1.0,1.0,1.0,1.0,1.0,1.0,1.0,1.0,Villa,Nouveau,36.8493,11.0918,,5,1.0,1.0,,,1.0,,,,,,1.0,,,,,,,,,,
https://www.mubawab.tn/fr/a/8109784/villa-meubl%C3%A9e-s4-avec-piscine-%C3%A0-mrezga,Villa meublée S4 avec piscine à Mrezga,Hammamet Nord à Hammamet,4 000 TND par semaine,220,4,3,,7,1.0,1.0,,1.0,1.0,1.0,1.0,1.0,1.0,1.0,Villa,Bon état,36.40108,10.61457,1.0,3,1.0,,,,,350 m²,,,,2,1.0,,,,,,1.0,,Marbre,,
https://www.mubawab.tn/fr/a/8108130/villa-meubl%C3%A9e-s5-%C3%A0-maamoura-plage,Villa meublée S5 à Maamoura plage,Nabeul à Nabeul,10 TND,1000,6,5,,7,1.0,1.0,1.0,1.0,1.0,1.0,1.0,1.0,1.0,1.0,Villa,Bon état,36.45056,10.73505,1.0,3,,1.0,1.0,,1.0,,,1.0,1.0,,1.0,,1.0,Nord,,,,,,,
https://www.mubawab.tn/fr/a/7919965/une-superbe-villa-avec-piscine-sans-vis-%C3%A0-vis,Une superbe villa avec piscine sans vis à vis,Djerba à Djerba,550 TND par jour,140,4,3,,7,1.0,1.0,,1.0,1.0,1.0,1.0,1.0,1.0,1.0,Villa,Bon état,33.8075978,10.8451467,,2,1.0,1.0,1.0,1.0,1.0,,,1.0,1.0,1,1.0,1.0,1.0,,,,,,,,
https://www.mubawab.tn/fr/a/8107445/location-saisonni%C3%A8re-villa-de-luxe-surface-de-700-m%C2%B2-antenne-parabolique-r%C3%A9sidence-s%C3%A9curis%C3%A9e,"Location saisonnière villa de luxe. Surface de 700 m². Antenne parabolique, résidence sécurisée",Aghir,Prix à consulter,700,,3,,4,1.0,1.0,,1.0,1.0,1.0,1.0,1.0,1.0,1.0,Villa,Nouveau,33.76691450601772,11.012402724043563,1.0,3,1.0,1.0,1.0,1.0,1.0,250 m²,,1.0,,1,1.0,1.0,,,,,,,Parquet,,
https://www.mubawab.tn/fr/a/8093184/location-saisoniere,Location saisoniere,Aghir à Midoun,Prix à consulter,250,3,,,4,1.0,1.0,,1.0,1.0,1.0,1.0,1.0,1.0,1.0,Villa,Nouveau,33.866667,10.85,1.0,2,1.0,1.0,1.0,1.0,1.0,700 m²,,1.0,,1,1.0,1.0,,Est,,,,,,1,
https://www.mubawab.tn/fr/a/8103949/villa-avec-vue-mer-%E2%80%93-calme-et-confort-garantis,Villa avec vue mer – Calme et confort garantis,Korba,500 TND par jour,500,6,4,,4,1.0,1.0,1.0,,1.0,1.0,,,1.0,,Villa,Bon état,36.5769,10.8582,,3,,1.0,,,1.0,,,,,,,,,,,,,,,,
https://www.mubawab.tn/fr/a/7927991/vacances-maison-cactus-2-s2-hammamet-centre,Vacances Maison Cactus 2 S2 Hammamet centre,Hammamet à Hammamet,2 000 TND,135,3,2,1,1,1.0,1.0,,,1.0,1.0,,,,,Maison,Bon état,36.40108,10.61457,1.0,,,,,,,,,,,,,,,,,,,,,,
https://www.mubawab.tn/fr/a/7757480/villa-meubl%C3%A9-avec-piscine-%C3%A0-la-corniche,Villa Meublé avec Piscine à La Corniche,Bizerte Le Corniche à Bizerte Nord,1 000 TND par jour,2460,10,7,,3,1.0,,1.0,1.0,1.0,,,,,,Villa,Bon état,37.272,9.8708,,8,,,,,,,,,,,,,,,,,,,,,
https://www.mubawab.tn/fr/a/8099396/villa-ibtissem,Villa Ibtissem,Midoune à Midoun,88 EUR par jour,180,,3,,3,1.0,1.0,,1.0,1.0,1.0,1.0,1.0,1.0,1.0,Villa,Nouveau,33.79429498454125,11.023367214555952,,3,1.0,1.0,1.0,1.0,1.0,,,1.0,,1,1.0,1.0,1.0,,,1,,1.0,,,
https://www.mubawab.tn/fr/a/7895285/rez-de-chauss%C3%A9-pdl-plage-hammem-ghzeez,Rez de chaussé PDL plage hammem ghzeez,Hammam El Ghezaz,3 000 TND par semaine,150,3,3,,7,1.0,1.0,1.0,,1.0,1.0,1.0,1.0,1.0,1.0,Villa,Nouveau,36.930637,11.048549,,2,,,,,,,,,,,,,,,,,,,,,
https://www.mubawab.tn/fr/a/8023527/villa-s4-pieds-dans-l-eau-%C3%A0-maamoura-nabeul,"Villa S4 pieds dans l'eau à Maamoura, Nabeul",El Maamoura,Prix à consulter,1000,4,3,,3,1.0,1.0,1.0,,1.0,1.0,1.0,1.0,1.0,,Villa,Nouveau,36.45669725879452,10.809044759324694,,2,1.0,1.0,1.0,,,,,,,,,1.0,1.0,,,,,,,,
https://www.mubawab.tn/fr/a/8096425/location-villa-piscine-djerba,Location villa piscine djerba,Midoune à Midoun,135 TND par jour,160,,3,,2,1.0,1.0,,1.0,1.0,1.0,1.0,1.0,1.0,1.0,Villa,Nouveau,33.8182675,11.0027267,,2,1.0,1.0,,1.0,1.0,600 m²,,1.0,,1,1.0,1.0,,Nord,,1,1.0,1.0,Carrelage,,
https://www.mubawab.tn/fr/a/8059314/villa-plain-pied-avec-piscine-priv%C3%A9-djarba,Villa Plain Pied avec Piscine Privé DJARBA,Djerba à Djerba,550 TND par jour,130,4,3,,3,1.0,,,1.0,1.0,1.0,1.0,1.0,1.0,1.0,Villa,Nouveau,33.8075978,10.8451467,,2,1.0,1.0,1.0,1.0,1.0,700 m²,,1.0,,1,1.0,,,,,,1.0,,Carrelage,,
https://www.mubawab.tn/fr/a/8059271/villa-de-r%C3%AAve-proche-de-la-plage-%C3%A0-lou%C3%A9e-%C3%A0-djerba,Villa de rêve proche de la plage à louée à DJERBA,Djerba à Djerba,1 250 TND par jour,180,5,3,,3,1.0,1.0,1.0,1.0,1.0,1.0,1.0,1.0,1.0,1.0,Villa,Nouveau,33.8075978,10.8451467,,4,1.0,1.0,1.0,1.0,1.0,600 m²,1.0,1.0,,2,1.0,1.0,1.0,,1.0,,1.0,,Carrelage,,
https://www.mubawab.tn/fr/a/7902110/une-superbe-villa-avec-piscine-%C3%A0-djerba,Une superbe villa avec piscine à Djerba,Djerba à Djerba,4 500 TND par semaine,260,4,3,,6,1.0,1.0,,1.0,1.0,1.0,1.0,1.0,1.0,1.0,Villa,Bon état,33.8075978,10.8451467,,3,1.0,1.0,1.0,1.0,1.0,,,1.0,,,1.0,1.0,1.0,,,,,,Carrelage,,
https://www.mubawab.tn/fr/a/8096210/villa-s3-avec-jardin-%C3%A0-mrezga-hammamet-nord,"Villa S3 avec jardin à Mrezga, Hammamet nord",Nabeul à Nabeul,10 TND,500,4,3,,6,1.0,1.0,,,1.0,1.0,1.0,1.0,1.0,,Villa,Bon état,36.426715110214445,10.673332679625942,1.0,3,1.0,,1.0,,1.0,500 m²,,,,,1.0,,,Nord,,,,1.0,,,
https://www.mubawab.tn/fr/a/8093339/appartement-%C3%A0-louer-chott-mariem,Appartement à louer chott Mariem,Tantana,1 050 TND par semaine,150,6,3,1,6,,,,,1.0,,,,,,Maison,Bon état,35.94312,10.52022,,,1.0,,,,,,,,,,,,,,,,,,Carrelage,,
https://www.mubawab.tn/fr/a/8093335/appartement-%C3%A0-louer-%C3%A0-chott-mariem,Appartement à louer à chott mariem,Chott Meriem à Akouda,Prix à consulter,100,5,2,,6,1.0,1.0,,,1.0,,,,,,Maison,Bon état,35.87,10.57,,2,,,,,,,,,,,,,,,,,,,,,
https://www.mubawab.tn/fr/a/8093328/appartement-%C3%A0-louer-%C3%A0-chott-mariem,Appartement à louer à chott mariem,Tantana,2 000 TND par semaine,140,6,2,1,6,1.0,,,1.0,1.0,,,,,,Villa,Bon état,35.94312,10.52022,,,,,,,,,,,,,,,,,,,,,Carrelage,,
https://www.mubawab.tn/fr/a/7850841/villa-a-louer-pour-les-courtes-dur%C3%A9es-a-kantaoui,Villa a louer pour les courtes durées a kantaoui,El Kantaoui à Hammam Sousse,Prix à consulter,7000,11,4,,7,1.0,1.0,1.0,1.0,1.0,1.0,,1.0,1.0,1.0,Villa,Bon état,35.8569,10.5972,1.0,3,,,,,,,,,,,,,,,,,,,,,
https://www.mubawab.tn/fr/a/8084785/prestigieuse-villa-pieds-dans-l-eau-dar-chems,Prestigieuse villa pieds dans l'eau Dar Chems,Tantana,2 000 TND par jour,600,5,4,,7,1.0,1.0,,1.0,1.0,1.0,,,,,Villa,Bon état,35.94312,10.52022,1.0,3,1.0,1.0,,,,,,,,,,,,,,,,,,,
https://www.mubawab.tn/fr/a/8083206/a-louer-rez-de-chauss%C3%A9e-de-villa-meubl%C3%A9e-aux-grotte-bizerte,A Louer Rez De Chaussée De Villa Meublée Aux Grotte Bizerte,La Grotte à Bizerte Nord,200 TND par jour,300,4,3,,2,1.0,,1.0,,,,,,,,Maison,Bon état,37.1303,9.7506777,,2,,,,,,,,,,,,,,,,,,,,,
https://www.mubawab.tn/fr/a/8087019/maison-de-vacance,Maison de vacance,Kerkenah à Kerkennah,120 TND par jour,64,2,2,1,6,1.0,1.0,1.0,,1.0,1.0,1.0,,1.0,1.0,Maison,Bon état,34.73333,11.23333,,,1.0,,,,,200 m²,,1.0,,1,,1.0,,Sud,,,1.0,,Carrelage,,
https://www.mubawab.tn/fr/a/8086779/magnifique-villa-%C3%A0-louer-pour-vos-vacances-superficie-700-m%C2%B2-tout-confort-avec-chemin%C3%A9e-et-climatisation,Magnifique villa à louer pour vos vacances. Superficie 700 m². Tout confort avec cheminée et climatisation,Aghir,Prix à consulter,700,,,,3,1.0,1.0,,1.0,1.0,1.0,1.0,1.0,1.0,1.0,Villa,Nouveau,33.78375520936283,10.99890542582535,1.0,2,,1.0,1.0,1.0,1.0,250 m²,,1.0,1.0,2,1.0,1.0,,,,,,,Parquet,1,
https://www.mubawab.tn/fr/a/7855767/a-louer-villa-avec-piscine-proche-de-carthage-land,A louer Villa avec piscine proche de Carthage Land,Yasmine Hammamet à Hammamet,900 TND par jour,360,5,4,,4,1.0,1.0,,1.0,1.0,1.0,1.0,1.0,1.0,1.0,Villa,Nouveau,36.36301361060702,10.527352799861998,,2,1.0,,1.0,1.0,1.0,,1.0,,,2,1.0,1.0,1.0,Sud,,,,,Marbre,,
https://www.mubawab.tn/fr/a/8083754/duplex-avec-piscine,Duplex avec piscine,Hammamet Nord à Hammamet,2 300 TND par semaine,130,4,3,1,3,1.0,,,1.0,1.0,1.0,1.0,1.0,1.0,1.0,Villa,Bon état,36.419773,10.661894,1.0,,1.0,1.0,1.0,1.0,1.0,400 m²,,,,1,1.0,1.0,,Nord,,,1.0,,Marbre,,
https://www.mubawab.tn/fr/a/7858377/a-louer-rez-de-chauss%C3%A9e-de-villa-meubl%C3%A9e-aux-grotte,A Louer Rez De Chaussée de Villa Meublée Aux Grotte,La Grotte à Bizerte Nord,490 TND par jour,200,3,2,1,2,1.0,,1.0,,,,,,,,Maison,Bon état,37.272,9.8708,,,,,,,,,,,,,,,,,,,,,,,
https://www.mubawab.tn/fr/a/8078312/location-vacances,Location vacances,Hammam El Ghezaz,3 500 TND par semaine,129,,3,,3,1.0,1.0,1.0,,1.0,1.0,1.0,1.0,1.0,1.0,Villa,Nouveau,36.930637,11.048549,,2,,1.0,,,1.0,,,,,2,,,,,1.0,1,1.0,,,,
https://www.mubawab.tn/fr/a/8074658/villa-s3-%C3%A0-louer-%C3%A0-l-ann%C3%A9e-%C3%A0-tezdaine-djerba,Villa S3 à louer à l'année à Tezdaine Djerba,Tezdaine,1 900 TND,100,3,3,,,1.0,,,1.0,1.0,1.0,1.0,1.0,1.0,1.0,Villa,Bon état,33.8039664,11.0400653,,2,,,,1.0,,,,,,,1.0,,,,,,,,,,
https://www.mubawab.tn/fr/a/8034134/villa-des-artistes,Villa des artistes,Carthage Byrsa à Carthage,945 TND par jour,190,7,3,,2,1.0,,,1.0,1.0,1.0,1.0,1.0,1.0,1.0,Villa,Nouveau,36.8566,10.3258,1.0,3,,,,1.0,1.0,,,,,,1.0,,,,,,,,,,
https://www.mubawab.tn/fr/a/8034117/the-penthouse-gammarth,The Penthouse Gammarth,Gammarth à La Marsa,599 TND par jour,200,7,3,,2,,1.0,,,1.0,1.0,1.0,1.0,1.0,1.0,Villa,Nouveau,36.876389,10.325278,1.0,3,1.0,,,1.0,1.0,,,1.0,,,1.0,1.0,,,,,,1.0,,,
https://www.mubawab.tn/fr/a/7871422/villa-sadek,Villa Sadek,Aghir,500 TND par jour,,3,3,,7,1.0,,,1.0,1.0,1.0,,,,,Villa,Bon état,33.759722,11.01251,,2,,,,,,,,,,,,,,,,,,,,,
https://www.mubawab.tn/fr/a/7912337/villa-la-graboti%C3%A9re,Villa La Grabotiére,Tezdaine,650 TND par jour,600,3,3,,6,1.0,,,1.0,1.0,1.0,1.0,1.0,1.0,1.0,Villa,Bon état,33.8039664,11.0400653,,2,,,,1.0,,,,,,,1.0,,,,,,,,,,
https://www.mubawab.tn/fr/a/7802741/villa-abaza,Villa Abaza,Midoune à Midoun,450 TND par jour,,2,2,,7,1.0,,,1.0,1.0,1.0,1.0,1.0,1.0,1.0,Villa,Bon état,33.866667,10.85,,2,,,,1.0,,,,,,,,,,,,,,,,,
https://www.mubawab.tn/fr/a/7912297/villa-warda,Villa warda,Tezdaine,650 TND par jour,300,3,3,1,6,1.0,,,1.0,1.0,1.0,1.0,1.0,1.0,1.0,Villa,Nouveau,33.8039664,11.0400653,,,,1.0,,1.0,1.0,,,,,,1.0,,,,,,,,,,
https://www.mubawab.tn/fr/a/7912299/villa-hidaya,Villa hidaya,Mahboubine à Midoun,650 TND par jour,2000,3,3,,6,1.0,,,1.0,1.0,1.0,1.0,1.0,1.0,1.0,Villa,Nouveau,33.866667,10.85,,2,,,,1.0,1.0,,,,,,,,,,,,,,,,
https://www.mubawab.tn/fr/a/7933708/villa-aziza,Villa aziza,Tezdaine,750 TND par jour,600,3,3,,6,1.0,,,1.0,1.0,1.0,1.0,1.0,1.0,1.0,Villa,Bon état,33.8039664,11.0400653,,3,1.0,1.0,,1.0,1.0,,,,,,1.0,,,,,,,,,,
https://www.mubawab.tn/fr/a/7802737/villa-sonia,Villa Sonia,Midoune à Midoun,650 TND par jour,,3,3,,7,1.0,,,1.0,1.0,1.0,1.0,1.0,1.0,1.0,Villa,Bon état,33.866667,10.85,,2,,,,,,,,,,,,,,,,,,,,,
https://www.mubawab.tn/fr/a/7933722/villa-janna,Villa janna,Tezdaine,Prix à consulter,400,3,3,1,5,1.0,,,1.0,1.0,1.0,1.0,1.0,1.0,1.0,Villa,Nouveau,33.8039664,11.0400653,,,,,,1.0,1.0,,,,,,1.0,,,,,,,,,,
https://www.mubawab.tn/fr/a/7803104/villa-zehra,Villa Zehra,Midoune à Midoun,700 TND par jour,,3,3,,6,1.0,,,1.0,1.0,1.0,1.0,1.0,1.0,1.0,Villa,Bon état,33.866667,10.85,,2,1.0,,,1.0,,,1.0,,,,,,,,,,,,,,
https://www.mubawab.tn/fr/a/7912289/villa-myriam,Villa myriam,Tezdaine,650 TND par jour,300,3,3,1,6,,,,1.0,1.0,1.0,1.0,1.0,1.0,1.0,Villa,Nouveau,33.8039664,11.0400653,,,,1.0,,1.0,1.0,,,,,,1.0,,,,,,,,,,
https://www.mubawab.tn/fr/a/7910708/villa-ferdaous,Villa ferdaous,Djerba à Djerba,550 TND par jour,,3,3,,5,,,,1.0,1.0,1.0,1.0,1.0,1.0,1.0,Villa,Bon état,33.8075978,10.8451467,,2,1.0,,,,,,,,,,,,,,,,,,,,
https://www.mubawab.tn/fr/a/7802798/villa-imed,Villa Imed,Tezdaine,750 TND par jour,,4,4,,6,1.0,,,1.0,1.0,1.0,1.0,1.0,1.0,1.0,Villa,Bon état,33.8039664,11.0400653,,2,,,,,,,,,,,,,,,,,,,,,
https://www.mubawab.tn/fr/a/7933713/villa-myriam,Villa myriam,Tezdaine,650 TND par jour,400,3,3,1,5,1.0,,,1.0,1.0,1.0,1.0,1.0,1.0,1.0,Villa,Nouveau,33.8039664,11.0400653,,,,1.0,,1.0,1.0,,,,,,1.0,,,,,,,,,,
https://www.mubawab.tn/fr/a/7933711/villa-warda,Villa warda,Tezdaine,650 TND par jour,400,3,3,1,5,,,,1.0,1.0,1.0,1.0,1.0,1.0,1.0,Villa,Nouveau,33.8039664,11.0400653,,,,1.0,,1.0,1.0,,,,,,1.0,,,,,,,,,,
https://www.mubawab.tn/fr/a/7912331/villa-dorria,Villa dorria,Aghir,750 TND par jour,500,4,4,,6,,,,1.0,1.0,1.0,,,,,Villa,Bon état,33.759722,11.01251,,2,,,,,,,,,,,,,,,,,,,,,
https://www.mubawab.tn/fr/a/7912363/villa-khadija,Villa khadija,Midoune à Midoun,800 TND par jour,500,4,4,,6,1.0,,,1.0,1.0,1.0,1.0,1.0,1.0,1.0,Villa,Bon état,33.866667,10.85,,2,,,,1.0,1.0,,,,,,,,,,,,,,,,
https://www.mubawab.tn/fr/a/7912346/villa-route-de-phare,Villa Route De Phare,Midoune à Midoun,650 TND par jour,700,3,3,,6,1.0,,,1.0,1.0,1.0,1.0,1.0,1.0,1.0,Villa,Bon état,33.866667,10.85,,2,,,,1.0,,,,,,,1.0,,,,,,,,,,
https://www.mubawab.tn/fr/a/7912326/houch-ajjim,Houch Ajjim,Sidi Jmour à Houmt Souk,700 TND par jour,500,5,5,,6,,,1.0,1.0,1.0,1.0,,,,,Maison,Bon état,33.866667,10.85,,5,,,,,,,,,,,,,,,,,,,,,
https://www.mubawab.tn/fr/a/7801900/villa-zina,Villa Zina,Midoune à Midoun,700 TND par jour,650,3,3,,6,1.0,,,1.0,1.0,1.0,1.0,1.0,,1.0,Villa,Nouveau,33.866667,10.85,,2,,1.0,,1.0,,,,,,,,,,,,,,,,,
https://www.mubawab.tn/fr/a/7735923/villa-ni%C3%A7oise,Villa niçoise,Midoune à Midoun,490 TND par jour,170,,3,,6,1.0,1.0,,1.0,1.0,1.0,1.0,1.0,1.0,1.0,Villa,Nouveau,33.9064405107479,10.90806631835587,,2,,,1.0,1.0,1.0,,,,,,1.0,1.0,,Nord,,,,,Marbre,,
https://www.mubawab.tn/fr/a/8026060/aussie-beach-villa-mrezga-hammamet,Aussie Beach villa Mrezga Hammamet,Cité El Wafa à Nabeul,750 TND par jour,400,4,4,,3,1.0,1.0,,1.0,1.0,1.0,1.0,1.0,1.0,1.0,Villa,Nouveau,36.439144,10.684428000000002,1.0,3,1.0,1.0,1.0,1.0,1.0,,,1.0,,,1.0,1.0,1.0,Nord,1.0,,,,Carrelage,,
https://www.mubawab.tn/fr/a/8058533/cherche-a-louer-villa,Cherche a louer villa,Cité Rafaha à Mnihla,120 TND par jour,120,4,3,,2,,,,,,,,,,,Villa,Bon état,36.8567806,10.1157421,,2,,,,,,,,,,,,,,,,,,,,,
https://www.mubawab.tn/fr/a/7954785/les-d%C3%A9lices-de-sidi-bou-said,Les Délices de Sidi Bou Said,Sidi Bousaid à Carthage,280 TND par jour,80,4,3,,2,,1.0,,,1.0,1.0,1.0,1.0,1.0,1.0,Maison,Nouveau,36.8566,10.3258,1.0,2,,,1.0,1.0,1.0,,,1.0,,,1.0,1.0,,Ouest,,,,1.0,Carrelage,,
https://www.mubawab.tn/fr/a/8048607/villa-de-standing-%C3%A0-louer-pour-vos-vacances-%C3%A0-la-soukra-surface-de-750-m%C2%B2-parking-et-terrasse-,Villa de standing à louer pour vos vacances à La Soukra. Surface de 750 m². Parking et terrasse.,La Soukra à La Soukra,700 TND par jour,750,,5,,1,1.0,1.0,,1.0,1.0,1.0,1.0,1.0,1.0,1.0,Villa,Bon état,36.883333,10.25,1.0,3,1.0,,,,1.0,,,1.0,,1,1.0,,,,,1,,1.0,Marbre,,
https://www.mubawab.tn/fr/a/8042522/villa-location-de-vacance,Villa location de vacance,Aghir,Prix à consulter,,5,4,,3,1.0,1.0,,1.0,1.0,1.0,1.0,1.0,1.0,1.0,Villa,Nouveau,33.759722,11.01251,,4,1.0,1.0,1.0,1.0,1.0,,,1.0,,,1.0,1.0,,,,,,,,,
https://www.mubawab.tn/fr/a/8040587/villa-piscine-priv%C3%A9e-djerba,Villa piscine privée Djerba,Midoune à Midoun,450 TND par jour,120,4,3,,4,1.0,1.0,,1.0,1.0,1.0,1.0,1.0,1.0,1.0,Villa,Nouveau,33.82557393692132,10.960350231530034,1.0,3,1.0,1.0,1.0,1.0,1.0,,,,,,1.0,1.0,,Sud,,,,,Carrelage,,
https://www.mubawab.tn/fr/a/7907108/villa-une-suite-et-trois-chambres-avec-piscine,Villa une suite et trois chambres avec piscine,Djerba à Djerba,3 800 TND,700,4,4,,4,1.0,1.0,,1.0,1.0,1.0,1.0,1.0,1.0,1.0,Villa,Nouveau,33.8075978,10.8451467,,3,1.0,1.0,1.0,1.0,1.0,,,1.0,,,1.0,1.0,1.0,,,,,,,,
https://www.mubawab.tn/fr/a/7801235/une-villa-avec-piscine-%C3%A0-2-minutes-de-la-mer,Une villa avec piscine à 2 minutes de la mer,Djerba à Djerba,3 700 TND,,4,4,,7,,1.0,,1.0,,1.0,,,,,Villa,Nouveau,33.8075978,10.8451467,,4,,,,,,,,,,,,,,,,,,,,,
https://www.mubawab.tn/fr/a/7327180/superbe-villa-avec-piscine-%C3%A0-midoun-location-vacance,Superbe villa avec piscine à Midoun location vacance,Djerba à Djerba,Prix à consulter,,6,3,,4,1.0,1.0,,1.0,,,,,,,Villa,Bon état,33.8075978,10.8451467,,2,1.0,,,,,,,,,,,,,,,,,,,,
https://www.mubawab.tn/fr/a/7931149/villa-de-haut-standing-%C3%A0-kelibia-fatha,Villa de haut standing à kelibia Fatha,Kélibia,2 000 TND,100,3,2,1,6,1.0,1.0,,,1.0,1.0,1.0,1.0,1.0,1.0,Villa,Nouveau,36.8493,11.0918,,,,,,,,,,,,,1.0,,,,,,,,,,
https://www.mubawab.tn/fr/a/7968564/villa-2-suites-3-chambres-%C3%A0-coucher-et-piscine,"Villa: 2 suites, 3 chambres à coucher et piscine",Djerba à Djerba,1 000 TND par jour,1200,4,4,,3,1.0,1.0,,1.0,1.0,1.0,1.0,1.0,1.0,1.0,Maison,Nouveau,33.8075978,10.8451467,,3,,1.0,1.0,1.0,1.0,,,1.0,,,1.0,1.0,,,,,,,,,
https://www.mubawab.tn/fr/a/7831112/villa-yasmine-hammamet,Villa Yasmine Hammamet,Yasmine Hammamet à Hammamet,4 300 TND,500,7,5,,3,1.0,1.0,,1.0,1.0,1.0,1.0,1.0,1.0,1.0,Villa,Bon état,36.37377828159385,10.535065338623038,1.0,3,,1.0,,1.0,,,1.0,1.0,1.0,,1.0,,1.0,Sud,,,,1.0,Marbre,,
https://www.mubawab.tn/fr/a/7728142/a-louer-villa-duplex-s4-avec-piscine-%C3%A0-jinene-benikhiar,A louer Villa duplex S4 avec piscine à Jinene Benikhiar,Beni Khiar à Beni Khiar,Prix à consulter,500,4,4,,,,,1.0,1.0,,,,,,,Villa,Nouveau,36.453552,10.780751,,4,,,,,,,,,,,,,,,,,,,,,
https://www.mubawab.tn/fr/a/7737821/a-louer-villa-s4-avec-piscine-%C3%A0-hammamet-nord,A louer villa S4 avec piscine à Hammamet Nord,Hammamet Nord à Hammamet,Prix à consulter,270,5,4,,6,1.0,1.0,1.0,1.0,1.0,1.0,1.0,1.0,1.0,1.0,Villa,Nouveau,36.421753,10.655498,,4,,1.0,,1.0,,,,1.0,,,1.0,1.0,1.0,Sud,,,,1.0,Marbre,,
https://www.mubawab.tn/fr/a/7962315/maison-au-bord-de-la-plage-%C3%A0-kerkouane-kelibia,Maison au bord de la plage à kerkouane Kelibia,Kélibia,150 TND par jour,150,3,2,,1,,1.0,1.0,,1.0,1.0,1.0,1.0,1.0,1.0,Maison,Bon état,36.94792470842057,11.0937998853414,,2,,,,,1.0,,,1.0,,,,1.0,,Nord,1.0,,,,Carrelage,,
https://www.mubawab.tn/fr/a/7974976/location-ou-vente-villa-de-haut-standing-%C3%A0-hammamet-nord-4-chambres-agr%C3%A9ables-environnement-calme-avec-vue-montagne-chauffage-central,"Location ou Vente villa de haut standing à Hammamet Nord. 4 chambres agréables. Environnement calme avec vue montagne, chauffage central",Hammamet Nord à Hammamet,800 TND par jour,350,,4,,5,1.0,1.0,1.0,1.0,1.0,1.0,1.0,1.0,1.0,1.0,Villa,Nouveau,36.419773,10.661894,1.0,3,1.0,1.0,,,1.0,,,,,,,,,Nord,1.0,,,,Marbre,,
https://www.mubawab.tn/fr/a/7966307/loaction-estival-d-une-villa-rdc-s4-suites-avec-p,Loaction estival d'une Villa RDC S4 Suites Avec P,Hammamet à Hammamet,Prix à consulter,,5,4,1,1,,1.0,,1.0,1.0,1.0,,,,,Maison,Nouveau,36.40108,10.61457,,,,,,,,,,,,,,,,,,,,,Marbre,,
https://www.mubawab.tn/fr/a/7928417/maison-%C3%A0-louer-%C3%A0-kssiba-bizerte,Maison à louer à kssiba bizerte,Bizerte,Prix à consulter,100,3,2,1,3,,,,,1.0,1.0,1.0,1.0,1.0,1.0,Maison,Bon état,37.266667,9.866667,,,,,,1.0,1.0,,,,,,,,,,,,,,,,
https://www.mubawab.tn/fr/a/7932427/un-bel-studio-%C3%A0-rimel-bizerte,Un Bel Studio à Rimel Bizerte,Menzel Jemil,Prix à consulter,120,,,1,3,1.0,1.0,1.0,,1.0,1.0,,,,,Maison,Bon état,37.23,9.91,,,1.0,,,,,,,,,,,,,,1.0,1,,,,1,
https://www.mubawab.tn/fr/a/7964591/villa-en-s2-%C3%A0-yessmine-hammamet-nabeul,Villa en S2 à Yessmine Hammamet Nabeul,Yasmine Hammamet à Hammamet,4 500 TND,150,2,2,1,1,,,,1.0,,,,,,,Maison,Nouveau,36.40108,10.61457,,,,,,,,,,,,,,,,,,,,,,,
https://www.mubawab.tn/fr/a/7933214/a-louer-villa-meubl%C3%A9-pleine-vue-sur-mer-aux-grotte-bizerte,A Louer Villa Meublé Pleine Vue Sur Mer Aux Grotte Bizerte,Bizerte à Bizerte Nord,Prix à consulter,1000,5,4,,2,,,1.0,1.0,1.0,1.0,,,,,Maison,Bon état,37.1303,9.7506777,,2,,,,,,,,,,,,,,,,,,,,,
https://www.mubawab.tn/fr/a/7938152/une-villa-s4-avec-piscine,Une villa S4 avec piscine,Hammamet à Hammamet,Prix à consulter,500,4,4,1,1,,1.0,,1.0,,,,,,,Maison,Nouveau,36.40108,10.61457,,,,,,,,,,,,,,,,,,,,,,,
https://www.mubawab.tn/fr/a/7751254/un-coquet-rdc-d-une-villa,Un coquet RDC d'une villa,Hammamet Nord à Hammamet,Prix à consulter,350,4,3,,3,1.0,1.0,,1.0,1.0,1.0,1.0,1.0,1.0,1.0,Maison,Nouveau,36.40108,10.61457,1.0,2,,1.0,,,1.0,,,,1.0,,,,,,,,,,,,
https://www.mubawab.tn/fr/a/7920684/a-louer-rez-de-chauss%C3%A9e-meubl%C3%A9e-%C3%A0-la-corniche,A Louer Rez De Chaussée Meublée à La Corniche,Bizerte Le Corniche à Bizerte Nord,160 TND par jour,120,2,,1,2,1.0,1.0,,,1.0,,,,,,Maison,Bon état,37.1303,9.7506777,,,,,,,,,,,,,,,,,,,,,,1,
https://www.mubawab.tn/fr/a/7802755/villa-feriel,Villa Feriel,Midoune à Midoun,500 TND par jour,,3,3,,6,1.0,,,1.0,1.0,1.0,1.0,1.0,1.0,1.0,Villa,Bon état,33.866667,10.85,,2,,,,,,,,,,,,,,,,,,,,,
https://www.mubawab.tn/fr/a/7802744/villa-aycha,Villa Aycha,Midoune à Midoun,700 TND par jour,,3,3,,7,1.0,,,1.0,1.0,1.0,1.0,1.0,1.0,1.0,Villa,Bon état,33.866667,10.85,,3,,,,1.0,,,1.0,,1.0,,,,,,,,,,,,
https://www.mubawab.tn/fr/a/7933704/villa-fattouma,Villa fattouma,Midoune à Midoun,800 TND par jour,500,3,3,,5,1.0,,,1.0,1.0,1.0,1.0,1.0,1.0,,Villa,Nouveau,33.866667,10.85,,3,1.0,1.0,,1.0,1.0,,,,,,1.0,,,,,,,,,,
https://www.mubawab.tn/fr/a/7912296/villa-janna,Villa janna,Tezdaine,650 TND par jour,300,3,3,1,6,1.0,,,1.0,1.0,1.0,1.0,1.0,1.0,1.0,Villa,Nouveau,33.8039664,11.0400653,,,,1.0,,,,,,,,,1.0,,,,,,,,,,
https://www.mubawab.tn/fr/a/7912294/villa-assya,Villa assya,Tezdaine,650 TND par jour,300,3,3,1,6,,,,1.0,1.0,1.0,1.0,1.0,1.0,1.0,Villa,Nouveau,33.8039664,11.0400653,,,,1.0,,1.0,1.0,,,,,,1.0,,,,,,,,,,
https://www.mubawab.tn/fr/a/7802703/villa-aziza,Villa Aziza,Tezdaine,750 TND par jour,,3,3,,7,1.0,,,1.0,1.0,1.0,1.0,1.0,1.0,1.0,Villa,Bon état,33.8039664,11.0400653,,3,,,,1.0,,,,,1.0,,,,,,,,,,,,
https://www.mubawab.tn/fr/a/7912316/houch-dar-jerba,Houch Dar Jerba,Tezdaine,550 TND par jour,300,4,4,,6,,,,1.0,1.0,1.0,1.0,1.0,1.0,1.0,Maison,Bon état,33.8039664,11.0400653,,4,,1.0,,,,,,,,,,,,,,,,,,,
https://www.mubawab.tn/fr/a/7912342/villa-momo,Villa MOMO,Mahboubine à Midoun,500 TND par jour,500,4,4,,6,,,,1.0,1.0,1.0,,,,,Maison,Bon état,33.866667,10.85,,2,,,,,,,,,,,,,,,,,,,,,
https://www.mubawab.tn/fr/a/7907169/villa-laila,Villa laila,Midoune à Midoun,650 TND par jour,,3,3,,5,1.0,,1.0,1.0,1.0,1.0,,,,,Villa,Bon état,33.866667,10.85,,2,,,,,,,,,,,,,,,,,,,,,
https://www.mubawab.tn/fr/a/7803097/villa-wiem,Villa Wiem,Midoune à Midoun,500 TND par jour,,3,3,,6,,,,1.0,1.0,1.0,1.0,1.0,1.0,1.0,Villa,Bon état,33.866667,10.85,,3,1.0,,,1.0,,,,,,,,,,,,,,,,,
https://www.mubawab.tn/fr/a/7803082/villa-s%C3%A9renit%C3%A0,Villa Sérenità,Aghir,550 TND par jour,,3,3,,6,,,,1.0,1.0,1.0,1.0,1.0,1.0,1.0,Villa,Bon état,33.759722,11.01251,,3,1.0,,,1.0,,,,,,,,,,,,,,,,,
https://www.mubawab.tn/fr/a/7898251/villa-piscine-haut-standing-s3-%C3%A0-hammamet,Villa Piscine Haut standing S3 à Hammamet,Hammamet Sud à Hammamet,1 100 TND,800,3,3,,6,1.0,1.0,,1.0,1.0,1.0,1.0,1.0,1.0,1.0,Villa,Nouveau,36.40108,10.61457,1.0,3,1.0,,,1.0,1.0,,,,,,1.0,1.0,,,1.0,,,,,,
https://www.mubawab.tn/fr/a/7956442/location-villa-avec-piscine-%C3%A0-hammamet-nord,Location villa avec piscine à Hammamet nord,Hammamet Nord à Hammamet,4 900 TND par semaine,500,5,3,,3,1.0,1.0,1.0,1.0,1.0,1.0,1.0,1.0,1.0,1.0,Villa,Bon état,36.419773,10.661894,1.0,3,1.0,,,1.0,1.0,,,,,,,1.0,,Sud,,,,,Carrelage,,
https://www.mubawab.tn/fr/a/7955519/a-louer-villa-s3-avec-jardin-%C3%A0-afh-mrezga,A louer villa S3 avec jardin à AFH Mrezga,Cité El Wafa à Nabeul,Prix à consulter,300,4,3,,3,1.0,1.0,,,1.0,1.0,1.0,1.0,1.0,1.0,Villa,Nouveau,36.44034144927523,10.688053955574576,,2,,1.0,,1.0,,,,1.0,,,1.0,1.0,1.0,Sud,,,,1.0,Marbre,,
https://www.mubawab.tn/fr/a/7955465/a-louer-villa-meubl%C3%A9e-au-d%C3%A9but-de-corniche,A Louer Villa Meublée Au Début De Corniche,Bizerte Le Corniche à Bizerte Nord,250 TND par jour,300,3,2,,2,1.0,1.0,,,1.0,,,,,,Maison,Bon état,37.1303,9.7506777,,2,,,,,,,,,,,,,,,,,,,,,
https://www.mubawab.tn/fr/a/7887265/villa-s6-avec-piscine-%C3%A0-sidi-mahersi-nabeul,"Villa S6 avec piscine à sidi mahersi, Nabeul",Sidi El Mahrsi à Nabeul,Prix à consulter,400,9,6,,6,,1.0,1.0,1.0,1.0,1.0,1.0,1.0,1.0,1.0,Villa,Nouveau,36.436025771721674,10.70572579280971,,4,1.0,1.0,,1.0,,,,,,,1.0,1.0,1.0,Sud,,,,1.0,Marbre,,
https://www.mubawab.tn/fr/a/7898239/villa-piscine-s5-%C3%A0-hammamet,Villa Piscine S5 à Hammamet,Hammamet à Hammamet,800 TND par jour,300,5,5,,6,1.0,1.0,,1.0,,1.0,1.0,1.0,1.0,1.0,Villa,Bon état,36.40108,10.61457,,4,1.0,,,1.0,,,1.0,,,,1.0,,,,,,,,,,
https://www.mubawab.tn/fr/a/7730116/a-louer-villa-meubl%C3%A9-%C3%A0-la-corniche,A Louer Villa Meublé à La Corniche,Bizerte Le Corniche à Bizerte Nord,420 TND par jour,600,4,3,1,2,1.0,1.0,,,,,,,,,Villa,Nouveau,37.272,9.8708,,,,,,,,,,,,,,,,,,,,,,,
https://www.mubawab.tn/fr/a/7940398/villas-les-hirondelles-djerba,Villas les hirondelles Djerba,Djerba à Djerba,350 TND par jour,300,4,3,,3,1.0,1.0,,1.0,1.0,1.0,1.0,1.0,1.0,1.0,Villa,Nouveau,33.81118959824074,10.986566872980468,,3,1.0,,1.0,,1.0,,,,,,1.0,1.0,,Sud,,,,,Carrelage,,
https://www.mubawab.tn/fr/a/7835327/maison-%C3%A0-louer-au-coeur-de-sidi-bou-sa%C3%AFd,Maison à louer au coeur de Sidi Bou Saïd,Sidi Bousaid à Carthage,150 TND,200,4,2,1,2,1.0,1.0,,,1.0,1.0,1.0,1.0,1.0,1.0,Maison,Bon état,36.8566,10.3258,1.0,,1.0,1.0,1.0,1.0,1.0,,,1.0,,,1.0,,1.0,,1.0,,,1.0,,,
https://www.mubawab.tn/fr/a/7931713/villa-en-s3-avec-piscine,Villa en S3 avec piscine,Hammamet à Hammamet,Prix à consulter,170,4,3,,1,1.0,1.0,,1.0,1.0,1.0,1.0,1.0,1.0,1.0,Villa,Bon état,36.40108,10.61457,,2,1.0,,,,,,,,1.0,,,,,,1.0,,,1.0,Carrelage,,
https://www.mubawab.tn/fr/a/7921394/maison-%C3%A0-louer-pour-vos-vacances-%C3%A0-cit%C3%A9-ain-meriem-superficie-174-m%C2%B2-places-de-parking-et-beau-jardin,Maison à louer pour vos vacances à Cité Ain Meriem. Superficie 174 m². Places de parking et beau jardin,Cité Ain Meriem à Bizerte Nord,Prix à consulter,174,,4,1,1,1.0,,1.0,,,1.0,1.0,,1.0,1.0,Maison,Bon état,37.29403454037735,9.85702082751754,,,1.0,,,,1.0,,,1.0,,,1.0,1.0,,Nord,1.0,,,,Carrelage,,
https://www.mubawab.tn/fr/a/7861498/villa-rosace-%C3%A0-louer,Villa Rosace à louer,Hammamet à Hammamet,6 000 TND,1500,6,5,1,31,,1.0,,1.0,1.0,1.0,1.0,,,,Villa,Bon état,36.40108,10.61457,1.0,,,,,,,,,,1.0,,,,,,,,,,,,
https://www.mubawab.tn/fr/a/7890607/villa-oasis-%C3%A0-louer,Villa Oasis à louer,Hammamet à Hammamet,1 000 TND,2000,5,5,1,1,,,,,,1.0,,,,,Villa,Nouveau,36.40108,10.61457,,,,1.0,,,,,,,,,,,,,,,,,,,
https://www.mubawab.tn/fr/a/7803089/villa-toumana,Villa Toumana,Midoune à Midoun,800 TND par jour,,4,4,,6,1.0,,,1.0,1.0,1.0,1.0,1.0,1.0,1.0,Villa,Bon état,33.866667,10.85,,2,,,,1.0,,,1.0,,1.0,,,,,,,,,,,,
https://www.mubawab.tn/fr/a/7911238/a-louer-villa-avec-piscine-%C3%A0-manzel-jmil,A Louer Villa avec Piscine à Manzel Jmil,Bizerte à Bizerte Nord,600 TND par jour,,4,3,,2,1.0,,,1.0,,,,,,,Maison,Bon état,37.272,9.8708,,2,1.0,,,,,,,,,,,,,,,,,,,,
https://www.mubawab.tn/fr/a/7910320/location-vacance-150dt-nuit%C3%A9,Location vacance 150dt/ nuité,Kélibia,Prix à consulter,300,3,2,1,2,1.0,1.0,1.0,,,,,,,,Maison,Nouveau,36.96994942923661,11.069045327900167,,,,,,,,,,,,,,,,,1.0,,,,,,
https://www.mubawab.tn/fr/a/7908588/maison-indipendnate-1-ere-position-a-la-plage,Maison indipendnate 1 ere position a la plage,Kélibia,2 200 TND,500,3,2,1,1,1.0,1.0,1.0,,,,,,,,Maison,Nouveau,36.90594386300933,11.060254936033864,,,,,,,,,,,,,,,,,1.0,,,,,,
https://www.mubawab.tn/fr/a/7907189/villa-ferdaous,Villa ferdaous,Djerba à Djerba,550 TND par jour,,3,3,,5,,,,1.0,1.0,1.0,,,,,Villa,Bon état,33.8075978,10.8451467,,2,,,,,,,,,,,1.0,,,,,,,,,,
https://www.mubawab.tn/fr/a/7519511/soukra-chotrana2-location-d-une-villa-avec-piscine-court-s%C3%A9jour,"Soukra Chotrana2, location d'une villa avec piscine court séjour",Chotrana 2 à La Soukra,1 300 TND par jour,1200,6,6,,1,1.0,1.0,,1.0,1.0,1.0,1.0,1.0,1.0,1.0,Villa,Bon état,36.883333,10.25,1.0,2,1.0,1.0,1.0,1.0,,,,,,,,,1.0,,,,,,Marbre,,
https://www.mubawab.tn/fr/a/7803079/villa-paradis,Villa Paradis,Aghir,550 TND par jour,,3,3,,7,1.0,,,1.0,1.0,1.0,1.0,1.0,1.0,1.0,Villa,Bon état,33.759722,11.01251,,2,,,,1.0,,,,,,,,,,,,,,,,,
https://www.mubawab.tn/fr/a/7802793/villa-hasdrubal,Villa Hasdrubal,Midoun zone touristique,750 TND par jour,,3,3,,6,1.0,,,1.0,1.0,1.0,1.0,1.0,1.0,1.0,Villa,Bon état,33.8115848,10.987461,,2,,,,1.0,,,,,,,,,,,,,,,,,
https://www.mubawab.tn/fr/a/7802752/villa-bayrem,Villa Bayrem,Midoune à Midoun,400 TND par jour,,2,2,1,6,1.0,,,1.0,1.0,1.0,1.0,1.0,1.0,1.0,Villa,Bon état,33.866667,10.85,,,1.0,,,,,,,,,,,,,,,,,,,,
https://www.mubawab.tn/fr/a/7802730/dar-lella-hadhria,Dar Lella Hadhria,Houmt Souk à Houmt Souk,250 TND par jour,,3,3,1,7,1.0,,,,1.0,1.0,,,,,Villa,Bon état,33.866667,10.85,,,,,,,,,,,,,,,,,,,,,,,
https://www.mubawab.tn/fr/a/7802698/villa-les-hirondelles-de-djerba,Villa Les Hirondelles De Djerba,Tezdaine,650 TND par jour,,3,3,,7,1.0,,,1.0,1.0,1.0,1.0,1.0,1.0,1.0,Villa,Bon état,33.8039664,11.0400653,,2,,,,1.0,,,,,,,,,,,,,,,,,
https://www.mubawab.tn/fr/a/7859402/villa-meubl%C3%A9e-de-740m%C2%B2-%C3%A0-yasmine-hammamet,Villa meublée de 740m² à yasmine hammamet,Yasmine Hammamet à Hammamet,6 000 TND par semaine,740,5,4,,7,1.0,1.0,1.0,1.0,1.0,1.0,1.0,1.0,1.0,1.0,Villa,Bon état,36.40108,10.61457,1.0,3,,,,1.0,,,,,,,,,,Sud,,,,,Marbre,,
https://www.mubawab.tn/fr/a/7713570/la-villa-el-mnarra-s2-avec-piscine,La Villa EL Mnarra S2 Avec piscine,Midoune à Midoun,450 TND par jour,400,,2,,6,1.0,1.0,,1.0,1.0,1.0,1.0,1.0,1.0,1.0,Villa,Nouveau,33.866667,10.85,,2,1.0,,1.0,1.0,1.0,,,,,,1.0,1.0,,Ouest,,,,,Carrelage,,
https://www.mubawab.tn/fr/a/7671294/a-louer-villa-s7-avec-piscine-%C3%A0-jinene-hammamet,A louer villa S7 avec piscine à Jinene hammamet,Yasmine Hammamet à Hammamet,Prix à consulter,1000,9,7,,6,1.0,1.0,1.0,1.0,1.0,1.0,1.0,1.0,1.0,1.0,Villa,Nouveau,36.396922636487,10.566860326794213,,5,,1.0,,1.0,,,1.0,1.0,,,1.0,1.0,1.0,Sud,,,,1.0,Marbre,,
https://www.mubawab.tn/fr/a/7889848/belle-et-tr%C3%A8s-grande-maison-pieds-dans-l%E2%80%99eau,Belle et très grande maison pieds dans l’eau,El Maamoura,Prix à consulter,1200,15,9,,3,1.0,1.0,1.0,1.0,1.0,1.0,1.0,1.0,,1.0,Villa,Bon état,36.466667,10.8,,5,1.0,,,1.0,,,,,,,,,,,,,,,,,
https://www.mubawab.tn/fr/a/7876293/villa-s5-pied-dans-l-eau-%C3%A0-jinen-b%C3%A9ni-khiar,Villa S5 pied dans l'eau à Jinen Béni Khiar,Beni Khiar à Beni Khiar,12 000 TND par semaine,1000,7,5,,7,1.0,1.0,1.0,1.0,1.0,1.0,1.0,1.0,1.0,1.0,Villa,Nouveau,36.45104160249114,10.780751251291187,,5,1.0,1.0,1.0,1.0,1.0,,1.0,1.0,,,1.0,1.0,1.0,Sud,,,,1.0,Marbre,,
https://www.mubawab.tn/fr/a/7848822/location-estivale-villa-s4-avec-piscine,Location Estivale Villa S4 avec piscine,Hammamet à Hammamet,Prix à consulter,400,5,4,,6,,,,1.0,,,,,,,Villa,Bon état,36.40108,10.61457,,2,,,,,,,,,,,,,,,,,,,,,
https://www.mubawab.tn/fr/a/7797463/location-estivale,Location Estivale,Hammamet Nord à Hammamet,Prix à consulter,350,4,3,1,4,,,,,,,,,,,Villa,Bon état,36.40108,10.61457,,,,,,,,,,,,,,,,Nord,,,,,,,
https://www.mubawab.tn/fr/a/7745496/location-bien-%C3%A9quip%C3%A9-250l-a-la-plage-savle-blanc,Location bien équipé 250l a la plage savle blanc,Kélibia,140 TND par jour,120,3,2,1,1,1.0,1.0,1.0,,,1.0,1.0,1.0,1.0,1.0,Villa,Nouveau,36.967572143904334,11.06420066644736,,,1.0,,,,,,,1.0,,,,,,,1.0,,,,,,
https://www.mubawab.tn/fr/a/7403504/maison-%C3%A0-louer-avec-piscine-%C3%A0-djerba,Maison à louer avec piscine à Djerba,Djerba à Djerba,Prix à consulter,700,10,7,,3,,1.0,,1.0,,1.0,,,,,Maison,Nouveau,33.8075978,10.8451467,,3,,1.0,,,,,,,,,,,,,,,,,,,
https://www.mubawab.tn/fr/a/7403503/maison-d-h%C3%B4te-%C3%A0-louer-%C3%A0-djerba-en-vacances,Maison d'hôte à louer à Djerba en vacances,Djerba à Djerba,Prix à consulter,800,10,11,,3,,1.0,,1.0,,1.0,,,,,Maison,Nouveau,33.8075978,10.8451467,,4,,1.0,,,,,,,,,,,,,,,,,,,
https://www.mubawab.tn/fr/a/7403502/maison-d-h%C3%B4te-%C3%A0-louer-%C3%A0-djerba-en-vacances,Maison d'hôte à louer à Djerba en vacances,Djerba à Djerba,Prix à consulter,500,3,10,,3,,1.0,,1.0,,,,,,,Maison,Nouveau,33.8075978,10.8451467,,3,,,,,,,,,,,,,,,,,,,,,
https://www.mubawab.tn/fr/a/6963958/villa-sandra-%C3%A0-hammamet-nord,Villa Sandra à Hammamet Nord,Hammamet Nord à Hammamet,5 500 TND par semaine,200,3,3,,7,1.0,1.0,,1.0,1.0,1.0,1.0,1.0,1.0,1.0,Villa,,36.419773,10.661894,,3,,,,1.0,,,,,,,,1.0,,,,,,,Marbre,,
https://www.mubawab.tn/fr/a/7429029/grande-maison-%C3%A0-louer-saison-estivale-et-hors-s,Grande maison à louer saison estivale et hors s,Kélibia,1 000 TND par semaine,120,5,3,,3,,1.0,1.0,,1.0,1.0,1.0,1.0,1.0,1.0,Maison,Bon état,36.83636647817228,11.0984988170147,1.0,2,,,1.0,1.0,1.0,,,,,,,1.0,,Ouest,,,,1.0,Carrelage,,
https://www.mubawab.tn/fr/a/7445203/location-villa-salwa-%C3%A0-yasmine-hammamet,Location Villa Salwa à Yasmine Hammamet,Yasmine Hammamet à Hammamet,3 000 TND par semaine,400,5,4,,7,1.0,1.0,,,1.0,1.0,1.0,1.0,1.0,1.0,Villa,Bon état,36.40108,10.61457,,2,,1.0,,1.0,,,1.0,,,,,1.0,,,,,,,Marbre,,
