link,title,address,price,m²,Pièces,Chambres,Salles de bains,nuits min.,Jardin,Terrasse,Garage,Concierge,Salon européen,Antenne parabolique,Climatisation,Chauffage central,Double vitrage,Porte blindée,Cuisine équipée,Réfrigérateur,Four,TV,Machine à laver,Internet,Animaux domestiques autorisés,Type de bien,Etat,Étage du bien,Type du sol,Standing,État,Livraison:,latitude,longitude,Salle de bain,Ascenseur,Vue sur mer,Vue sur les montagnes,Sécurité,Micro-ondes,Chambre,Piscine,Façade extérieure,Orientation,Pièce,Cheminée,Surface habitable,Surface extérieure
https://www.mubawab.tn/fr/pa/7886402/superbe-appartement-au-c%C5%93ur-de-la-marsa,Superbe appartement au cœur de la Marsa,La Marsa à La Marsa,2 900 TND par semaine,200,4,3,3,7,1.0,1.0,1.0,1.0,1.0,1.0,1.0,1.0,1.0,1.0,1.0,1.0,1.0,1.0,1.0,1.0,1.0,Appartement,Nouveau,1er,Marbre,Haut standing,Finalisé,novembre 2021,36.887327167409275,10.322373785222368,,,,,,,,,,,,,,
https://www.mubawab.tn/fr/a/7915518/un-s2-pour-la-location-des-vacances,Un S2 pour la location des vacances,Hammamet Nord à Hammamet,Prix à consulter,110,3,2,,5,,1.0,1.0,1.0,1.0,1.0,1.0,1.0,,,1.0,1.0,1.0,1.0,1.0,1.0,,Appartement,Bon état,,,,,,36.40108,10.61457,1,1.0,1.0,1.0,1.0,1.0,,,,,,,,
https://www.mubawab.tn/fr/a/7868710/un-appartement-s1-pour-la-location-des-vacances,Un appartement s1 pour la location des vacances,Hammamet Nord à Hammamet,180 TND,64,2,,,7,1.0,1.0,,1.0,,,1.0,1.0,,,1.0,1.0,1.0,1.0,1.0,,,Appartement,Bon état,,,,,,36.40108,10.61457,1,1.0,,,1.0,,1,1.0,1.0,Nord,,,,
https://www.mubawab.tn/fr/pa/7925509/superbe-appartement-au-c%C5%93ur-de-la-marsa,Superbe appartement au cœur de la Marsa,La Marsa à La Marsa,2 900 TND par semaine,200,4,3,3,7,1.0,,,1.0,,,,,,,,1.0,1.0,,,,,Appartement,Bon état,,,Haut standing,Finalisé,novembre 2021,36.887327167409275,10.322373785222368,,,,,,1.0,,,1.0,,,,,
https://www.mubawab.tn/fr/pa/7925546/location-jolie-app-s3-sidi-mahersi-%C3%A0-hammamet-nord,Location jolie App S3 Sidi Mahersi à Hammamet Nord,Hammamet Nord à Hammamet,1 950 TND par semaine,140,4,3,,7,1.0,1.0,1.0,1.0,1.0,1.0,1.0,1.0,1.0,1.0,1.0,1.0,1.0,1.0,1.0,1.0,1.0,Appartement,Bon état,1er,Marbre,Moyen standing,Finalisé,,36.37375262212721,10.61336837036133,1,,,,1.0,1.0,,,,,,,,
https://www.mubawab.tn/fr/a/7720604/studio-%C3%A0-cit%C3%A9-ennaser-1-%C3%A0-c%C3%B4t%C3%A9-de-samarons-hotel,"Studio à cité ennaser 1, à côté de samarons hotel",Cité Ennasr 1 à Ariana Ville,90 TND,80,3,,,2,,1.0,,1.0,1.0,1.0,1.0,1.0,,1.0,1.0,1.0,1.0,1.0,1.0,1.0,,Appartement,Bon état,,,,,,36.86754477100882,10.17414075484321,1,1.0,,,1.0,1.0,1,,,Nord,,,,
https://www.mubawab.tn/fr/a/8116344/appartement-s2-pour-la-location-estivale,Appartement S2 pour la location estivale,Hammamet Nord à Hammamet,300 TND par jour,130,2,2,,1,,1.0,1.0,,,,1.0,1.0,,,,,1.0,1.0,1.0,,,Appartement,Nouveau,,,,,,36.40108,10.61457,1,1.0,1.0,1.0,,1.0,,,,,,,,
https://www.mubawab.tn/fr/a/7787076/appartement-meubl%C3%A9-aux-lac-2,Appartement meublé aux Lac 2,Les Berges Du Lac 2 à La Marsa,250 TND,139,,2,2,2,,1.0,1.0,1.0,1.0,1.0,1.0,1.0,1.0,1.0,1.0,1.0,1.0,1.0,1.0,1.0,1.0,Appartement,Bon état,2ème,Marbre,,,,36.876389,10.325278,,1.0,1.0,,1.0,1.0,,,1.0,Est,1,,,
https://www.mubawab.tn/fr/a/7842152/location-estivale-appartement-pied-dans-l-%C3%A9au,Location Estivale Appartement Pied dans l'éau,Hammamet à Hammamet,Prix à consulter,1000,2,,,3,,,,,,,,,,,,,,,,,,Appartement,Bon état,,,,,,36.40108,10.61457,1,,,,,,1,,,,,,,
https://www.mubawab.tn/fr/a/7870550/studio-meubl%C3%A9-par-nuit%C3%A9e,Studio meublé par nuitée,Cité Ennasr 1 à Ariana Ville,80 TND,60,2,,,3,,,,,,,,,,,,,,,,,,Appartement,Bon état,,,,,,36.8625,10.19556,1,,,,,,1,,,,,,,
https://www.mubawab.tn/fr/a/8129624/vacances-appartement-privada-s2,Vacances Appartement Privada S2,Hammamet Nord à Hammamet,3 500 TND par semaine,150,3,2,2,7,1.0,1.0,1.0,1.0,1.0,,1.0,1.0,1.0,1.0,1.0,1.0,1.0,1.0,1.0,1.0,,Appartement,Nouveau,,,,,,36.40108,10.61457,,,1.0,,1.0,1.0,,1.0,1.0,,,,,
https://www.mubawab.tn/fr/a/7916891/s2-meubl%C3%A9-%C3%A0-manzah-7-bis-c%C3%B4t%C3%A9-ennaser-2,S2 meublé à manzah 7 bis côté ennaser 2,El Menzah 7 à Ariana Ville,Prix à consulter,90,3,2,,3,,1.0,1.0,1.0,1.0,1.0,1.0,1.0,1.0,1.0,1.0,1.0,1.0,1.0,1.0,1.0,,Appartement,À rénover,7ème,Parquet,,,,36.85334217539223,10.151444868458142,1,1.0,,1.0,1.0,1.0,,,1.0,Nord,,,,
https://www.mubawab.tn/fr/a/8110335/appartement-pieds-dans-l-eau-%C3%A0-plage-hammam-ghezez,Appartement pieds dans l'eau à plage hammam ghezez,Hammam El Ghezaz,1 850 TND par semaine,100,3,2,,6,,1.0,,,1.0,1.0,1.0,,,,1.0,1.0,1.0,1.0,1.0,1.0,,Appartement,Nouveau,,,,,,36.930637,11.048549,1,,1.0,,,,,,,,,,,
https://www.mubawab.tn/fr/a/7964427/etage-de-villa-haut-standing-%C3%A0-cit%C3%A9-saha-bizerte,Etage de villa Haut standing à cité saha Bizerte,Cité de la santé à Bizerte Nord,350 TND par jour,150,3,2,,2,,,,,1.0,1.0,1.0,,,,1.0,1.0,1.0,1.0,1.0,1.0,,Appartement,Nouveau,,,,,,37.272,9.8708,1,,,1.0,,1.0,,,,,,,,
https://www.mubawab.tn/fr/a/7928472/appartement-meubl%C3%A9e-%C3%A0-sidi-salem-bizerte,Appartement Meublée à Sidi Salem Bizerte,Sidi Salem à Bizerte Nord,Prix à consulter,100,3,2,,3,,,,,1.0,,1.0,,,,1.0,1.0,1.0,1.0,1.0,,,Appartement,Bon état,,,,,,37.272,9.8708,1,,1.0,,1.0,1.0,,,,,,,,
https://www.mubawab.tn/fr/a/8130924/location-saisonni%C3%A8re-s2-pieds-dans-l-eau,Location Saisonnière S2 pieds dans l'eau,Chott Meriem à Akouda,360 TND,100,3,2,,6,,1.0,,,,,1.0,,1.0,,1.0,1.0,1.0,1.0,1.0,,,Appartement,Bon état,,,,,,35.87,10.57,1,1.0,1.0,,1.0,1.0,,1.0,,,,,,
https://www.mubawab.tn/fr/a/7965848/appartement-courte-dur%C3%A9e-lac-2,Appartement courte durée lac 2,Les Berges Du Lac 2 à La Marsa,170 TND par jour,65,,,,3,,,,,,,,,,,,,,,,,,Appartement,Bon état,5ème,Marbre,,,,36.84689860000002,10.2641808,1,,,,,,1,,,Ouest,1,,,
https://www.mubawab.tn/fr/a/8137831/bel-appartement-location-estivale,Bel appartement location estivale,Tantana à Hammam Sousse,125 TND par jour,52,2,,,6,1.0,1.0,1.0,1.0,1.0,1.0,1.0,,,1.0,1.0,1.0,1.0,1.0,1.0,,,Appartement,Bon état,,Marbre,,,,35.90654978839288,10.576864218099809,1,,,,1.0,,1,1.0,,Est,,,,
https://www.mubawab.tn/fr/a/8137808/location-saisonni%C3%A8re-%E2%80%93-appartement-s3-%C3%A0-hergla,Location Saisonnière – Appartement S3 à Hergla,Hergla,330 TND par jour,150,4,3,2,6,,,,,,,1.0,1.0,1.0,,1.0,1.0,1.0,1.0,1.0,,,Appartement,Bon état,,,,,,36.0301,10.5079,,,,,,,,,,,,,,
https://www.mubawab.tn/fr/a/8137772/appartement-s2-djerba,Appartement S2 Djerba,Houmt Souk à Houmt Souk,250 TND par jour,120,3,2,,1,,1.0,1.0,1.0,1.0,1.0,1.0,,,,1.0,1.0,1.0,1.0,1.0,1.0,,Appartement,Nouveau,1er,Parquet,,,,33.866667,10.85,1,,,,1.0,1.0,,,1.0,Est,,,,
https://www.mubawab.tn/fr/a/8130965/location-saisonni%C3%A8re-s1-pieds-dans-l-eau-%C3%A0-sousse,Location Saisonnière S1 Pieds Dans l'Eau à Sousse,Sousse Corniche,260 TND,80,2,,,3,,1.0,,1.0,,,1.0,1.0,,,1.0,1.0,1.0,1.0,1.0,,,Appartement,Bon état,,,,,,35.81771,10.64549,1,1.0,1.0,,1.0,1.0,1,1.0,,,,,,
https://www.mubawab.tn/fr/a/8091228/location-saisonni%C3%A8re-s2-pieds-dans-l-eau-%C3%A0-hergla,Location Saisonnière S2 Pieds dans l'Eau à Hergla,Hergla,270 TND par jour,140,3,2,,5,,1.0,,1.0,,,1.0,1.0,,,1.0,1.0,1.0,1.0,1.0,,,Appartement,Bon état,,,,,,36.0301,10.5079,1,1.0,1.0,,1.0,1.0,,1.0,,,,,,
https://www.mubawab.tn/fr/a/8134984/location-saisonni%C3%A8re-%E2%80%93-s1-%C3%A0-chatt-meriem-%E2%80%93,Location Saisonnière – S1 à Chatt Meriem –,Chott Meriem à Akouda,240 TND par jour,60,2,,,7,,1.0,,1.0,,,1.0,1.0,,,1.0,1.0,1.0,1.0,1.0,,,Appartement,Bon état,,,,,,35.87,10.57,1,,,,1.0,1.0,1,1.0,,,,,,
https://www.mubawab.tn/fr/a/7917830/appartement-pieds-dans-l%E2%80%99eau-plage-ezzahra-kelibia,Appartement pieds dans l’eau plage Ezzahra Kelibia,Hammam El Ghezaz,3 500 TND par semaine,200,3,3,2,7,,1.0,,,,,1.0,,,,1.0,1.0,1.0,1.0,1.0,,,Appartement,Nouveau,,,,,,36.930637,11.048549,,,1.0,,,,,,,,,,,
https://www.mubawab.tn/fr/a/8137629/appartement-s1-en-sous-sol-%E2%80%93-calme-et-%C3%A9quip%C3%A9,Appartement S1 en sous sol – Calme et équipé,Cité de la Plage 1,90 TND par jour,50,2,,,3,,1.0,1.0,,,,1.0,1.0,,,1.0,1.0,,1.0,,1.0,,Appartement,Nouveau,,,,,,35.79,10.56,1,,1.0,,,1.0,1,,,,,,,
https://www.mubawab.tn/fr/a/8137610/appartement-s1,Appartement s1,Cité de la Plage à Hammam Sousse,80 TND par jour,30,2,,,1,,,1.0,,,,1.0,1.0,,,1.0,1.0,1.0,1.0,,1.0,,Appartement,Nouveau,1er,,,,,35.86716006594814,10.601974332046511,1,,,,,1.0,1,,,,,,,
https://www.mubawab.tn/fr/a/8137604/appartement-s2-lumineux-vue-mer-grande-terasse,Appartement s2 lumineux Vue Mer Grande terasse,Cité de la Plage à Hammam Sousse,100 TND par jour,50,2,2,,3,1.0,1.0,1.0,,,,1.0,1.0,,,1.0,1.0,1.0,1.0,,1.0,,Appartement,Nouveau,,,,,,35.867215093347724,10.601918041266908,1,,,,,1.0,,,,,,,,
https://www.mubawab.tn/fr/a/7889765/a-louer-%C3%A9tage-de-villa-s3-vue-sur-mer-%C3%A0-nabeul,A louer étage de villa S3 vue sur mer à Nabeul,Les Deux Oueds à Nabeul,Prix à consulter,130,4,3,2,6,,1.0,,,,1.0,1.0,,,,1.0,1.0,1.0,,1.0,,,Appartement,Bon état,1er,Parquet,,,,36.42790554181847,10.6883141476186,,,1.0,,,,,,,Sud,,,,
https://www.mubawab.tn/fr/a/7901435/a-louer-appartement-s2-rdc-%C3%A0-afh-mrezga-nabeul,"A louer appartement S2 RDC à AFH Mrezga, Nabeul",Cité El Wafa à Nabeul,Prix à consulter,110,3,2,,6,,1.0,1.0,1.0,1.0,1.0,1.0,,1.0,,1.0,1.0,1.0,1.0,1.0,,1.0,Appartement,Bon état,,Carrelage,,,,36.43611222476786,10.693601611861776,1,,,,1.0,1.0,,1.0,1.0,Est,,,,
https://www.mubawab.tn/fr/a/7679190/a-louer-appartement-s1-%C3%A0-afh-mrezga-nabeul,A louer appartement S1 à AFH Mrezga; Nabeul,Cité El Wafa à Nabeul,Prix à consulter,75,2,,,6,,1.0,,1.0,1.0,1.0,1.0,,1.0,1.0,1.0,1.0,1.0,1.0,1.0,1.0,,Appartement,Nouveau,2ème,Marbre,,,,36.438073104765195,10.691060421488318,1,1.0,,,1.0,1.0,1,1.0,1.0,Ouest,,,,
https://www.mubawab.tn/fr/a/7679154/a-louer-appartement-s1-avec-terrasse-%C3%A0-afh-mrezga,A louer appartement S1 avec terrasse à AFH Mrezga,Cité El Wafa à Nabeul,Prix à consulter,80,2,,,6,,1.0,1.0,1.0,,1.0,1.0,,1.0,1.0,1.0,1.0,1.0,1.0,1.0,,,Appartement,Bon état,5ème,Marbre,,,,36.43910944867931,10.693131853046081,1,1.0,1.0,,1.0,1.0,1,1.0,1.0,Ouest,,,,
https://www.mubawab.tn/fr/a/7707207/a-louer-appartement-s1-vue-mer-%C3%A0-afh-mrezga,A louer appartement S1 vue mer à AFH Mrezga,Cité El Wafa à Nabeul,Prix à consulter,75,2,,,4,,1.0,,1.0,1.0,1.0,1.0,,1.0,1.0,1.0,1.0,1.0,1.0,1.0,,,Appartement,Nouveau,4ème,Marbre,,,,36.437103,10.691667,1,1.0,1.0,,1.0,1.0,1,1.0,1.0,,,,,
https://www.mubawab.tn/fr/a/7872322/a-louer-appartement-s1-avec-terrasse-%C3%A0-afh-mrezga,A louer appartement S1 avec terrasse à AFH Mrezga,Cité El Wafa à Nabeul,Prix à consulter,88,2,,,4,,1.0,1.0,1.0,1.0,1.0,1.0,1.0,1.0,1.0,1.0,1.0,1.0,1.0,1.0,1.0,1.0,Appartement,Nouveau,,Marbre,,,,36.43887357894008,10.691502193827821,1,,,,1.0,1.0,1,1.0,1.0,Est,,,,
https://www.mubawab.tn/fr/a/7886261/a-louer-appartement-s1-%C3%A0-afh-mrezga-nabeul,"A louer appartement S1 à AFH Mrezga, Nabeul",Cité El Wafa à Nabeul,Prix à consulter,69,2,2,,6,,,1.0,1.0,1.0,1.0,1.0,1.0,1.0,1.0,1.0,1.0,1.0,1.0,1.0,1.0,,Appartement,Nouveau,1er,,,,,36.43868581167521,10.690182484463454,1,1.0,,1.0,1.0,1.0,,1.0,1.0,,,,,
https://www.mubawab.tn/fr/a/8137131/vacances-%C3%A0-kantaoui-pied-dans-l-eau,Vacances à kantaoui pied dans l eau,El Kantaoui à Hammam Sousse,1 600 TND par semaine,110,3,2,2,7,,1.0,1.0,,,1.0,1.0,,,,1.0,1.0,1.0,1.0,1.0,,,Appartement,Bon état,1er,,,,,35.898175,10.58025,,,1.0,,,,,1.0,,Est,,,,
https://www.mubawab.tn/fr/a/8062057/vacances-appartement-cozy-s1,Vacances Appartement Cozy S1,Nabeul à Nabeul,1 650 TND par semaine,70,2,,,7,1.0,1.0,,,1.0,,1.0,1.0,,,1.0,1.0,1.0,1.0,1.0,,,Appartement,Nouveau,,,,,,36.45056,10.73505,1,,,1.0,1.0,1.0,1,,,,,,,
https://www.mubawab.tn/fr/a/7861550/villa-pieds-dans-l-eau-avec-piscine-%C3%A0-k%C3%A9libia,Villa pieds dans l'eau avec piscine à kélibia,Kélibia,6 800 TND,200,4,3,3,6,1.0,1.0,1.0,,,,1.0,,,,1.0,1.0,1.0,1.0,1.0,1.0,,Appartement,Nouveau,,,,,,36.8493,11.0918,,,1.0,,,,,1.0,,,,,,
https://www.mubawab.tn/fr/a/7937170/r%C3%A9sidence-avec-piscine-%C3%A0-plage-hammem-el-ghezez,Résidence avec piscine à plage hammem el ghezez,Hammam Ghezèze,2 200 TND,100,4,2,,5,,1.0,,,,,1.0,,,,1.0,1.0,,1.0,1.0,,,Appartement,Nouveau,,,,,,36.91237,11.10203,1,,,,,,,1.0,,,,,,
https://www.mubawab.tn/fr/a/8136252/location-vacance-s2-avec-piscine-%C3%A0-afh2-mrezga,Location Vacance S2 avec piscine à AFH2 Mrezga,Cité El Wafa à Nabeul,Prix à consulter,100,4,2,2,3,,1.0,,1.0,1.0,1.0,1.0,1.0,1.0,1.0,1.0,1.0,1.0,1.0,1.0,,,Appartement,Bon état,4ème,Marbre,,,,36.45056,10.73505,,1.0,,1.0,1.0,,,1.0,1.0,Nord,,,,
https://www.mubawab.tn/fr/a/7895279/appartement-s3-pdl-plage-aon-grinz-kelibia,Appartement S3 PDL plage Aon Grinz Kelibia,Kélibia,2 800 TND par semaine,200,3,3,,7,,1.0,1.0,,,,1.0,,,,1.0,1.0,1.0,1.0,1.0,,,Appartement,Nouveau,,,,,,36.8493,11.0918,1,,1.0,,,,,,,,,,,
https://www.mubawab.tn/fr/a/8135581/nouveau-studio-ain-zaghouen-nord-avec-entr%C3%A9e-priv%C3%A9,Nouveau Studio Ain Zaghouen Nord avec entrée privé,Ain Zaghouan Nord à La Marsa,120 TND,90,3,,,2,,1.0,1.0,1.0,1.0,1.0,1.0,1.0,1.0,1.0,1.0,1.0,1.0,1.0,1.0,1.0,,Appartement,Nouveau,,Marbre,,,,36.8623859,10.2835035,1,1.0,,,1.0,1.0,1,,1.0,Nord,,1.0,,
https://www.mubawab.tn/fr/a/7905387/s2-meubl%C3%A9-%C3%A0-hammamet-nord-pr%C3%A9s-du-palais-pr%C3%A9sident,S2 meublé à Hammamet nord prés du palais président,Hammamet à Hammamet,250 TND,120,2,2,,1,,,,,,,1.0,1.0,1.0,,1.0,,1.0,1.0,1.0,,,Appartement,Nouveau,,,,,,36.40108,10.61457,1,1.0,,,1.0,,,1.0,,,,,,
https://www.mubawab.tn/fr/a/8134033/vacances-appartement-dolce-s2,Vacances Appartement Dolce S2,Sidi El Mahrsi à Nabeul,3 700 TND par semaine,180,3,2,,7,1.0,1.0,,1.0,1.0,,1.0,1.0,1.0,1.0,1.0,1.0,1.0,1.0,1.0,1.0,,Appartement,Nouveau,,,,,,36.45056,10.73505,1,,1.0,,1.0,1.0,,1.0,1.0,,,,,
https://www.mubawab.tn/fr/a/8129867/location-estivale-s2,Location estivale S2,Hammamet à Hammamet,1 600 TND par semaine,120,3,2,,7,,1.0,1.0,1.0,1.0,1.0,1.0,1.0,1.0,1.0,1.0,1.0,1.0,1.0,1.0,,,Appartement,Bon état,,,,,,36.40108,10.61457,1,,,,1.0,1.0,,,1.0,,,,,
https://www.mubawab.tn/fr/a/7652160/appartement-s1-%C3%A0-marina-yasmine-hammamet,Appartement S1 à marina Yasmine Hammamet,Yasmine Hammamet à Hammamet,1 700 TND par semaine,80,2,,,7,,1.0,,,1.0,1.0,1.0,,1.0,,1.0,1.0,1.0,1.0,,,,Appartement,Bon état,2ème,Marbre,,,,36.375829298055734,10.544259429094478,1,,1.0,,1.0,,1,1.0,,Est,,,,
https://www.mubawab.tn/fr/a/8129397/un-appartement-s2,Un appartement S2,Hammamet Sud à Hammamet,1 800 TND,120,3,2,,7,,1.0,1.0,1.0,1.0,,1.0,1.0,1.0,1.0,1.0,1.0,,1.0,1.0,,,Appartement,Nouveau,,,,,,36.40108,10.61457,1,,,,1.0,1.0,,1.0,1.0,Est,,,,
https://www.mubawab.tn/fr/a/8129863/location-estivale-s2,Location estivale S2,Hammamet à Hammamet,3 000 TND par semaine,120,3,2,2,7,,1.0,1.0,1.0,1.0,1.0,1.0,,1.0,1.0,1.0,1.0,1.0,1.0,1.0,,,Appartement,Bon état,,,,,,36.40108,10.61457,,1.0,1.0,,1.0,1.0,,,1.0,,,,,
https://www.mubawab.tn/fr/a/8129897/location-estivale-s2,Location estivale S2,Hammamet Nord à Hammamet,2 500 TND par semaine,120,3,2,,7,,1.0,1.0,1.0,1.0,,1.0,1.0,1.0,1.0,1.0,1.0,1.0,1.0,1.0,,,Appartement,Bon état,,,,,,36.40108,10.61457,1,,,,1.0,1.0,,,1.0,,,,,
https://www.mubawab.tn/fr/a/8091999/s2-meubl%C3%A9-%C3%A0-cit%C3%A9-wafa-mrezgua,S2 meublé à Cité wafa mrezgua,Cité El Wafa à Nabeul,1 750 TND par semaine,90,3,2,,7,,1.0,1.0,1.0,1.0,1.0,1.0,,,,1.0,1.0,1.0,1.0,1.0,1.0,,Appartement,Nouveau,5ème,Marbre,,,,36.44234859111036,10.692812465586098,1,1.0,,1.0,1.0,1.0,,1.0,,Est,,,,
https://www.mubawab.tn/fr/a/7677832/appartement-s2-%C3%A0-yasmine-hammamet,Appartement S2 à Yasmine Hammamet,Yasmine Hammamet à Hammamet,1 800 TND par semaine,100,3,2,2,7,,1.0,,1.0,,1.0,1.0,,1.0,1.0,,1.0,1.0,,1.0,,,Appartement,Bon état,1er,Carrelage,,,,36.377189218810386,10.539813465178053,,,,,,,,1.0,1.0,,,,,
https://www.mubawab.tn/fr/a/7710386/appartement-s1-%C3%A0-jin%C3%A9ne-hammamet,Appartement S1 à jinéne Hammamet,Hammamet Sud à Hammamet,1 500 TND par semaine,80,2,,,7,1.0,1.0,,1.0,1.0,1.0,1.0,1.0,,,,1.0,,1.0,1.0,,,Appartement,Bon état,1er,,,,,36.3892239520148,10.552512285822473,1,,,,,1.0,1,,,Est,,,,
https://www.mubawab.tn/fr/a/7651636/appartement-s2-%C3%A0-jin%C3%A9ne-hammamet,Appartement S2 à Jinéne Hammamet,Hammamet à Hammamet,1 800 TND par semaine,100,3,2,,7,,1.0,1.0,,1.0,1.0,1.0,,1.0,1.0,1.0,1.0,1.0,1.0,1.0,,,Appartement,Bon état,1er,Carrelage,,,,36.40108,10.61457,1,,,,,,,,,,,,,
https://www.mubawab.tn/fr/a/8129861/appartement-s2-pour-location-estivale,Appartement s2 pour location estivale,Hammamet à Hammamet,2 200 TND par semaine,120,3,2,2,7,,1.0,1.0,1.0,1.0,1.0,1.0,1.0,1.0,1.0,1.0,1.0,1.0,1.0,1.0,,,Appartement,Bon état,,,,,,36.40108,10.61457,,,,,1.0,1.0,,,1.0,,,,,
https://www.mubawab.tn/fr/a/8135227/locations-de-vacances-de-luxe,Locations de vacances de luxe,Kélibia,2 500 TND par semaine,100,,2,,7,,1.0,,,,1.0,1.0,,,,1.0,1.0,1.0,1.0,,,1.0,Appartement,Bon état,,,,,,36.820543545140666,11.069197045186401,1,,1.0,,,,,,,,1,,,
https://www.mubawab.tn/fr/a/7711139/s1-%C3%A0-manzah-7-bis,S1 à manzah 7 bis,El Menzah 7 à Ariana Ville,100 TND par jour,80,2,,,3,1.0,1.0,,1.0,1.0,1.0,1.0,1.0,1.0,1.0,1.0,1.0,1.0,1.0,1.0,1.0,1.0,Appartement,Bon état,6ème,Carrelage,,,,36.854057599007035,10.151184513620455,1,1.0,,,1.0,1.0,1,,1.0,Nord,,,,
https://www.mubawab.tn/fr/a/7451290/location-estivale-duplex-syrine,Location estivale Duplex syrine,Hammamet Nord à Hammamet,3 800 TND par semaine,140,4,3,3,7,,1.0,,1.0,,1.0,1.0,,,1.0,1.0,1.0,1.0,1.0,1.0,,,Appartement,Nouveau,,Marbre,,,,36.40108,10.61457,,1.0,1.0,,1.0,1.0,,1.0,,Nord,,,,
https://www.mubawab.tn/fr/a/8123937/%C3%A0-louer-appartement-s2-%C3%A0-courte-dur%C3%A9e-afh2,À louer appartement S2 à courte durée Afh2,Cité El Wafa à Nabeul,350 TND,110,3,2,,7,,,,1.0,,1.0,1.0,1.0,,,1.0,1.0,1.0,1.0,1.0,,,Appartement,Nouveau,3ème,,,,,36.45056,10.73505,1,1.0,,,1.0,1.0,,1.0,,,,,,
https://www.mubawab.tn/fr/a/7912014/appartement-s1-pour-la-location-de-vacances,Appartement s1 pour la location de vacances,Hammamet Nord à Hammamet,Prix à consulter,84,,,,7,,1.0,,1.0,,1.0,1.0,1.0,,,1.0,1.0,1.0,1.0,1.0,,,Appartement,Bon état,5ème,Marbre,,,,36.40108,10.61457,1,1.0,,,1.0,1.0,1,1.0,,,1,,,
https://www.mubawab.tn/fr/a/8098863/appartement-s1-pour-la-location-des-vacances,Appartement S1 pour la location des vacances,Hammamet à Hammamet,160 TND par jour,64,,,,4,,1.0,,,,,,,,,,,,,,,,Appartement,Nouveau,,,,,,36.40108,10.61457,1,,,,,,1,,,,1,,,
https://www.mubawab.tn/fr/a/7919254/appartement-s1-pour-la-location-de-vacances,Appartement s1 pour la location de vacances,Hammamet Nord à Hammamet,180 TND par jour,75,2,,,4,,1.0,,1.0,,,,1.0,,,1.0,1.0,1.0,1.0,1.0,1.0,,Appartement,Bon état,1er,,,,,36.40107999999999,10.61457,1,1.0,,,1.0,,1,1.0,,,,,,
https://www.mubawab.tn/fr/a/8134369/location-%C3%A9t%C3%A9-s1-avec-piscine-%C3%A0-afh2-mrezga-nabeul,Location été S1 avec piscine à AFH2 Mrezga Nabeul,Cité El Wafa à Nabeul,Prix à consulter,60,2,,,3,,1.0,1.0,1.0,1.0,1.0,1.0,1.0,1.0,1.0,1.0,1.0,1.0,1.0,1.0,,,Appartement,Bon état,3ème,Marbre,,,,36.45056,10.73505,1,1.0,,1.0,1.0,,1,1.0,1.0,Nord,,,,
https://www.mubawab.tn/fr/a/7917832/appartement-s2-pdl-plage-ezzahra-kelibia,Appartement S2 PDL Plage Ezzahra Kelibia,Hammam El Ghezaz,2 300 TND par semaine,100,2,2,,7,,1.0,,,,,1.0,,,,1.0,1.0,1.0,1.0,1.0,,,Appartement,Nouveau,,,,,,36.930637,11.048549,1,,1.0,,,,,,,,,,,
https://www.mubawab.tn/fr/a/7913894/un-appartement-s2-pour-la-location-de-vacances,Un appartement S2 pour la location de vacances,Hammamet Nord à Hammamet,280 TND par semaine,104,3,2,3,7,,1.0,,1.0,,,1.0,1.0,,,1.0,1.0,1.0,1.0,1.0,,1.0,Appartement,Nouveau,,,,,,36.40108,10.61457,,1.0,,,1.0,1.0,,1.0,1.0,,,,,
https://www.mubawab.tn/fr/a/7911854/appartement-s2-pour-la-location-de-vacances,Appartement s2 pour la location de vacances,Hammamet Nord à Hammamet,280 TND par jour,100,2,2,,7,,1.0,,1.0,1.0,,1.0,,1.0,,1.0,1.0,1.0,1.0,1.0,1.0,,Appartement,Bon état,,Marbre,,,,36.40108,10.61457,1,,,,1.0,1.0,,1.0,,,,,,
https://www.mubawab.tn/fr/a/8134046/appartement-de-vacances-%C3%A0-louer-%C3%A0-la-goulette-surface-de-70-m%C2%B2-nombres-minimum-de-nuits-3,Appartement de vacances à louer à La Goulette. Surface de 70 m². Nombres minimum de nuits 3,La Goulette à La Goulette,90 TND par jour,70,,2,,3,,,,,,,,,,,1.0,,,1.0,,1.0,,Appartement,Bon état,,,,,,36.816486599999976,10.3004712,1,,,,,,,,,,,,,
https://www.mubawab.tn/fr/a/8134130/appartement-%C3%A0-400m-de-la-plage-au-calme,Appartement à 400m de la plage au calme,Menzel Temime,200 TND par jour,100,4,3,2,4,,1.0,,,,1.0,1.0,,,,1.0,1.0,1.0,1.0,1.0,,,Appartement,Nouveau,1er,Carrelage,,,,36.71195,10.941144,,,1.0,,,,,,,Est,,,,
https://www.mubawab.tn/fr/a/8133743/s1-meubl%C3%A9-avec-une-terrasse-%C3%A0-hammamet-nord,S1 Meublé avec une terrasse à Hammamet Nord,Hammamet Nord à Hammamet,1 200 TND par semaine,80,2,,,7,,1.0,1.0,1.0,,,1.0,1.0,,,1.0,1.0,1.0,1.0,,,,Appartement,Bon état,,,,,,36.40108,10.61457,1,1.0,1.0,,1.0,,1,,,,,,,
https://www.mubawab.tn/fr/a/7922102/s1-vue-piscine-%C3%A0-afh2-mrezga,S1 vue piscine à AFH2 Mrezga,Cité El Wafa à Nabeul,Prix à consulter,60,2,,,3,,1.0,,1.0,1.0,1.0,1.0,1.0,1.0,1.0,1.0,1.0,1.0,1.0,1.0,,,Appartement,Nouveau,2ème,Marbre,,,,36.45056,10.73505,1,1.0,,1.0,1.0,,1,1.0,1.0,,,,,
https://www.mubawab.tn/fr/a/7949413/appartement-s1-pour-la-location-estivale,Appartement S1 pour la location estivale,Hammamet à Hammamet,Prix à consulter,75,,,,1,,,,,,,1.0,1.0,,,1.0,,,1.0,,,,Appartement,Nouveau,,,,,,36.40108,10.61457,1,,,,,,1,1.0,,,1,,,
https://www.mubawab.tn/fr/a/8111324/appartement-s1-pour-la-location-courte-dur%C3%A9e,Appartement S1 pour la location courte durée,Hammamet à Hammamet,120 TND,65,,,,1,,,1.0,,,,1.0,,,,,,,,,,,Appartement,Nouveau,,,,,,36.40108,10.61457,1,,,,,,1,1.0,,,1,,,
https://www.mubawab.tn/fr/a/8133421/charmant-studio-meubl%C3%A9-%C3%A9quip%C3%A9-bord-de-mer,"Charmant studio meublé, équipé, Bord de mer",Tantana,600 TND par semaine,26,,,,6,1.0,1.0,,1.0,1.0,1.0,1.0,1.0,1.0,1.0,1.0,1.0,1.0,1.0,1.0,,,Appartement,Bon état,3ème,,,,,35.91818178758234,10.579227066040037,1,1.0,1.0,,1.0,1.0,1,,1.0,Est,1,,,
https://www.mubawab.tn/fr/a/8133289/studio-neuf-%C3%A0-ain-zaghouen-nord-avec-entr%C3%A9e-priv%C3%A9,Studio neuf à Ain Zaghouen Nord avec entrée privé,Ain Zaghouan Nord à La Marsa,110 TND,80,2,,,2,,1.0,1.0,1.0,,1.0,1.0,1.0,1.0,1.0,1.0,1.0,1.0,1.0,1.0,1.0,,Appartement,Nouveau,,Marbre,,,,36.8623859,10.2835035,1,1.0,,,1.0,1.0,1,,,Nord,,,,
https://www.mubawab.tn/fr/a/8120340/appartement-s1-pour-la-location-estivale,Appartement S1 pour la location estivale,Hammamet à Hammamet,170 TND,60,,2,,1,,1.0,,,,,,,,,,,,,,,,Appartement,Nouveau,,,,,,36.40108,10.61457,1,,,,,,,,,,1,,,
https://www.mubawab.tn/fr/a/8028119/magnifique-appart-aux-jardin-l%E2%80%99aouina-%C3%A0-c%C3%B4t%C3%A9-lac,Magnifique appart aux jardin l’aouina à côté lac,Aouina à La Marsa,150 TND par jour,118,6,2,,2,,1.0,1.0,1.0,1.0,1.0,1.0,1.0,,1.0,1.0,1.0,1.0,1.0,1.0,1.0,,Appartement,À rénover,2ème,Marbre,,,,36.85357359748847,10.256682382096486,1,1.0,,,1.0,1.0,,,1.0,Est,,,,
https://www.mubawab.tn/fr/a/8132432/vacances-appartement-skyline-s2,Vacances Appartement Skyline S2,Hammamet Nord à Hammamet,2 300 TND par semaine,100,3,2,2,7,,1.0,,1.0,1.0,1.0,1.0,1.0,1.0,1.0,1.0,1.0,1.0,1.0,1.0,,,Appartement,Nouveau,,,,,,36.40108,10.61457,,,,,,1.0,,1.0,,,,,,
https://www.mubawab.tn/fr/a/8023383/r%C3%A9sidence-s%C3%A9curis%C3%A9-et-familiale-aouina,Résidence Sécurisé et Familiale Aouina,Aouina à La Marsa,150 TND,120,4,2,,3,1.0,1.0,1.0,1.0,1.0,1.0,1.0,1.0,,1.0,1.0,1.0,1.0,1.0,1.0,1.0,,Appartement,Nouveau,2ème,Carrelage,,,,36.85448798056176,10.25520203250067,1,1.0,,,1.0,1.0,,,1.0,Est,,,,
https://www.mubawab.tn/fr/a/8131183/%C3%A9l%C3%A9gance-et-confort-absolus-%C3%A0-plage-ezzahra,Élégance et Confort Absolus à plage ezzahra,Hammam Ghezèze,3 500 TND par semaine,100,2,2,3,7,,1.0,,,1.0,,1.0,,1.0,,1.0,1.0,1.0,1.0,1.0,,,Appartement,Nouveau,,,,,,36.899625652403856,11.107045245519016,,,1.0,,1.0,1.0,,,1.0,,,,,
https://www.mubawab.tn/fr/a/8131174/appartement-s3-haute-standing-pied-dans-l-eau,Appartement s3 haute standing pied dans l'eau,Hammam Ghezèze,2 600 TND par semaine,130,,3,2,3,,1.0,,,1.0,,1.0,,,,1.0,1.0,1.0,1.0,1.0,,,Appartement,Nouveau,,,,,,36.90343681801663,11.105207456421603,,,1.0,,1.0,1.0,,,1.0,,1,,,
https://www.mubawab.tn/fr/a/8131140/appartement-haute-standing-%C3%A0-hammem-ghzez-kelibia,Appartement haute standing à hammem ghzez kelibia,Hammam El Ghezaz,2 500 TND par semaine,100,,2,,3,,1.0,,,1.0,,1.0,,,,1.0,1.0,1.0,1.0,1.0,,,Appartement,Nouveau,,,,,,36.88625293553598,11.117800618226045,1,,,,1.0,1.0,,,,,1,,,
https://www.mubawab.tn/fr/a/8084674/appartement-s3-%C3%A0-louer-pour-la-saison-estivale,Appartement s3 à louer pour la saison estivale,Nabeul à Nabeul,Prix à consulter,200,4,3,2,15,,1.0,,,,,1.0,1.0,,1.0,1.0,,,,,,,Appartement,Bon état,,,,,,36.45056,10.73505,,,1.0,,1.0,,,1.0,,,,,,
https://www.mubawab.tn/fr/a/8033855/location-duplex-mayssa,Location Duplex Mayssa,Hammamet Sud à Hammamet,3 000 TND par semaine,120,3,2,2,7,,,,1.0,1.0,1.0,1.0,1.0,1.0,1.0,1.0,1.0,1.0,1.0,1.0,1.0,,Appartement,Nouveau,1er,Parquet,,,,36.40108,10.61457,,,,,1.0,1.0,,,1.0,Sud,,,,
https://www.mubawab.tn/fr/a/8130422/appartement-s2-%C3%A0-100m-de-la-plage-sousse,Appartement S2 à 100m de la PLAGE SOUSSE,Cité de la Plage à Hammam Sousse,280 TND par jour,150,2,2,,4,,1.0,1.0,1.0,,1.0,1.0,1.0,,1.0,1.0,1.0,1.0,1.0,1.0,,,Appartement,Nouveau,,,,,,35.86704952922531,10.609241660954032,1,1.0,1.0,,,1.0,,,,Est,,,,
https://www.mubawab.tn/fr/a/8130064/a-louer-un-appartement-en-s-1,A louer un appartement en S 1,Cité El Wafa à Nabeul,750 TND,,,,,1,,,,,,,,,,,,,,,,,,Appartement,Nouveau,,,,,,36.45056,10.73505,1,,,,,,1,,,,1,,,
https://www.mubawab.tn/fr/a/7622573/a-louer-%C3%A0-hammamet-mrezga,A louer à hammamet mrezga,Hammamet Nord à Hammamet,210 TND par jour,95,3,2,,3,1.0,1.0,1.0,1.0,1.0,1.0,1.0,1.0,1.0,1.0,1.0,1.0,1.0,1.0,1.0,1.0,,Appartement,Nouveau,2ème,Marbre,,,,36.43963787185834,10.693497945148872,1,1.0,,,1.0,1.0,,1.0,1.0,Sud,,,,
https://www.mubawab.tn/fr/a/7969502/le-rooftop-apparte-avec-grande-terrasse-nabeul,Le Rooftop Apparte avec Grande Terrasse nabeul,Nabeul à Nabeul,130 TND par jour,79,2,2,,1,1.0,1.0,,,1.0,1.0,1.0,1.0,1.0,1.0,1.0,1.0,1.0,1.0,1.0,1.0,,Appartement,Nouveau,2ème,Carrelage,,,,36.45056,10.73505,1,,,,1.0,1.0,,,1.0,Nord,,,,
https://www.mubawab.tn/fr/a/8109772/duplex-s2-meubl%C3%A9-%C3%A0-la-corniche-hammamet,Duplex S2 meublé à la corniche hammamet,Hammamet à Hammamet,1 600 TND par semaine,80,3,2,2,7,,1.0,,,1.0,,1.0,,,,1.0,1.0,1.0,,1.0,,,Appartement,Nouveau,,Marbre,,,,36.40108,10.61457,,,,,,,,,,,,,,
https://www.mubawab.tn/fr/a/8128548/location-estivale-villa-s4-a-hammamet,Location Estivale Villa S4 a Hammamet,Hammamet à Hammamet,Prix à consulter,200,5,4,4,6,1.0,1.0,,,,,1.0,,,,1.0,,,,,,,Appartement,Nouveau,,,,,,36.40108,10.61457,,,,,1.0,,,1.0,,,,,,
https://www.mubawab.tn/fr/a/8125959/s2-meubl%C3%A9-avec-terrasse,S2 meublé avec terrasse,Hammamet Sud à Hammamet,2 100 TND par semaine,70,3,2,2,7,,1.0,,1.0,1.0,,1.0,1.0,,,1.0,1.0,1.0,1.0,1.0,,,Appartement,Bon état,,,,,,36.40108,10.61457,,,,,1.0,1.0,,1.0,,,,,,
https://www.mubawab.tn/fr/a/8128253/studio-une-minute-%C3%A0-pieds-plage-kelibia-la-blanch,Studio une minute à pieds plage Kelibia La Blanch,Kélibia,1 500 TND par semaine,100,,,,7,1.0,,,,,,1.0,,,,1.0,1.0,1.0,1.0,1.0,,,Appartement,Nouveau,,,,,,36.8493,11.0918,1,,,,,,1,,,,1,,,
https://www.mubawab.tn/fr/a/8127215/appartement-vue-sur-mer-%C3%A0-kelibia-la-blanche,Appartement vue sur mer à Kelibia la blanche,Kélibia,2 400 TND par semaine,100,2,2,,7,,1.0,,,,,1.0,,,,1.0,1.0,1.0,1.0,1.0,,,Appartement,Nouveau,,,,,,36.8493,11.0918,1,,1.0,,,,,,,,,,,
https://www.mubawab.tn/fr/a/8127214/appartement-s2-%C3%A0-kelibia-la-blanche,Appartement S2 à Kelibia la blanche,Kélibia,2 400 TND par semaine,100,2,2,,7,,1.0,,,,,1.0,,,,1.0,1.0,1.0,1.0,1.0,,,Appartement,Nouveau,,,,,,36.8493,11.0918,1,,1.0,,,,,,,,,,,
https://www.mubawab.tn/fr/a/8127205/appartement-s3-vue-sur-mer-plage-ezzahra-kelibia,Appartement S3 Vue sur mer plage Ezzahra Kelibia,Hammam El Ghezaz,3 000 TND par semaine,200,3,3,,7,,1.0,,,,,1.0,,,,1.0,1.0,1.0,1.0,1.0,,,Appartement,Nouveau,,,,,,36.930637,11.048549,1,,1.0,,,,,,,,,,,
https://www.mubawab.tn/fr/a/8127071/appartement-vue-mer-et-piscine-%C3%A0-folla,Appartement Vue mer et Piscine à Folla,Chott Meriem à Akouda,3 200 TND,80,3,2,,7,1.0,1.0,,1.0,1.0,1.0,1.0,,1.0,,1.0,1.0,1.0,1.0,1.0,1.0,,Appartement,Bon état,2ème,Marbre,,,,35.87,10.57,1,1.0,,,1.0,1.0,,1.0,,Est,,,,
https://www.mubawab.tn/fr/a/7812375/joli-appartement-pour-vos-vacances-d-%C3%A9t%C3%A9-%C3%A0-tezdaine,Joli appartement pour vos vacances d'été à Tezdaine,Tezdaine à Djerba,Prix à consulter,,4,2,,5,,1.0,,,1.0,,1.0,,,,1.0,1.0,1.0,1.0,1.0,,,Appartement,Nouveau,,,,,,33.8075978,10.8451467,1,,,,,,,,,,,,,
https://www.mubawab.tn/fr/a/7959851/appartement-vue-sur-mer-a-hammem-ghzez,Appartement vue sur mer a hammem ghzez,Hammam El Ghezaz,2 000 TND par semaine,100,2,2,,7,,1.0,,,,,1.0,,,,1.0,1.0,1.0,1.0,1.0,,,Appartement,Nouveau,,,,,,36.930637,11.048549,1,,1.0,,,,,,,,,,,
https://www.mubawab.tn/fr/a/7889097/a-louer-s1-dans-une-r%C3%A9sidence-avec-piscine,A louer S1 dans une résidence avec piscine,Cité El Wafa à Nabeul,Prix à consulter,60,2,,,3,,1.0,,1.0,1.0,1.0,1.0,1.0,1.0,1.0,1.0,1.0,1.0,1.0,1.0,,,Appartement,Bon état,1er,Marbre,,,,36.45056,10.73505,1,1.0,,1.0,1.0,,1,1.0,1.0,,,,,
https://www.mubawab.tn/fr/a/8126117/appartement-s3-%C3%A0-kelibia-la-blanche,Appartement S3 à Kelibia la blanche,Kélibia,3 500 TND par semaine,200,3,3,2,7,,1.0,,,,,1.0,,,,1.0,1.0,1.0,1.0,1.0,,,Appartement,Nouveau,,,,,,36.8493,11.0918,,,1.0,,,,,,,,,,,
https://www.mubawab.tn/fr/a/8125980/studio-a-1-minutes-plage-mansourah,Studio a 1 minutes plage Mansourah,Kélibia,1 500 TND par semaine,60,,,,7,,1.0,,,,,1.0,,,,1.0,1.0,1.0,1.0,1.0,,,Appartement,Nouveau,,,,,,36.8493,11.0918,1,,,,,,1,,,,1,,,
https://www.mubawab.tn/fr/a/8125976/studio-s1-%C3%A0-300-m%C3%A8tres-plage-fatha-kelibia,Studio S1 à 300 mètres plage fatha Kelibia,Kélibia,1 500 TND par semaine,60,,,,7,,1.0,,,,,1.0,,,,1.0,1.0,1.0,1.0,1.0,,,Appartement,Nouveau,,,,,,36.8493,11.0918,1,,,,,,1,,,,1,,,
https://www.mubawab.tn/fr/a/8013256/s2-%C3%A0-jardin-l-aouina,S2 à jardin l'aouina,Aouina à La Marsa,120 TND par jour,122,5,2,,2,1.0,1.0,1.0,1.0,1.0,1.0,1.0,1.0,,1.0,1.0,1.0,1.0,1.0,1.0,1.0,,Appartement,Bon état,4ème,Marbre,,,,36.85417609373168,10.256099796416965,1,1.0,,,1.0,,,,1.0,Est,,,,
https://www.mubawab.tn/fr/a/8125752/location-p%C3%A9riodique-s1-%C3%A0-afh2,Location Périodique S1 à AFH2,Cité El Wafa à Nabeul,Prix à consulter,60,,,,3,,1.0,,1.0,1.0,1.0,1.0,1.0,1.0,1.0,1.0,1.0,1.0,1.0,1.0,,,Appartement,Bon état,6ème,Marbre,,,,36.45056,10.73505,1,1.0,,1.0,1.0,,1,1.0,1.0,,1,,,
https://www.mubawab.tn/fr/a/8125738/location-vacance-s1vue-mer-r%C3%A9sidence-piscine-afh,Location vacance S1vue mer/Résidence/Piscine/AFH,Cité El Wafa à Nabeul,Prix à consulter,60,,,,3,,1.0,,1.0,1.0,1.0,1.0,1.0,1.0,1.0,1.0,1.0,1.0,1.0,1.0,,,Appartement,Bon état,4ème,Marbre,,,,36.45056,10.73505,1,1.0,1.0,1.0,1.0,,1,1.0,1.0,Nord,1,,,
https://www.mubawab.tn/fr/a/8125731/luxueux-appartement-pour-vos-courts-s%C3%A9jours,Luxueux appartement pour vos courts séjours,Ain Zaghouan Nord à La Marsa,100 TND,90,2,,,1,1.0,1.0,,1.0,,1.0,1.0,1.0,1.0,1.0,1.0,1.0,1.0,1.0,1.0,1.0,1.0,Appartement,Bon état,2ème,Marbre,,,,36.86286494224831,10.281453377180018,1,1.0,,,1.0,1.0,1,,,Nord,,,,
https://www.mubawab.tn/fr/a/8125493/appartement-pieds-dans-l%E2%80%99eau-%C3%A0-plage-hammem-ghzez,Appartement pieds dans l’eau à plage Hammem ghzez,Hammam El Ghezaz,2 500 TND par semaine,100,2,2,,7,,1.0,,,,,1.0,,,,1.0,1.0,1.0,1.0,1.0,,,Appartement,Nouveau,,,,,,36.930637,11.048549,1,,1.0,,,,,,,,,,,
https://www.mubawab.tn/fr/a/8125487/appartement-haut-standing-%C3%A0-petit-paris-kelibia,Appartement Haut standing à Petit paris Kelibia,Kélibia,2 100 TND par semaine,100,2,2,,7,,,,,,,1.0,,,,1.0,1.0,1.0,1.0,1.0,,,Appartement,Nouveau,,,,,,36.8493,11.0918,1,,,,,,,,,,,,,
https://www.mubawab.tn/fr/a/8125478/appartement-pieds-dans-l%E2%80%99eau-plage-fatha-kelibia,Appartement pieds dans l’eau plage Fatha Kelibia,Kélibia,4 300 TND par semaine,200,3,3,,7,,1.0,,,,,1.0,,,,1.0,1.0,1.0,1.0,1.0,,,Appartement,Nouveau,,,,,,36.8493,11.0918,1,,1.0,,,1.0,,,,,,,,
https://www.mubawab.tn/fr/a/8125474/appartement-s2-vue-sur-mer-%C3%A0-kelibia-la-blanche,Appartement S2 vue sur mer à Kelibia La Blanche,Kélibia,3 350 TND par semaine,200,2,2,,7,,1.0,,,,,1.0,,,,1.0,1.0,1.0,1.0,1.0,,,Appartement,Nouveau,,,,,,36.8493,11.0918,1,,1.0,,,,,,,,,,,
https://www.mubawab.tn/fr/a/8125308/super-luxueux-s1-meubl%C3%A9-%C3%A0-la-nuit%C3%A9e,Super luxueux s1 meublé à la nuitée,Aouina à La Marsa,100 TND par jour,80,2,,,1,1.0,1.0,,1.0,,1.0,1.0,1.0,1.0,,1.0,1.0,1.0,1.0,1.0,1.0,1.0,Appartement,Bon état,1er,Marbre,,,,36.86239645404578,10.27002638285573,1,1.0,,,1.0,1.0,1,,1.0,Nord,,,,
https://www.mubawab.tn/fr/a/7877946/appartement-en-s2-pour-courte-dur%C3%A9e,Appartement en s2 pour courte durée,Cité El Wafa à Nabeul,Prix à consulter,100,2,2,,3,,1.0,1.0,1.0,,,1.0,1.0,,,1.0,1.0,1.0,1.0,1.0,,,Appartement,Nouveau,,,,,,36.45056,10.73505,1,1.0,,,,1.0,,1.0,,,,,,
https://www.mubawab.tn/fr/a/7661089/a-louer-luxueux-appartement-meubl%C3%A9e-avec-piscine,A Louer Luxueux Appartement Meublée Avec Piscine,La Grotte à Bizerte Nord,700 TND par jour,250,3,2,,2,1.0,,,,,,,,,,,,,,,,,Appartement,Nouveau,,Marbre,,,,37.272,9.8708,1,,,,,,,1.0,,,,,,
https://www.mubawab.tn/fr/a/7956077/a-louer-appartement-avec-piscine-aux-grotte-bizerte,A Louer Appartement avec Piscine aux Grotte Bizerte,La Grotte à Bizerte Nord,650 TND par jour,300,3,2,,2,1.0,1.0,,,,,,,,,1.0,,,,,,,Appartement,Bon état,,,,,,37.1303,9.7506777,1,,1.0,,,,,1.0,,,,,,
https://www.mubawab.tn/fr/a/7850914/appartement-pour-location-vacances-ete,Appartement Pour Location VACANCES ETE,Hammam Sousse à Hammam Sousse,Prix à consulter,80,4,2,,7,,1.0,,,,,1.0,1.0,,,1.0,,1.0,1.0,1.0,,,Appartement,Bon état,,,,,,35.8569,10.5972,1,,,,,1.0,,,,,,,,
https://www.mubawab.tn/fr/a/8123234/vacances-duplex-qmar-s2,Vacances Duplex Qmar S2,Hammamet Sud à Hammamet,2 300 TND,100,3,2,2,2,1.0,1.0,,,1.0,,1.0,1.0,,,1.0,1.0,1.0,1.0,1.0,,,Appartement,Nouveau,,,,,,36.40108,10.61457,,,1.0,,,1.0,,,,,,,,
https://www.mubawab.tn/fr/a/8123231/vacances-duplex-rimette-s2,Vacances Duplex Rimette S2,Hammamet Sud à Hammamet,2 300 TND,100,3,2,2,2,1.0,1.0,,,1.0,,1.0,1.0,,,1.0,1.0,1.0,1.0,1.0,,,Appartement,Nouveau,,,,,,36.40108,10.61457,,,1.0,,,1.0,,,,,,,,
https://www.mubawab.tn/fr/a/8122997/location-vacances-pieds-dans-l-eau-a-folla-aqua,Location Vacances Pieds dans l'eau a Folla aqua,Tantana,2 400 TND par semaine,220,3,2,2,5,,,,1.0,,1.0,1.0,,1.0,1.0,1.0,1.0,1.0,1.0,1.0,1.0,,Appartement,Bon état,1er,Carrelage,,,,35.95446525872441,10.542754253874778,,,1.0,,1.0,1.0,,1.0,,Nord,,,,
https://www.mubawab.tn/fr/a/8122801/%C3%A0-louer-%E2%80%93-s2-meubl%C3%A9-%C3%A0-nabeul,À louer – S2 meublé à Nabeul,Nabeul à Nabeul,200 TND par jour,120,3,2,,15,,1.0,1.0,1.0,,,1.0,1.0,,,1.0,,,,,,,Appartement,Bon état,,,,,,36.45056,10.73505,1,,,,,,,,1.0,,,,,
https://www.mubawab.tn/fr/a/7600871/s2-lac-1-%C3%A0-c%C3%B4t%C3%A9-h%C3%B4tel-movenpick,S2 lac 1 à côté hôtel movenpick,Les Berges Du Lac 1 à La Marsa,120 TND,90,3,2,,2,,,1.0,1.0,1.0,1.0,1.0,1.0,,1.0,1.0,1.0,1.0,1.0,1.0,1.0,,Appartement,Bon état,2ème,Carrelage,,,,36.835515199999996,10.224175800000001,1,1.0,,,1.0,1.0,,,,,,,,
https://www.mubawab.tn/fr/a/8109106/apparemment-s2-au-bord-de-la-mer-%C3%A0-gammarth,Apparemment s2 au bord de la mer à Gammarth,Gammarth à La Marsa,145 TND par jour,,3,2,2,2,1.0,1.0,1.0,1.0,,,1.0,1.0,,,1.0,1.0,1.0,1.0,1.0,1.0,1.0,Appartement,Bon état,,,,,,36.91773899999996,10.288892999999996,,,1.0,,1.0,1.0,,,,,,,,
https://www.mubawab.tn/fr/a/8120572/a-louer-etage-de-villa-meubl%C3%A9-au-d%C3%A9but-de-corniche,A Louer Etage de Villa Meublé Au Début De Corniche,Bizerte Le Corniche à Bizerte Nord,150 TND par jour,120,3,2,,2,,1.0,,,,,,,,,1.0,,,,,,,Appartement,Bon état,,,,,,37.1303,9.7506777,1,,,,,,,,,,,,,
https://www.mubawab.tn/fr/a/7428876/%C3%A9tage-de-villa-avec-vue-mer-%C3%A0-k%C3%A9libia-la-blanche,Étage de villa avec vue mer à kélibia la blanche,Kélibia,2 400 TND,120,2,2,,6,,1.0,1.0,1.0,,,1.0,,,,1.0,1.0,1.0,1.0,1.0,1.0,,Appartement,Nouveau,,,,,,36.8493,11.0918,1,,1.0,,,,,,,,,,,
https://www.mubawab.tn/fr/a/8121394/location-vacances-s1-dans-une-r%C3%A9sidence-avec-pisc,Location vacances S1 dans une résidence avec pisc,Cité El Wafa à Nabeul,165 TND,70,,,,1,,1.0,1.0,,,,1.0,,,,,,1.0,,,,,Appartement,Nouveau,,,,,,36.45056,10.73505,1,,,,,,1,1.0,,,1,,,
https://www.mubawab.tn/fr/a/8038996/a-louer-appartement-nouvelle-construction-au-d%C3%A9but-de-corniche-bizerte,A Louer Appartement Nouvelle Construction Au Début De Corniche Bizerte,Bizerte Le Corniche à Bizerte Nord,150 TND par jour,150,3,2,,2,,1.0,,,,,1.0,,,,,,,,,,,Appartement,Bon état,,,,,,37.1303,9.7506777,1,,,,,,,,,,,,,
https://www.mubawab.tn/fr/a/8120645/s3-meubl%C3%A9-avec-piscine-%C3%A0-yasmine-hammamet,S3 meublé avec piscine à Yasmine Hammamet,Yasmine Hammamet à Hammamet,2 300 TND par semaine,120,4,3,2,7,,1.0,,1.0,,,1.0,1.0,,,1.0,1.0,1.0,1.0,1.0,,1.0,Appartement,Bon état,,,,,,36.40108,10.61457,,,,,,1.0,,1.0,,,,,,
https://www.mubawab.tn/fr/a/8042627/a-louer-appartement-meubl%C3%A9e-%C3%A0-ain-mariem-bizerte,A Louer Appartement Meublée à Ain Mariem Bizerte,Cité Ain Meriem à Bizerte Nord,200 TND par jour,140,4,3,2,2,,1.0,1.0,,,,,,,,1.0,,,,,,,Appartement,Bon état,,,,,,37.1303,9.7506777,,,,,,,,,,,,,,
https://www.mubawab.tn/fr/a/8119635/appartement-meubl%C3%A9-%C3%A0-badira-vue-mer,"Appartement Meublé à Badira, Vue Mer",Hammamet Nord à Hammamet,3 000 TND par semaine,140,,3,2,7,,1.0,1.0,1.0,1.0,1.0,1.0,1.0,1.0,1.0,1.0,1.0,,1.0,1.0,,,Appartement,Bon état,1er,Marbre,,,,36.40108,10.61457,,,1.0,,1.0,,,,1.0,Nord,1,,,
https://www.mubawab.tn/fr/a/8119532/location-d-un-appartement-%C3%A0-cit%C3%A9-taieb-mhiri-2-chambres-porte-s%C3%A9curis%C3%A9e-et-chauffage-central,Location d'un appartement à Cité Taieb Mhiri. 2 chambres. Porte sécurisée et chauffage central,Cité Taieb Mhiri à Menzel Chaker,90 TND,85,,2,,1,1.0,1.0,1.0,1.0,1.0,1.0,1.0,1.0,,1.0,1.0,1.0,1.0,1.0,1.0,1.0,,Appartement,Nouveau,2ème,,,,,36.86269818054433,10.273895495090448,1,1.0,,,1.0,1.0,,,1.0,Nord,,1.0,,
https://www.mubawab.tn/fr/a/8119278/location-vacances-appartement-sousse,Location vacances appartement sousse,Sousse Ville à Sousse Ville,180 TND par jour,90,,2,,4,,,,1.0,,,1.0,1.0,1.0,1.0,1.0,1.0,1.0,1.0,1.0,1.0,,Appartement,Bon état,1er,Carrelage,,,,35.8318766,10.5945561,1,1.0,1.0,,1.0,1.0,,,1.0,Ouest,1,,,
https://www.mubawab.tn/fr/a/8116559/timeshare-une-semaine-hotel-4-%C3%A9toile-diar-lemdina-na,Timeshare une semaine hotel 4 étoile diar lemdina. Na,Yasmine Hammamet à Hammamet,6 500 TND par semaine,100,3,3,2,7,1.0,1.0,1.0,1.0,,1.0,1.0,,,,1.0,1.0,,1.0,,1.0,,Appartement,Bon état,1er,Marbre,,,,36.40108000000001,10.61457,,,,,1.0,1.0,,1.0,,Est,,,,
https://www.mubawab.tn/fr/a/8116500/a-ppartement-s2-yasmine-hammamet,A ppartement S2 Yasmine Hammamet,Yasmine Hammamet à Hammamet,2 000 TND,120,2,2,2,1,1.0,1.0,1.0,1.0,1.0,1.0,1.0,1.0,1.0,,1.0,1.0,1.0,1.0,1.0,1.0,,Appartement,Nouveau,3ème,Marbre,,,,36.37835000297176,10.53831868170458,,,1.0,1.0,1.0,1.0,,1.0,1.0,Est,,,,
https://www.mubawab.tn/fr/a/8115779/a-louer-appartement-luxe-par-jour-aouina,A louer Appartement luxe par jour Aouina,Cité Taieb Mhiri à Menzel Chaker,100 TND par jour,90,,,,1,,1.0,1.0,1.0,1.0,1.0,1.0,1.0,1.0,1.0,1.0,1.0,1.0,1.0,1.0,1.0,,Appartement,Nouveau,4ème,,,,,36.862172400968845,10.269896647013537,1,1.0,,,1.0,1.0,1,,1.0,Nord,,,60 m²,5 m²
https://www.mubawab.tn/fr/a/7942271/location-vacances-s2-avec-piscine-%C3%A0-cit%C3%A9-el-wafa,Location vacances S2 avec piscine à Cité el Wafa,Cité El Wafa à Nabeul,220 TND par jour,96,2,2,,1,,1.0,,,,,1.0,,,,1.0,1.0,1.0,1.0,1.0,1.0,,Appartement,Nouveau,,,,,,36.45056,10.73505,1,,,,1.0,,,1.0,,,,,,
https://www.mubawab.tn/fr/a/8059045/appartements-%C3%A0-louer-%C3%A0-zone-touristique-surface-totale-112-m%C2%B2-environnement-calme-avec-vue-sur-la-mer-et-double-vitrage,Appartements à louer à Zone Touristique. Surface totale 112 m². Environnement calme avec vue sur la mer et double vitrage,Zone Touristique à Tabarka,200 TND par jour,112,4,2,,2,,1.0,1.0,,1.0,1.0,1.0,,1.0,,1.0,1.0,1.0,1.0,,,,Appartement,Nouveau,2ème,Carrelage,,,,36.951478159179445,8.779090647253247,1,1.0,1.0,1.0,1.0,,,1.0,1.0,Ouest,,,,
https://www.mubawab.tn/fr/a/8096821/location-de-luxe-en-bord-de-mer,Location de Luxe en Bord de Mer,Chott Meriem à Akouda,2 600 TND par semaine,90,3,2,,3,1.0,1.0,1.0,1.0,,1.0,1.0,1.0,1.0,1.0,1.0,1.0,1.0,1.0,1.0,1.0,,Appartement,Nouveau,4ème,Carrelage,,,,35.87,10.57,1,1.0,1.0,1.0,1.0,1.0,,1.0,1.0,Nord,,,,
https://www.mubawab.tn/fr/a/7757524/endroit-cozy-pour-un-s%C3%A9jour-confortable,Endroit cozy pour un séjour confortable,Hammamet à Hammamet,150 TND par jour,85,2,,,3,1.0,1.0,,1.0,1.0,1.0,1.0,1.0,1.0,1.0,1.0,1.0,1.0,1.0,1.0,1.0,,Appartement,Bon état,1er,Marbre,,,,36.40108,10.61457,1,1.0,,,1.0,1.0,1,1.0,1.0,Est,,,,
https://www.mubawab.tn/fr/a/8078908/appartement-avec-parking-lac-1-pr%C3%A8s-du-movenpick,Appartement avec parking lac 1 près du movenpick,Les Berges Du Lac 1 à La Marsa,120 TND par jour,90,4,2,,3,,,1.0,1.0,1.0,1.0,1.0,1.0,,1.0,1.0,1.0,1.0,1.0,1.0,1.0,1.0,Appartement,Bon état,2ème,Parquet,,,,36.8355152,10.2241758,1,1.0,,,1.0,1.0,,,,Est,,,,
https://www.mubawab.tn/fr/a/8113870/appartement-dans-une-r%C3%A9sidence-avec-piscine,Appartement dans une résidence avec piscine,Djerba à Djerba,50 EUR par jour,80,2,,,2,1.0,1.0,1.0,1.0,,1.0,1.0,,,,,1.0,1.0,1.0,1.0,,,Appartement,Bon état,1er,,,,,33.8075978,10.8451467,1,1.0,,,1.0,,1,1.0,,,,,,
https://www.mubawab.tn/fr/a/8113367/appartements-%C3%A0-louer-surface-de-140-m%C2%B2-places-de-parking-et-beau-jardin,Appartements à louer. Surface de 140 m². Places de parking et beau jardin,Kélibia,1 800 TND par semaine,140,,3,,7,1.0,,1.0,,,,1.0,,,1.0,1.0,1.0,1.0,1.0,1.0,,,Appartement,Nouveau,,Carrelage,,,,36.84430913930795,11.076109310488274,1,,,,,,,,1.0,Sud,,,,
https://www.mubawab.tn/fr/a/8113018/appartement-s1-balconnet-%C3%A0-afh%C2%B2-mrezga,Appartement S1 balconnet à AFH² Mrezga,Nabeul à Nabeul,10 TND,61,,,,3,,,1.0,,1.0,,1.0,1.0,1.0,1.0,1.0,1.0,1.0,1.0,1.0,1.0,,Appartement,Bon état,2ème,,,,,36.43468992363621,10.69197852358355,1,1.0,,,1.0,,1,1.0,1.0,Nord,1,,,
https://www.mubawab.tn/fr/a/7935326/s1-enti%C3%A8rement-meubl%C3%A9-riadh-landloss,S1 entièrement meublé riadh landloss,Cité el Ghazela à Raoued,975 TND,46,2,,,100,,,,,,1.0,1.0,1.0,,1.0,1.0,1.0,1.0,1.0,1.0,1.0,,Appartement,Bon état,1er,Marbre,,,,36.954444,10.191389,1,,,,1.0,,1,,,Nord,,,,
https://www.mubawab.tn/fr/a/8112598/r%C3%A9sidence-azur-djerba,Résidence Azur Djerba,Midoun zone touristique,220 TND par jour,80,2,,,2,1.0,1.0,1.0,,,1.0,1.0,1.0,1.0,1.0,1.0,1.0,1.0,1.0,,1.0,1.0,Appartement,Nouveau,,,,,,33.8115848,10.987461,1,,,,1.0,1.0,1,1.0,,Sud,,,,
https://www.mubawab.tn/fr/a/7920648/vacances-appartement-pascal-s2,Vacances Appartement Pascal S2,Nabeul à Nabeul,2 300 TND,90,3,2,,7,,1.0,,,,,1.0,1.0,,,1.0,1.0,1.0,1.0,1.0,,,Appartement,Nouveau,2ème,,,,,36.45056,10.73505,1,,,,1.0,,,,,Ouest,,,,
https://www.mubawab.tn/fr/a/8105227/%C3%A0-louer-appartement-bord-de-mer,À Louer: Appartement Bord de Mer,Chott Meriem à Akouda,2 300 TND,60,2,,,1,1.0,1.0,1.0,1.0,,1.0,1.0,1.0,1.0,1.0,1.0,1.0,1.0,1.0,1.0,1.0,,Appartement,Nouveau,,Carrelage,,,,35.87,10.57,1,1.0,1.0,1.0,1.0,1.0,1,1.0,1.0,Ouest,,,,
https://www.mubawab.tn/fr/a/8112309/s1-%C3%A0-5-minutes-%C3%A0-pied-de-la-mer-%C3%A0-hammamet-nord,S1 à 5 minutes à pied de la mer à Hammamet Nord,Hammamet Nord à Hammamet,750 TND par semaine,75,2,,,7,,1.0,1.0,1.0,1.0,,1.0,1.0,,,1.0,1.0,1.0,1.0,1.0,,,Appartement,Bon état,,,,,,36.40108,10.61457,1,1.0,1.0,,,,1,1.0,,,,,,
https://www.mubawab.tn/fr/a/7937182/luxueux-appartement-avec-piscine,Luxueux appartement avec piscine,Hammam Ghezèze,2 500 TND,100,3,2,,6,,1.0,,,,,1.0,,,,1.0,1.0,,1.0,1.0,,,Appartement,Nouveau,,,,,,36.91237,11.10203,1,,,,,,,1.0,,,,,,
https://www.mubawab.tn/fr/a/7600872/s1-%C3%A0-jardin-carthage,S1 à jardin carthage,Les Jardins de Carthage à Le Kram,120 TND par jour,90,3,,,2,,1.0,1.0,1.0,1.0,1.0,1.0,1.0,1.0,1.0,1.0,1.0,1.0,1.0,1.0,1.0,,Appartement,Bon état,4ème,Marbre,,,,36.855570400000005,10.291834000000026,1,1.0,,,1.0,1.0,1,,1.0,,,,,
https://www.mubawab.tn/fr/a/8109833/duplex-s3-meubl%C3%A9-%C3%A0-hammamet-centre,Duplex S3 meublé à hammamet centre,Hammamet à Hammamet,1 500 TND par semaine,135,4,3,2,7,1.0,1.0,,1.0,1.0,,1.0,1.0,,,1.0,1.0,1.0,1.0,1.0,,,Appartement,Bon état,,Marbre,,,,36.40108,10.61457,,,,,,,,1.0,,,,,,
https://www.mubawab.tn/fr/a/8107673/appartement-s1-avec-jardin-%C3%A0-afh%C2%B2-mrezga,Appartement s1 avec jardin à AFH² Mrezga,Nabeul à Nabeul,10 TND,80,,,,7,1.0,,,,1.0,,1.0,1.0,,1.0,1.0,,1.0,,1.0,,,Appartement,Bon état,,,,,,36.45056,10.73505,1,,,,,,1,1.0,,Nord,1,,,
https://www.mubawab.tn/fr/a/8109808/location-d-un-appartement-2-belles-chambres-lave-linge,Location d'un appartement. 2 belles chambres. Lave linge,Bizerte,1 111 TND par jour,75,,2,,1,,,,,,1.0,1.0,,,,1.0,1.0,1.0,1.0,1.0,,,Appartement,Nouveau,2ème,Carrelage,,,,37.266667,9.866667,1,,,,,,,,1.0,Nord,,,,
https://www.mubawab.tn/fr/a/8107852/coquet-appart-pour-vos-courts-s%C3%A9jours-0-tunis,Coquet appart pour vos courts séjours 0 Tunis,Aouina à La Marsa,90 TND,80,2,,,1,1.0,1.0,,1.0,,1.0,1.0,1.0,1.0,,1.0,1.0,1.0,1.0,1.0,1.0,,Appartement,Nouveau,1er,Marbre,,,,36.86097791051537,10.263482023883268,1,1.0,,,1.0,,1,,1.0,Nord,,,,
https://www.mubawab.tn/fr/a/7902161/etege-pieds-dans-l-eau-%C3%A0-fatha-kelibia,Etege pieds dans l'eau à fatha kelibia,Kélibia,5 800 TND par semaine,300,4,3,,6,,1.0,,,,,1.0,,,,1.0,1.0,1.0,1.0,1.0,1.0,,Appartement,Nouveau,,,,,,36.8493,11.0918,1,,1.0,,,,,,,,,,,
https://www.mubawab.tn/fr/a/7917827/appartement-s3-pdl-plage-ezzahra-kelibia,Appartement S3 PDL plage Ezzahra Kelibia,Hammam El Ghezaz,3 400 TND par semaine,100,3,3,2,7,,1.0,,,,,1.0,,,,1.0,1.0,1.0,1.0,1.0,,,Appartement,Nouveau,,,,,,36.930637,11.048549,,,1.0,,,,,,,,,,,
https://www.mubawab.tn/fr/a/7905656/un-luxueux-s1-menzah-7bis-,"Un luxueux s1 menzah 7bis,",El Menzah 9 à El Menzah,30 EUR par jour,65,2,,,3,,,,1.0,1.0,1.0,1.0,1.0,,,1.0,1.0,1.0,1.0,1.0,1.0,1.0,Appartement,Bon état,5ème,Marbre,,,,36.848263700000004,10.141088899999998,1,1.0,,,1.0,1.0,1,,1.0,,,,,
https://www.mubawab.tn/fr/a/7842092/un-luxeux-s2-meubl%C3%A9-menzah5,Un luxeux S2 meublé Menzah5,El Menzah 5 à Ariana Ville,80 EUR par jour,130,3,2,2,3,,,1.0,1.0,1.0,1.0,1.0,1.0,1.0,,1.0,1.0,1.0,1.0,1.0,1.0,,Appartement,Nouveau,1er,Marbre,,,,36.84838529999999,10.1745278,,1.0,,,1.0,1.0,,,1.0,,,,,
https://www.mubawab.tn/fr/a/8015269/a-louer-appartement-meubl%C3%A9e-haut-standing,A Louer Appartement Meublée Haut Standing,Cité Ain Meriem à Bizerte Nord,180 TND par jour,180,4,3,,2,,1.0,1.0,,,,1.0,,,,1.0,1.0,1.0,1.0,1.0,,,Appartement,Bon état,,,,,,37.1303,9.7506777,1,,1.0,,,,,,,,,,,
https://www.mubawab.tn/fr/a/8072034/maison-meubl%C3%A9e-%C3%A0-1-minute-%C3%A0-pied-de-la-mer-dans-ksour-essef,"Maison meublée , à 1 minute à pied de la mer , dans Ksour Essef",Ksour Essef,60 TND par jour,140,4,3,,1,,1.0,,,,1.0,1.0,,,,1.0,1.0,,1.0,,,,Appartement,Nouveau,,Carrelage,,,,35.417965355451265,11.04005653597757,1,,,,,,,,,,,,,
https://www.mubawab.tn/fr/a/7917833/appartement-pieds-dans-l-eau-plage-ezzahra-kelibia,Appartement Pieds dans l'eau plage Ezzahra Kelibia,Hammam El Ghezaz,2 500 TND par semaine,100,2,2,,7,,1.0,,,,,1.0,,,,1.0,1.0,1.0,1.0,1.0,,,Appartement,Nouveau,,,,,,36.930637,11.048549,1,,1.0,,,,,,,,,,,
https://www.mubawab.tn/fr/a/7902180/rdc-pieds-dans-l-eau-%C3%A0-fatha-kelibia,Rdc pieds dans l'eau à fatha kelibia,Kélibia,6 500 TND,300,4,3,,6,1.0,1.0,,,,,,,,,1.0,1.0,1.0,1.0,1.0,,,Appartement,Nouveau,,,,,,36.8493,11.0918,1,,1.0,,,,,,,,,,,
https://www.mubawab.tn/fr/a/7860256/location-vacances-s1-les-berges-du-lac-1,Location vacances S1 Les berges du lac 1,Les Berges Du Lac 1 à La Marsa,160 TND par jour,80,2,,,2,1.0,,1.0,1.0,,,1.0,1.0,1.0,1.0,1.0,1.0,1.0,1.0,1.0,,,Appartement,Bon état,,Marbre,,,,36.8355152,10.2241758,1,,,,,,1,,,Est,,,,
https://www.mubawab.tn/fr/a/8098362/studio-s1-%C3%A0-louer-%C3%A0-yasmine-hammamet,Studio S1 à louer à Yasmine Hammamet,Yasmine Hammamet à Hammamet,Prix à consulter,63,2,,,3,,1.0,,1.0,1.0,1.0,1.0,1.0,1.0,1.0,1.0,1.0,1.0,1.0,1.0,1.0,,Appartement,Nouveau,,,,,,36.374884,10.535237,1,,,,,,1,,1.0,,,,,
https://www.mubawab.tn/fr/a/8022559/propre-s1-meubl%C3%A9-%C3%A0-soukra,Propre S1 meublé à soukra,La Soukra à La Soukra,100 TND par jour,80,2,,,2,,1.0,,1.0,1.0,1.0,1.0,1.0,1.0,1.0,1.0,1.0,1.0,1.0,1.0,1.0,1.0,Appartement,Nouveau,1er,Marbre,,,,36.87138678084005,10.265690683528655,1,1.0,,,1.0,1.0,1,,1.0,Nord,,,,
https://www.mubawab.tn/fr/a/7880177/appartement-s2-meubl%C3%A9-ennaser,Appartement s2 meublé ennaser,Cité Ennasr 1 à Ariana Ville,120 TND,120,3,2,2,3,,,,,,,1.0,1.0,,,1.0,1.0,1.0,1.0,1.0,1.0,,Appartement,Bon état,,,,,,36.8625,10.19556,,,,,,,,,,,,,,
https://www.mubawab.tn/fr/a/8093391/appartement-pour-courtes-dur%C3%A9es-%C3%A0-chott-mariem,Appartement pour courtes durées à chott mariem,Tantana,1 400 TND par semaine,100,4,2,,6,,,1.0,,,,1.0,,,,1.0,,,1.0,,,,Appartement,Bon état,,,,,,35.94312,10.52022,1,,,,1.0,,,,,,,,,
https://www.mubawab.tn/fr/a/8093383/appartement-pour-courtes-dur%C3%A9es,Appartement pour courtes durées,Tantana,1 100 TND par semaine,100,5,3,,6,,,1.0,,,,1.0,,,,,,,,,,,Appartement,Bon état,,,,,,35.94312,10.52022,1,,,,1.0,,,,,,,,,
https://www.mubawab.tn/fr/a/8093358/appartement-pour-courtes-dur%C3%A9es,Appartement pour courtes durées,Tantana,700 TND par semaine,60,3,,,6,,,1.0,,,,1.0,,,,1.0,,,,,,,Appartement,Bon état,,,,,,35.94312,10.52022,1,,,,1.0,,1,,,,,,,
https://www.mubawab.tn/fr/a/8092005/appartement-pour-vos-vacances,Appartement pour vos vacances,El Kantaoui à Hammam Sousse,Prix à consulter,35,3,,,7,,1.0,1.0,,,,1.0,,,,1.0,,,,,,,Appartement,Bon état,,,,,,35.8569,10.5972,1,,,,,,1,1.0,,,,,,
https://www.mubawab.tn/fr/a/8091948/appartement-pour-courtes-dur%C3%A9es-%C3%A0-kantaoui,Appartement pour courtes durées à Kantaoui,El Kantaoui à Hammam Sousse,Prix à consulter,96,6,2,2,7,,1.0,1.0,,,,1.0,,,,1.0,,,,,,,Appartement,Bon état,,,,,,35.8569,10.5972,,,1.0,,,,,1.0,,,,,,
https://www.mubawab.tn/fr/a/7917524/location-estivale-%C3%A0-chott-mariem,Location estivale à chott mariem,Chott Meriem à Akouda,Prix à consulter,100,4,2,,7,,1.0,1.0,1.0,1.0,,1.0,1.0,,,1.0,1.0,1.0,1.0,1.0,,,Appartement,Nouveau,,,,,,35.87,10.57,1,1.0,1.0,,,1.0,,1.0,,,,,,
https://www.mubawab.tn/fr/a/8089195/appartement-pour-courtes-dur%C3%A9es,Appartement pour courtes durées,Chott Meriem à Akouda,Prix à consulter,70,3,,,6,,1.0,,,,,1.0,1.0,,,1.0,,,,,,,Appartement,Bon état,,,,,,35.87,10.57,1,1.0,1.0,,,,1,1.0,,,,,,
https://www.mubawab.tn/fr/a/8089201/appartement-pour-vos-vacances,Appartement pour vos vacances,Chott Meriem à Akouda,Prix à consulter,100,5,2,,6,,1.0,1.0,,,,1.0,1.0,,,1.0,,,,,,,Appartement,Bon état,,,,,,35.87,10.57,1,1.0,,,,,,1.0,,,,,,
https://www.mubawab.tn/fr/a/8090344/s2-rez-de-jardin-r%C3%A9sidence-zmerli,S2 Rez de Jardin Résidence ZMERLI,Kélibia,290 TND par jour,80,3,2,,1,1.0,1.0,1.0,,,1.0,1.0,,,1.0,1.0,1.0,1.0,1.0,,1.0,,Appartement,Bon état,,,,,,36.83799911141865,11.105980798004172,1,,1.0,,,,,,1.0,,,,,
https://www.mubawab.tn/fr/a/7857973/a-louer-studio-totalement-meubl%C3%A9e-%C3%A0-cit%C3%A9-la-sant%C3%A9,A Louer Studio Totalement Meublée à Cité La santé,Bizerte Le Corniche à Bizerte Nord,170 TND par jour,80,2,,,2,1.0,,,,,,,,,,,,,,,,,Appartement,Bon état,,,,,,37.1303,9.7506777,1,,,,,,1,,,,,,,
https://www.mubawab.tn/fr/a/8085283/notre-s1-rdc-vous-attend-%EF%B8%8F,Notre S1 RDC vous attend ️,Kélibia,220 TND,50,2,2,,2,1.0,1.0,1.0,,1.0,1.0,1.0,,1.0,1.0,1.0,1.0,1.0,1.0,,1.0,1.0,Appartement,Nouveau,,Parquet,,,,36.8493,11.0918,1,,1.0,,1.0,1.0,,,,,,,,
https://www.mubawab.tn/fr/a/8085274/appartement-de-vacances-%C3%A0-louer-superficie-80-m%C2%B2-nombres-minimum-de-nuits-7,Appartement de vacances à louer. Superficie 80 m². Nombres minimum de nuits 7,Tozeur,100 TND par jour,80,,,,7,,,,,,,,,,,,,,,,,,Appartement,Nouveau,,Carrelage,,,,33.9187468,8.084821,1,,,,,,1,,,Ouest,1,,,
https://www.mubawab.tn/fr/a/8083911/location-par-nuit%C3%A9e,Location par nuitée,Cité El Wafa à Nabeul,180 TND par jour,136,,2,2,2,,1.0,1.0,1.0,1.0,1.0,1.0,1.0,1.0,1.0,1.0,1.0,1.0,1.0,1.0,1.0,,Appartement,Nouveau,1er,Parquet,,,,36.439144,10.684428,,1.0,,,,1.0,,1.0,1.0,Nord,1,,,
https://www.mubawab.tn/fr/a/8080611/a-louer-appartement-meubl%C3%A9-s2-situ%C3%A9-%C3%A0-nabeul-afh2,A louer appartement meublé S2 situé à Nabeul AFH2,Cité El Wafa à Nabeul,Prix à consulter,150,3,2,,6,,1.0,1.0,1.0,1.0,,1.0,1.0,,,1.0,1.0,1.0,1.0,,,,Appartement,Nouveau,,,,,,36.45056,10.73505,1,1.0,1.0,1.0,1.0,1.0,,1.0,,,,,,
https://www.mubawab.tn/fr/a/8070034/appartement-calme-cosy-%C3%A0-gammarth,Appartement calme & cosy à Gammarth,Gammarth à La Marsa,160 TND par jour,100,3,2,,1,,1.0,1.0,1.0,,1.0,1.0,1.0,,,1.0,1.0,1.0,1.0,1.0,1.0,,Appartement,Nouveau,1er,Marbre,,,,36.90646736994774,10.300116697760348,1,1.0,,,1.0,,,,,,,,,
https://www.mubawab.tn/fr/a/8073486/penthouse-vue-sur-mer-en-plein-centre-ville,Penthouse vue sur mer en plein centre ville,Sousse Ville à Sousse Ville,150 TND par jour,70,2,,,2,,1.0,,,,1.0,1.0,,1.0,1.0,1.0,1.0,1.0,1.0,1.0,1.0,,Appartement,Bon état,4ème,Carrelage,,,,35.828564170100094,10.63324385037449,1,1.0,1.0,,,1.0,1,,1.0,Est,,,,
https://www.mubawab.tn/fr/a/8072829/appartement-de-vacances-%C3%A0-louer-%C3%A0-yasmine-hammamet-superficie-45-m%C2%B2-service-de-concierge-et-climatisation,Appartement de vacances à louer à Yasmine Hammamet. Superficie 45 m². Service de concierge et climatisation,Yasmine Hammamet à Hammamet,Prix à consulter,45,,,,1,,,,1.0,,,1.0,,,,1.0,1.0,,1.0,1.0,,,Appartement,Bon état,,,,,,33.88689999999999,9.537500000000001,1,,,,1.0,,1,,,,,,,
https://www.mubawab.tn/fr/a/8072079/app-meubl%C3%A9-%C3%A010mn-de-la-mer-et-de-centre-ville-biz,App meublé à10mn de la mer et de centre ville Biz,Bechateur à Bizerte Nord,90 TND par jour,70,3,2,,5,1.0,1.0,1.0,,1.0,1.0,1.0,1.0,1.0,1.0,1.0,1.0,1.0,1.0,1.0,1.0,,Appartement,Nouveau,1er,Carrelage,,,,37.2855186528103,9.83340186124023,1,,1.0,1.0,1.0,,,,1.0,Sud,,,,
https://www.mubawab.tn/fr/a/8066546/location-pour-famille-par-jour,Location pour famille par jour,Route Teniour à Sfax Ville,100 TND par jour,80,,,,2,,,,,1.0,1.0,1.0,,,,1.0,1.0,,1.0,1.0,1.0,,Appartement,Nouveau,,Marbre,,,,34.786245,10.74598,1,,,,1.0,1.0,1,,,Nord,1,,,
https://www.mubawab.tn/fr/a/7453632/s2-%C3%A0-manzah-7-bis-%C3%A0-c%C3%B4t%C3%A9-nasser-2,S2 à Manzah 7 bis à côté nasser 2,El Menzah 7 à Ariana Ville,120 TND,120,3,2,2,2,1.0,1.0,1.0,1.0,1.0,1.0,1.0,1.0,,1.0,1.0,1.0,1.0,1.0,1.0,1.0,1.0,Appartement,Bon état,,Carrelage,,,,36.8524946,10.157720799999993,,1.0,,,1.0,1.0,,,,Nord,,,,
https://www.mubawab.tn/fr/a/8065085/location-saisonni%C3%A8re-%C3%A0-nabeul-surface-de-100-m%C2%B2-chemin%C3%A9e-et-concierge-,Location saisonnière à Nabeul. Surface de 100 m². Cheminée et concierge.,Nabeul à Nabeul,150 TND par jour,100,,2,2,3,1.0,1.0,1.0,1.0,1.0,1.0,1.0,,1.0,,1.0,1.0,1.0,1.0,,1.0,1.0,Appartement,Bon état,2ème,Marbre,,,,33.88689999999999,9.537500000000001,,1.0,1.0,1.0,1.0,1.0,,1.0,1.0,Est,,1.0,,
https://www.mubawab.tn/fr/a/8065072/appartement-de-vacances-%C3%A0-louer-2-belles-chambres-environnement-calme-avec-vue-sur-la-mer-et-double-vitrage-,Appartement de vacances à louer. 2 belles chambres. Environnement calme avec vue sur la mer et double vitrage.,Tantana,200 TND par jour,138,,2,,7,1.0,1.0,1.0,1.0,1.0,1.0,1.0,1.0,1.0,1.0,1.0,1.0,1.0,1.0,1.0,1.0,1.0,Appartement,Bon état,1er,Marbre,,,,33.88689999999999,9.537500000000001,1,,1.0,,1.0,1.0,,1.0,1.0,Est,,1.0,,
https://www.mubawab.tn/fr/a/7739191/a-louer-appartement-meubl%C3%A9e-%C3%A0-cit%C3%A9-el-hana,A Louer Appartement Meublée à Cité El Hana,Bizerte à Bizerte Nord,150 TND par jour,100,3,2,,2,,1.0,1.0,,,,1.0,,,,1.0,,,,,,,Appartement,Nouveau,,,,,,37.272,9.8708,1,,,,,,,,,,,,,
https://www.mubawab.tn/fr/a/8059499/appartement-s2-100-m%C3%A9tre-du-plage,Appartement S2 100 métre du plage,Hammam Ghezèze,1 300 TND,100,2,2,,5,,1.0,,,,1.0,1.0,,,,1.0,1.0,,1.0,1.0,1.0,,Appartement,Nouveau,,,,,,36.91237,11.10203,1,,1.0,1.0,,,,,,,,,,
https://www.mubawab.tn/fr/a/8020746/bel-appartement-en-location-%C3%A0-cit%C3%A9-el-wafa-1-pi%C3%A8ce-bien-meubl%C3%A9-,Bel appartement en location à Cité El Wafa. 1 Pièce. Bien meublé.,Cité El Wafa à Nabeul,100 TND par jour,66,2,,,2,,,,1.0,1.0,1.0,1.0,,,1.0,1.0,1.0,1.0,1.0,1.0,1.0,1.0,Appartement,Nouveau,3ème,Marbre,,,,36.43977524848409,10.691157245028394,1,1.0,,,1.0,,1,1.0,,Est,,,,
https://www.mubawab.tn/fr/a/8057754/casablu-apparte-cozy-blue-avec-terrasse-sunset,"CASABLU Apparte Cozy Blue avec Terrasse, Sunset",Nabeul à Nabeul,130 TND par jour,90,3,3,2,1,1.0,1.0,,,1.0,,1.0,1.0,1.0,1.0,1.0,1.0,1.0,1.0,1.0,1.0,,Appartement,Nouveau,1er,Carrelage,,,,36.456810198382264,10.74064723759008,,,,,1.0,1.0,,,1.0,Nord,,,,
https://www.mubawab.tn/fr/a/7499158/joli-studio-pour-couple-1-enfant,Joli studio pour couple 1 enfant,El Kantaoui à Hammam Sousse,100 TND par jour,40,,,,3,1.0,,,,,1.0,1.0,,,,1.0,1.0,1.0,1.0,,,,Appartement,Bon état,1er,Carrelage,,,,35.89332597153172,10.595609200893783,1,,,,,,1,1.0,1.0,Sud,1,,,
https://www.mubawab.tn/fr/a/7954800/appartement-s3-au-saf-saf-la-marsa,Appartement S3 au Saf Saf La Marsa,La Marsa à La Marsa,280 TND par jour,100,5,3,2,2,,1.0,,,1.0,1.0,1.0,1.0,,1.0,1.0,1.0,,1.0,1.0,1.0,1.0,Appartement,Nouveau,,Carrelage,,,,36.876389,10.325278,,,,,,1.0,,,1.0,Ouest,,,,
https://www.mubawab.tn/fr/a/8054153/superbe-s1-de-tr%C3%A8s-haut-standing-proche-de-l-a%C3%A9roport,Superbe S1 de très haut standing proche de l'aéroport,Chotrana 1 à La Soukra,1 000 TND par semaine,55,,,,3,,,1.0,1.0,1.0,1.0,1.0,1.0,1.0,1.0,1.0,1.0,1.0,1.0,1.0,1.0,,Appartement,Nouveau,2ème,Parquet,,,,36.87764032469456,10.21846976367192,1,1.0,,,1.0,,1,1.0,1.0,Est,,,,
https://www.mubawab.tn/fr/a/8053753/coquet-s2,Coquet s2,Sidi Daoued à La Marsa,170 TND par jour,170,2,2,,2,1.0,,1.0,1.0,,1.0,,1.0,1.0,,1.0,1.0,1.0,,,1.0,,Appartement,Bon état,,Marbre,,,,36.876389,10.325278,1,,,,,,,,,Sud,,,,
https://www.mubawab.tn/fr/a/8038533/appartement-s2-hst-a-boumhel,Appartement s2 HST a boumhel,Bou Mhel à Boumhel Bassatine,2 100 TND,120,2,2,,3,,1.0,,1.0,,1.0,1.0,1.0,,1.0,1.0,1.0,1.0,1.0,1.0,,,Appartement,Nouveau,2ème,Parquet,,,,36.57724,10.34246,1,1.0,,1.0,1.0,1.0,,,,Ouest,,,,
https://www.mubawab.tn/fr/a/7459423/s1-%C3%A0-louer-%C3%A0-lac-2-%C3%A0-c%C3%B4t%C3%A9-pizza-hut,S1 à Louer à lac 2 à côté pizza hut,Les Berges Du Lac 2 à La Marsa,120 TND,60,2,,,3,,,1.0,1.0,,1.0,1.0,1.0,1.0,,1.0,1.0,,1.0,,1.0,,Appartement,Bon état,1er,Marbre,,,,36.8524946,10.157720799999993,1,1.0,,,1.0,1.0,1,,1.0,Nord,,,,
https://www.mubawab.tn/fr/a/7916179/appartement-s2-pour-la-location-de-vacances,Appartement s2 pour la location de vacances,Hammamet Nord à Hammamet,Prix à consulter,110,3,2,,5,,1.0,1.0,1.0,1.0,1.0,1.0,1.0,,,1.0,1.0,1.0,1.0,1.0,1.0,,Appartement,Bon état,,,,,,36.40108,10.61457,1,1.0,,,1.0,1.0,,1.0,,,,,,
https://www.mubawab.tn/fr/a/8020788/smart-s%C3%A9jour-%C3%A0-mrezga-hammamet-nord,Smart séjour à mrezga hammamet nord,Cité El Wafa à Nabeul,100 TND par jour,66,2,,,1,1.0,,,1.0,1.0,1.0,1.0,,,1.0,1.0,1.0,1.0,1.0,1.0,1.0,,Appartement,Bon état,3ème,Marbre,,,,36.439650599359645,10.691093323645056,1,1.0,,,1.0,,1,1.0,,Nord,,,,
https://www.mubawab.tn/fr/a/8020346/s2-meubl%C3%A9-pr%C3%A9s-de-clinique-ennacer-2,S2 meublé prés de clinique ennacer 2,Cité Ennasr 2 à Ariana Ville,120 TND par jour,120,3,2,,2,,1.0,,1.0,,,1.0,1.0,1.0,1.0,1.0,1.0,1.0,1.0,1.0,1.0,1.0,Appartement,Bon état,3ème,Marbre,,,,36.8625,10.19556,1,,,,,1.0,,,1.0,Ouest,,,,
https://www.mubawab.tn/fr/a/7997879/location-saisonni%C3%A8re-%C3%A0-el-kantaoui-surface-totale-120-m%C2%B2-conciergerie-%C3%A0-disposition-syst%C3%A8me-de-climatisation,"Location saisonnière à El Kantaoui. Surface totale 120 m². Conciergerie à disposition, système de climatisation",El Kantaoui à Hammam Sousse,636 TND par jour,120,,2,,1,1.0,1.0,,1.0,1.0,1.0,1.0,1.0,1.0,1.0,1.0,1.0,1.0,1.0,1.0,1.0,1.0,Appartement,Nouveau,2ème,Marbre,,,,35.863308143639024,10.52399651148405,1,1.0,,,1.0,1.0,,1.0,1.0,Est,,,,
https://www.mubawab.tn/fr/a/7975728/studio-cozy-%C3%A0-ennasr-2,Studio Cozy à Ennasr 2,Cité Ennasr 2 à Ariana Ville,32 EUR par jour,30,,,,3,,,,,,,1.0,1.0,,1.0,1.0,1.0,,1.0,,1.0,1.0,Appartement,Nouveau,1er,Marbre,,,,36.8625,10.19556,1,,,,,1.0,1,,,,1,,,
https://www.mubawab.tn/fr/a/8012368/a-louer-appartement-meubl%C3%A9e-%C3%A0-ain-mariem,A Louer Appartement Meublée à Ain Mariem,Cité Ain Meriem à Bizerte Nord,120 TND par jour,90,3,2,,2,1.0,,1.0,1.0,,,1.0,,,,1.0,1.0,1.0,1.0,1.0,1.0,,Appartement,Bon état,,,,,,37.272,9.8708,1,1.0,,,1.0,1.0,,,,,,,,
https://www.mubawab.tn/fr/a/8010030/luxueux-s1-hs-avec-place-parking-au-sous-sol,Luxueux S1 HS avec place parking au sous sol,Hammamet Nord à Hammamet,150 TND par jour,65,,,,2,,1.0,1.0,1.0,1.0,1.0,1.0,1.0,1.0,1.0,1.0,1.0,1.0,1.0,1.0,1.0,,Appartement,Nouveau,3ème,Marbre,,,,36.43968573895254,10.691272756596774,1,1.0,,,1.0,1.0,1,1.0,1.0,Est,,,,
https://www.mubawab.tn/fr/a/8009678/dar-chrifa-tr%C3%A8s-agr%C3%A9able-s1-avec-jardin,Dar chrifa très agréable s1 avec jardin,Bhar Lazreg à La Marsa,130 TND par jour,70,,,,1,1.0,1.0,,1.0,1.0,1.0,1.0,,1.0,1.0,1.0,1.0,1.0,1.0,1.0,1.0,,Appartement,Nouveau,,Marbre,,,,36.876389,10.325278,1,,,,,,1,,1.0,Nord,1,,,
https://www.mubawab.tn/fr/a/8009114/un-joli-appartement-s1-richement-meubl%C3%A9,Un joli appartement s1 richement meublé,Hammamet à Hammamet,100 TND par jour,30,2,,,2,,,,1.0,,,1.0,,1.0,,1.0,1.0,,,1.0,,,Appartement,Bon état,2ème,Carrelage,,,,36.40108,10.61457,1,1.0,,1.0,1.0,,1,1.0,,Nord,,,,
https://www.mubawab.tn/fr/a/8009096/location-d-un-appartement-surface-totale-220-m%C2%B2-nombres-minimum-de-nuits-2-,Location d'un appartement. Surface totale 220 m². Nombres minimum de nuits 2.,Korba,100 TND par jour,220,7,2,,2,,,,,1.0,1.0,1.0,1.0,,,1.0,1.0,1.0,1.0,1.0,1.0,1.0,Appartement,Bon état,1er,,,,,36.57055290082701,10.861157813864263,1,,,,,,,,,Ouest,,,,
https://www.mubawab.tn/fr/a/8007859/appartement-richement-meubl%C3%A9,Appartement richement meublé,Ain Zaghouan Nord à La Marsa,Prix à consulter,130,2,2,,1,,1.0,,1.0,,1.0,1.0,1.0,,1.0,1.0,1.0,1.0,1.0,1.0,1.0,,Appartement,Nouveau,2ème,Marbre,,,,36.876389,10.325278,1,1.0,,,,,,,,,,,,
https://www.mubawab.tn/fr/a/7949352/appartement-lumineux-emplacement-id%C3%A9al-%C3%A0-sousse,Appartement lumineux emplacement idéal à Sousse,Sousse Corniche,140 TND par jour,85,3,2,,2,,,,,,,1.0,,,,1.0,1.0,1.0,1.0,1.0,1.0,,Appartement,Bon état,,,,,,35.838389534003475,10.63104496086423,1,,,,,1.0,,,,,,,,
https://www.mubawab.tn/fr/a/7995588/rare-s2-%C3%A0-maamoura-plage,Rare S2 à Maamoura Plage,El Maamoura,700 TND par semaine,85,2,2,,4,,1.0,,,,1.0,1.0,,,,1.0,1.0,,1.0,,,,Appartement,Nouveau,2ème,Marbre,,,,36.466667,10.8,1,,1.0,,1.0,,,,1.0,,,,,
https://www.mubawab.tn/fr/a/7792776/b10-malaga-luxueux-appartement,B10 Malaga: Luxueux appartement,Sidi Daoued à La Marsa,253 TND par jour,90,5,2,,2,1.0,,,,1.0,1.0,1.0,1.0,,,1.0,1.0,1.0,1.0,1.0,1.0,,Appartement,Nouveau,,,,,,36.876389,10.325278,1,1.0,,,1.0,1.0,,,1.0,,,,,
https://www.mubawab.tn/fr/a/7807159/luxueux-appartement-avec-jardin-et-garages-priv%C3%A9s,Luxueux Appartement avec Jardin et garages privés,Sidi Daoued à La Marsa,219 TND par jour,100,5,2,,2,1.0,1.0,1.0,,1.0,1.0,1.0,1.0,,1.0,1.0,1.0,1.0,1.0,1.0,1.0,,Appartement,Nouveau,,,,,,36.876389,10.325278,1,,,,1.0,1.0,,,1.0,,,,,
https://www.mubawab.tn/fr/a/7806776/le-premium-central-luxueux-et-tr%C3%A8s-confortable,"Le Premium: Central, luxueux et très confortable",Sidi Daoued à La Marsa,337 TND par jour,188,5,3,2,3,,1.0,1.0,,1.0,1.0,1.0,1.0,,,1.0,1.0,1.0,1.0,1.0,1.0,,Appartement,Nouveau,,,,,,36.876389,10.325278,,,,,1.0,1.0,,,,,,,,
https://www.mubawab.tn/fr/a/7969145/appartement-de-vacances-%C3%A0-louer-%C3%A0-yasmine-hammamet-1-chambre-conciergerie-%C3%A0-disposition-syst%C3%A8me-de-climatisation,"Appartement de vacances à louer à Yasmine Hammamet. 1 chambre. Conciergerie à disposition, système de climatisation",Yasmine Hammamet à Hammamet,110 TND par jour,80,,,,2,,1.0,,1.0,,1.0,1.0,,,,1.0,1.0,1.0,1.0,1.0,1.0,,Appartement,Nouveau,,Carrelage,,,,33.88689999999999,9.537500000000001,1,,,,1.0,1.0,1,,,Sud,1,,,
https://www.mubawab.tn/fr/a/7984410/s1-par-nuit%C3%A9e,S1 par nuitée,Cité Ennasr 1 à Ariana Ville,90 TND,60,2,,,3,,,,,,,,,,,,,,,,,,Appartement,Bon état,,,,,,36.8625,10.19556,1,,,,,,1,,,,,,,
https://www.mubawab.tn/fr/a/7931091/appartement-s1-pour-la-location-estivale,Appartement S1 pour la location estivale,Hammamet à Hammamet,Prix à consulter,75,,,,1,,,,,,,,,,,,,,,,,,Appartement,Nouveau,,,,,,36.40108,10.61457,1,,,,,,1,1.0,,,1,,,
https://www.mubawab.tn/fr/a/7981302/3-appartement-a-louer-%C3%A0-hammam-sousse,3 Appartement a louer à hammam sousse,Hammam Sousse à Hammam Sousse,220 TND par jour,60,4,,,2,,1.0,1.0,1.0,,,1.0,1.0,,,1.0,1.0,1.0,1.0,1.0,1.0,,Appartement,Nouveau,,,,,,35.8569,10.5972,1,1.0,1.0,,1.0,1.0,1,,1.0,,,,,
https://www.mubawab.tn/fr/a/7957425/un-bel-appartement-s2-%C3%A0-hammamet-nord,Un bel appartement S2 à Hammamet Nord,Hammamet Nord à Hammamet,200 TND par jour,130,3,2,,4,,1.0,,,,,1.0,,,,1.0,,,,,,,Appartement,Nouveau,,,,,,36.40108,10.61457,1,,,,,,,,,,,,,
https://www.mubawab.tn/fr/a/7414307/aprt-s1-bien-meubl%C3%A9-afh-mrezgua,Aprt S1 Bien Meublé AFH Mrezgua,Cité El Wafa à Nabeul,900 TND par semaine,65,,,,3,1.0,1.0,,1.0,1.0,1.0,1.0,1.0,1.0,,1.0,1.0,1.0,1.0,1.0,1.0,,Appartement,Nouveau,2ème,Parquet,,,,36.438987683160434,10.690547774874426,1,1.0,1.0,1.0,1.0,,1,1.0,,,1,,,
https://www.mubawab.tn/fr/a/7955002/apprtement-s2-%C3%A0-les-maison-de-mer-kantaoui,Apprtement S2 à les maison de mer KANTAOUI,El Kantaoui à Hammam Sousse,Prix à consulter,90,3,2,,3,1.0,1.0,,,,,1.0,1.0,,,1.0,,1.0,1.0,1.0,,,Appartement,Bon état,,,,,,35.8569,10.5972,1,,,,1.0,,,1.0,,,,,,
https://www.mubawab.tn/fr/a/7732970/un-beau-appartement-vue-de-mer-pour-les-vacances,Un beau Appartement Vue de Mer pour les vacances,Cité de la Plage à Hammam Sousse,Prix à consulter,90,3,2,,3,,1.0,,,,,1.0,1.0,,,1.0,1.0,1.0,,1.0,,,Appartement,Nouveau,2ème,,,,,35.8569,10.5972,1,1.0,,,1.0,,,,,,,,,
https://www.mubawab.tn/fr/a/7982741/bel-appartement-r%C3%A9sidence-the-wave-chott-meriam-vue-sur-mer-pieds-dans-l-eau,Bel appartement Résidence The Wave Chott Meriam Vue sur Mer Pieds dans l'eau,Tantana,Prix à consulter,70,,2,,3,,1.0,,1.0,,,1.0,,,1.0,1.0,1.0,1.0,1.0,1.0,1.0,,Appartement,Nouveau,3ème,Carrelage,,,,35.9189183,10.5662298,1,1.0,1.0,,1.0,,,1.0,,Est,,,,
https://www.mubawab.tn/fr/a/7981989/appartement-meubl%C3%A9-avec-vue-mer-panoramique,Appartement meublé avec vue mer panoramique,Tantana,280 TND par jour,90,4,2,,5,1.0,1.0,1.0,1.0,1.0,1.0,1.0,,,1.0,1.0,1.0,1.0,1.0,1.0,1.0,,Appartement,Bon état,4ème,Carrelage,,,,35.92485246901841,10.57437745313749,1,1.0,1.0,,1.0,1.0,,1.0,,Est,,,,
https://www.mubawab.tn/fr/a/7865155/a-louer-appartement-meubl%C3%A9-s3-%D8%B4%D9%82%D8%A9-%D9%85%D9%81%D8%B1%D9%88%D8%B4%D8%A9-%D9%84%D9%84%D8%A7%D9%8A%D8%AC%D8%A7%D8%B1,A louer appartement meublé s3 شقة مفروشة للايجار,El Menzah 9 à El Menzah,1 400 TND,117,,3,2,3,1.0,1.0,,1.0,,1.0,1.0,1.0,,,1.0,1.0,1.0,1.0,1.0,,,Appartement,Bon état,1er,,,,,36.845235,10.164723,,,,,,,,,1.0,,1,,,
https://www.mubawab.tn/fr/a/7930864/s2-meubl%C3%A9-downtown-l-aouina,S2 meublé Downtown l'Aouina,Aouina à La Marsa,130 TND par jour,106,,2,,2,1.0,1.0,1.0,1.0,1.0,1.0,1.0,1.0,1.0,1.0,1.0,1.0,1.0,1.0,1.0,1.0,,Appartement,Nouveau,7ème,Marbre,,,,36.876389,10.325278,1,1.0,,,1.0,,,,,,1,,,
https://www.mubawab.tn/fr/a/7980424/appartement-s1-pour-la-location-de-vacances,Appartement S1 pour la location de vacances,Hammamet à Hammamet,Prix à consulter,75,,,,1,,,,,,,,,,,,,,,,,,Appartement,Nouveau,,,,,,36.40108,10.61457,1,,,,,,1,,,,1,,,
https://www.mubawab.tn/fr/a/7978631/appartements-%C3%A0-louer-surface-totale-120-m%C2%B2-vue-sur-la-mer-chauffage-central,"Appartements à louer. Surface totale 120 m². Vue sur la mer, chauffage central",Tantana,280 TND,120,,2,,4,,1.0,,,1.0,1.0,1.0,1.0,1.0,,1.0,1.0,1.0,1.0,1.0,1.0,,Appartement,Bon état,3ème,Marbre,,,,35.9189183,10.5662298,1,1.0,1.0,,1.0,,,,1.0,Nord,,,,
https://www.mubawab.tn/fr/a/7978238/a-louer-s2-appartement-chott-meriem,A louer S2 appartement chott meriem,Chott Meriem à Akouda,1 600 TND par semaine,65,4,2,,6,1.0,1.0,,,,1.0,1.0,,,1.0,1.0,1.0,1.0,1.0,1.0,,1.0,Appartement,Bon état,,,,,,35.87,10.57,1,1.0,,,1.0,1.0,,1.0,1.0,,,,,
https://www.mubawab.tn/fr/a/7977506/location-selon-la-p%C3%A9riode-d-un-appartement-en-s1-%C3%A0,Location selon la période d'un Appartement en S1 à,Hammamet à Hammamet,Prix à consulter,,,,,1,,,,,,,,,,,,,,,,,,Appartement,Nouveau,,,,,,36.40108,10.61457,1,,,,,,1,,,,1,,,
https://www.mubawab.tn/fr/a/7956969/charmant-appartement-s2-pieds-dans-l-eau,"Charmant appartement S2, Pieds dans l'eau",Cité de la Plage à Hammam Sousse,Prix à consulter,100,3,2,2,3,,1.0,,,1.0,,1.0,1.0,,,1.0,1.0,1.0,1.0,1.0,,,Appartement,Nouveau,,,,,,35.8569,10.5972,,1.0,1.0,,1.0,,,1.0,,,,1.0,,
https://www.mubawab.tn/fr/a/7952603/un-magnifique-appartement-s2-pour-les-vacances,Un magnifique appartement S2 pour les vacances,Cité de la Plage à Hammam Sousse,Prix à consulter,90,2,2,,1,,,,,,,,,,,,,,,,,,Appartement,Nouveau,,,,,,35.8569,10.5972,1,,,,,,,,,,,,,
https://www.mubawab.tn/fr/a/7967710/un-spacieux-s1-pour-les-vacances,Un spacieux S1 pour les vacances,Cité de la Plage à Hammam Sousse,Prix à consulter,70,,,,1,,,,,,,,,,,,,,,,,,Appartement,Nouveau,,,,,,35.8569,10.5972,1,,,,,,1,,,,1,,,
https://www.mubawab.tn/fr/a/7940153/bel-appartement-sur-hammamet,Bel appartement sur hammamet,Hammamet Nord à Hammamet,650 TND par semaine,70,2,,,6,,,,1.0,,1.0,1.0,,,,1.0,1.0,1.0,1.0,,,,Appartement,Nouveau,1er,Carrelage,,,,36.414143834904834,10.65897575659178,1,1.0,,,1.0,,1,1.0,1.0,,,,,
https://www.mubawab.tn/fr/a/7974684/appartement-%C3%A0-louer-2-belles-chambres-meubl%C3%A9,Appartement à louer. 2 belles chambres. Meublé,Kélibia,100 TND par jour,100,,2,,1,,1.0,,,1.0,1.0,1.0,,,1.0,1.0,1.0,,1.0,1.0,1.0,,Appartement,Bon état,2ème,Carrelage,,,,36.845384226373326,11.098578838653918,1,,,,1.0,,,,1.0,Nord,,,,
https://www.mubawab.tn/fr/a/7890824/appartement-s1-court-s%C3%A9jour,Appartement S1 court séjour,Cité Ennasr 2 à Ariana Ville,Prix à consulter,80,2,,,3,,1.0,,1.0,1.0,1.0,1.0,1.0,1.0,1.0,1.0,1.0,1.0,1.0,1.0,1.0,,Appartement,Nouveau,1er,Marbre,,,,36.8625,10.19556,1,1.0,,,,,1,,,Est,,,,
https://www.mubawab.tn/fr/a/7962816/%C3%A9l%C3%A9gant-appartement-s1-meubl%C3%A9-bien-s%C3%A9curis%C3%A9-avec,Élégant appartement S1 meublé bien sécurisé avec,Ariana à Ariana Ville,39 EUR par jour,60,,,,3,,,,1.0,1.0,1.0,1.0,1.0,1.0,1.0,1.0,1.0,,1.0,1.0,,,Appartement,Nouveau,2ème,Marbre,,,,36.87956750989842,10.185763232211809,1,1.0,,,1.0,,1,,,Nord,1,,,
https://www.mubawab.tn/fr/a/7962342/a-louer-studio-meubl%C3%A9e-%C3%A0-la-corniche,A Louer Studio Meublée à La Corniche,Bizerte Le Corniche à Bizerte Nord,110 TND par jour,40,,,,2,,,,,,,,,,,,,,,,,,Appartement,Bon état,,,,,,37.272,9.8708,1,,,,,,1,,,,1,,,
https://www.mubawab.tn/fr/a/7916244/appartement-s2-pour-la-location-de-vacances,Appartement s2 pour la location de vacances,Hammamet Nord à Hammamet,Prix à consulter,120,3,2,,5,1.0,1.0,1.0,1.0,1.0,1.0,1.0,1.0,,,1.0,1.0,1.0,1.0,1.0,1.0,1.0,Appartement,Bon état,,,,,,36.40108,10.61457,1,1.0,,,1.0,1.0,,1.0,1.0,,,,,
https://www.mubawab.tn/fr/a/7927012/appartement-s2-pour-la-location-de-vacances,Appartement S2 pour la location de vacances,Hammamet à Hammamet,Prix à consulter,100,2,2,,1,,,,,,,,,,,,,,,,,,Appartement,Nouveau,,,,,,36.40108,10.61457,1,,,,,,,,,,,,,
https://www.mubawab.tn/fr/a/7945668/appartement-s2-pour-la-location-de-vacances,Appartement S2 pour la location de vacances,Hammamet à Hammamet,Prix à consulter,100,2,2,,1,,,,,,,,,,,,,,,,,,Appartement,Nouveau,,,,,,36.40108,10.61457,1,,,,,,,,,,,,,
https://www.mubawab.tn/fr/a/7960514/location-estival-d-un-appartement-en-s2,Location estival d'un appartement en S2,Hammamet à Hammamet,280 TND par jour,104,3,2,2,1,,1.0,,,,,1.0,,,,1.0,1.0,,,,,,Appartement,Nouveau,1er,Marbre,,,,36.40108,10.61457,,,,,,,,1.0,,,,,,
https://www.mubawab.tn/fr/a/7960212/appartement-moderne-s2-%C3%A0-yassmine-hammamet,Appartement moderne S2 à Yassmine Hammamet,Hammamet Sud à Hammamet,Prix à consulter,100,,2,,1,1.0,1.0,1.0,1.0,,1.0,1.0,,,,1.0,1.0,1.0,1.0,,,,Appartement,Nouveau,,,,,,36.37618265464135,10.540626913079327,1,,,,1.0,,,1.0,1.0,,1,,,
https://www.mubawab.tn/fr/a/7959141/appart-vacance-%C3%A0-lou%C3%A9,Appart vacance à loué,Kélibia,1 700 TND par semaine,90,2,2,2,2,,,,,1.0,1.0,1.0,,,,1.0,1.0,1.0,1.0,1.0,1.0,1.0,Appartement,Nouveau,1er,Carrelage,,,,36.85939574309607,11.12445857696533,,,1.0,,,1.0,,,,,,,,
https://www.mubawab.tn/fr/a/7958500/luxueux-appartement-s3-%C3%A0-chatt-mami,Luxueux Appartement s3 à Chatt Mami,Ras Jebel,Prix à consulter,100,4,3,,3,,1.0,,,,,1.0,,,,1.0,1.0,,1.0,,,,Appartement,Nouveau,2ème,,,,,37.1303,9.7506777,1,,,,1.0,,,,,,,,,
https://www.mubawab.tn/fr/a/7944804/a-louer-appartement-%C3%A0-sidi-salem,A Louer Appartement à Sidi Salem,Sidi Salem à Bizerte Nord,160 TND par jour,100,3,2,,2,,,,,,,,,,,,,,,,,,Appartement,Bon état,,,,,,37.280302,9.881365,1,,,,,,,,,,,,,
https://www.mubawab.tn/fr/a/7878640/des-appartements-pour-locations-des-vacances,Des appartements pour locations des vacances,Hammamet à Hammamet,1 500 TND par semaine,,3,2,,1,1.0,1.0,,,1.0,1.0,1.0,1.0,1.0,1.0,1.0,1.0,1.0,1.0,1.0,,,Appartement,Bon état,,,,,,36.40108,10.61457,1,,,,,1.0,,1.0,1.0,,,,,
https://www.mubawab.tn/fr/a/7945978/location-vacance-un-appartement-en-s1-%C3%A0-cit%C3%A9-wafa,Location Vacance un appartement en S1 à cité Wafa,Cité El Wafa à Nabeul,1 100 TND par semaine,69,2,,,4,,1.0,,1.0,,,1.0,1.0,1.0,,1.0,1.0,1.0,1.0,1.0,1.0,,Appartement,Nouveau,3ème,Marbre,,,,36.45056,10.73505,1,1.0,,,1.0,,1,1.0,,,,,,
https://www.mubawab.tn/fr/a/7914879/location-vacance-appartement-avec-piscine-hammamet,Location vacance appartement avec piscine Hammamet,Cité El Wafa à Nabeul,1 260 TND,80,,,,1,1.0,1.0,,1.0,,,1.0,1.0,,,1.0,1.0,,1.0,1.0,,,Appartement,Nouveau,1er,Marbre,,,,36.450559999999996,10.73505,1,1.0,,,,1.0,1,1.0,1.0,Nord,1,,,
https://www.mubawab.tn/fr/a/7903724/appartement-avec-vue-sur-mer-%C3%A0-kelibia-petit-paris,Appartement avec vue sur mer à kelibia petit paris,Kélibia,2 500 TND,100,3,2,,6,,1.0,,,,,1.0,,,,1.0,1.0,,,1.0,,,Appartement,Nouveau,,,,,,36.8493,11.0918,1,,1.0,,,,,,,,,,,
https://www.mubawab.tn/fr/a/7885688/appartement-s1-%C3%A0-vendre,Appartement S1 à vendre,Cité El Wafa à Nabeul,210 TND,83,2,,,5,,1.0,1.0,1.0,,1.0,1.0,1.0,,,1.0,1.0,1.0,,1.0,,,Appartement,Bon état,,,,,,36.45056,10.73505,1,1.0,,,,,1,1.0,,,,,,
https://www.mubawab.tn/fr/a/7921032/villa-s2-pour-la-location-de-vacances,Villa s2 pour la location de vacances,Hammamet Nord à Hammamet,650 TND,350,4,2,,5,1.0,1.0,1.0,,1.0,1.0,1.0,1.0,,,1.0,1.0,1.0,1.0,1.0,1.0,1.0,Appartement,Bon état,,,,,,36.40108,10.61457,1,,,,1.0,1.0,,1.0,1.0,,,,,
https://www.mubawab.tn/fr/a/7830973/hammamet-location-de-vacances-s2-%C3%A0-r%C3%A9s-myriam-2,Hammamet Location de vacances S2 à Rés Myriam 2,Hammamet Sud à Hammamet,270 TND par jour,60,2,2,2,3,,1.0,,1.0,1.0,1.0,1.0,,,,1.0,1.0,1.0,1.0,,,1.0,Appartement,Nouveau,,Carrelage,,,,36.40495476052988,10.600312185682458,,,,,1.0,,,1.0,,Sud,,,,
https://www.mubawab.tn/fr/a/7940554/appartement-s2-haut-standing,Appartement S2 Haut standing,Hammamet à Hammamet,Prix à consulter,95,3,2,,1,,1.0,1.0,1.0,,,1.0,1.0,,,1.0,1.0,1.0,1.0,1.0,,,Appartement,Bon état,,Marbre,,,,36.40108,10.61457,1,,,,,,,1.0,,,,,,
https://www.mubawab.tn/fr/a/7917167/appartement-s1-pour-la-location-de-vacances,Appartement s1 pour la location de vacances,Hammamet Nord à Hammamet,Prix à consulter,75,2,,,5,,1.0,1.0,1.0,1.0,1.0,,1.0,,,1.0,1.0,1.0,1.0,1.0,1.0,,Appartement,Bon état,,,,,,36.40108,10.61457,1,1.0,,,1.0,1.0,1,1.0,,,,,,
https://www.mubawab.tn/fr/a/7931575/a-louer-luxueux-appartement-meubl%C3%A9,A Louer Luxueux Appartement Meublé,Bizerte Le Corniche à Bizerte Nord,Prix à consulter,200,3,2,,2,,,,,,,,,,,1.0,,,,,,,Appartement,Bon état,,,,,,37.272,9.8708,1,,,,,,,,,,,,,
https://www.mubawab.tn/fr/a/7843810/vacances-appartement-gabriele-s1,Vacances Appartement Gabriele S1,Hammamet à Hammamet,2 500 TND par semaine,65,2,,,7,,1.0,,,1.0,,1.0,1.0,,,1.0,1.0,1.0,1.0,1.0,,,Appartement,Nouveau,,,,,,36.40108,10.61457,1,,,,1.0,1.0,1,1.0,,,,,,
https://www.mubawab.tn/fr/a/7915696/appartement-s1-pour-la-location-de-vacances,Appartement s1 pour la location de vacances,Hammamet Nord à Hammamet,Prix à consulter,70,2,,,5,,1.0,1.0,1.0,1.0,1.0,1.0,1.0,,,1.0,1.0,1.0,1.0,1.0,1.0,,Appartement,Bon état,,,,,,36.40108,10.61457,1,1.0,,,1.0,1.0,1,1.0,,,,,,
https://www.mubawab.tn/fr/a/7727558/appartements-%C3%A0-louer-%C3%A0-hammamet-nord-surface-de-120-m%C2%B2-antenne-parabolique-et-porte-blind%C3%A9e,Appartements à louer à Hammamet Nord. Surface de 120 m². Antenne parabolique et Porte blindée,Hammamet Nord à Hammamet,220 TND par jour,120,,2,2,3,1.0,1.0,,1.0,1.0,1.0,1.0,1.0,1.0,1.0,1.0,1.0,1.0,1.0,1.0,1.0,,Appartement,Nouveau,2ème,Marbre,,,,36.43773676787379,10.693807694579908,,1.0,,,1.0,1.0,,1.0,1.0,Est,,,,
https://www.mubawab.tn/fr/a/7915463/un-s2-pour-la-location-des-vacances,Un S2 pour la location des vacances,Hammamet Nord à Hammamet,Prix à consulter,115,3,2,,5,,1.0,1.0,1.0,1.0,1.0,1.0,1.0,,,1.0,1.0,1.0,1.0,1.0,1.0,,Appartement,Bon état,,,,,,36.40108,10.61457,1,1.0,,,1.0,1.0,,1.0,,,,,,
https://www.mubawab.tn/fr/a/7786907/appartement-v%C3%A9ronique-%C3%A0-louer,Appartement Véronique à louer,Hammamet Nord à Hammamet,1 200 TND,50,2,,,7,,1.0,,,,,1.0,1.0,,,1.0,1.0,1.0,1.0,1.0,1.0,,Appartement,Bon état,,,,,,36.40108,10.61457,1,,,,,,1,1.0,,,,,,
https://www.mubawab.tn/fr/a/7486532/appartement-neuf-meubl%C3%A9-%C3%A9tage-villa-salon-plus-2-chambres-avec-garage-pour-voiture-avec-internet-haut-d%C3%A9bit-110dt-la-nuit%C3%A9e,Appartement neuf Meublé étage villa Salon plus 2 chambres avec garage pour voiture avec Internet Haut débit 110dt la nuitée,Bhar Lazreg à La Marsa,110 TND par jour,80,,2,,1,,,1.0,,1.0,1.0,1.0,,,1.0,1.0,1.0,1.0,1.0,,1.0,,Appartement,Nouveau,1er,Marbre,,,,36.86463439999999,10.293545699999981,1,,,,,,,,1.0,Sud,,,,
https://www.mubawab.tn/fr/a/7914649/appartement-s1-pour-la-location-de-vacances,Appartement s1 pour la location de vacances,Hammamet Nord à Hammamet,175 TND par jour,75,2,,,1,,1.0,,1.0,,1.0,1.0,,,,1.0,1.0,1.0,1.0,1.0,,,Appartement,Bon état,,,,,,36.40108,10.61457,1,1.0,,,,,1,,1.0,,,,,
https://www.mubawab.tn/fr/a/7813911/appartements-et-suites-charmants-%C3%A0-sidi-bou-sa%C3%AFd,Appartements et Suites Charmants à Sidi Bou Saïd,Les Berges Du Lac 2 à La Marsa,230 TND par jour,97,3,,2,3,,1.0,1.0,1.0,1.0,1.0,1.0,1.0,1.0,1.0,1.0,1.0,1.0,1.0,1.0,1.0,1.0,Appartement,Bon état,2ème,Marbre,,,,36.876389,10.325278,,1.0,,,1.0,,1,,1.0,Nord,,,,
https://www.mubawab.tn/fr/a/7881537/appartements-et-suites-%C3%A9l%C3%A9gants-%C3%A0-la-marsa,Appartements et Suites Élégants à La Marsa,Les Jardins de Carthage à Le Kram,100 EUR par jour,136,3,2,2,3,1.0,1.0,1.0,1.0,1.0,1.0,1.0,1.0,1.0,1.0,1.0,1.0,1.0,1.0,1.0,1.0,1.0,Appartement,Nouveau,3ème,Parquet,,,,36.85831920459141,10.3030364852558,,1.0,,,1.0,1.0,,1.0,1.0,Nord,,,,
https://www.mubawab.tn/fr/a/7798716/el-badira-appartement-de-luxe-sidi-daoud-la-marsa,El Badira: Appartement de luxe Sidi Daoud la Marsa,Sidi Daoued à La Marsa,250 TND par jour,60,3,,,2,,1.0,,,1.0,1.0,1.0,1.0,,,1.0,1.0,1.0,1.0,1.0,1.0,1.0,Appartement,Bon état,,,,,,36.876389,10.325278,1,,,,1.0,1.0,1,,,,,,,
https://www.mubawab.tn/fr/a/7901214/appartement-s2-haut-standing,Appartement s2 Haut standing,Hammamet à Hammamet,Prix à consulter,100,3,2,,5,,1.0,,1.0,,,1.0,1.0,,,1.0,1.0,1.0,1.0,1.0,,,Appartement,Nouveau,4ème,Carrelage,,,,36.40108,10.61457,1,1.0,,,1.0,1.0,,1.0,,,,,,
https://www.mubawab.tn/fr/a/7889664/a-louer-appartement-meubl%C3%A9e-%C3%A0-sidi-salem,A Louer Appartement Meublée à Sidi Salem,Sidi Salem à Bizerte Nord,Prix à consulter,100,3,2,,2,,1.0,,,,,1.0,,,,1.0,,,,,,,Appartement,Bon état,,,,,,37.280302,9.881365,1,,,,,,,,,,,,,
https://www.mubawab.tn/fr/a/7684617/vacances-appartement-mayar-s1,Vacances Appartement Mayar S1,Hammamet Sud à Hammamet,1 950 TND par semaine,90,2,,,7,1.0,1.0,,1.0,,1.0,1.0,1.0,,,1.0,,1.0,1.0,1.0,,,Appartement,Nouveau,,,,,,36.40108,10.61457,1,,,,1.0,1.0,1,,,,,,,
https://www.mubawab.tn/fr/a/7781977/pour-la-location-estivale,Pour la location estivale,Hammamet à Hammamet,1 100 TND,50,,,,7,,1.0,,,,,1.0,,,,,,,,,,,Appartement,Nouveau,,,,,,36.40108,10.61457,1,,,,,,1,1.0,,,1,,,
https://www.mubawab.tn/fr/a/7531573/%C3%A9tage-de-villa-haut-standing-route-mansoura-kelibia,Étage de villa haut standing route mansoura kelibia,Kélibia,70 TND par jour,70,2,,,2,,1.0,1.0,,1.0,1.0,1.0,,,,1.0,1.0,,1.0,1.0,,1.0,Appartement,Nouveau,1er,Carrelage,,,,36.82266079417581,11.09779958457713,1,,1.0,,,1.0,1,,1.0,Nord,,,,
https://www.mubawab.tn/fr/a/7881029/location-estivale-a-hammamet,Location estivale a Hammamet,Hammamet à Hammamet,500 TND,200,3,2,2,3,1.0,1.0,,,,,1.0,1.0,,,1.0,,,,,,,Appartement,Bon état,,,,,,36.40108,10.61457,,,,1.0,1.0,,,1.0,,,,,,
https://www.mubawab.tn/fr/a/7823171/a-louer-appartement-s2-%C3%A0-r%C3%A9sidence-le-monte-carlo-,A louer Appartement S2 à résidence 'Le Monte Carlo',Cité de la Plage à Hammam Sousse,Prix à consulter,90,3,2,2,3,,1.0,,1.0,1.0,,1.0,1.0,1.0,,1.0,1.0,1.0,1.0,1.0,1.0,,Appartement,Bon état,,,,,,35.8569,10.5972,,1.0,1.0,,1.0,1.0,,1.0,,,,,,
https://www.mubawab.tn/fr/a/7789210/s1-korba-centre-ville-meubl%C3%A9,S1 korba centre ville meublé,Korba,70 TND par jour,50,3,,,2,,1.0,1.0,,1.0,1.0,,,,1.0,1.0,1.0,,1.0,1.0,1.0,,Appartement,Nouveau,2ème,Carrelage,,,,36.580311811268814,10.85841457672118,1,,,1.0,,,1,,1.0,Est,,,,
https://www.mubawab.tn/fr/a/7723228/location-saisonni%C3%A8re-%C3%A0-kelibia,Location saisonnière à Kelibia,Kélibia,180 TND par jour,100,3,2,,5,,,,,,1.0,1.0,,,,1.0,1.0,,1.0,,,,Appartement,Nouveau,1er,Marbre,,,,36.8493,11.0918,1,,,,,,,,,Nord,,,,
https://www.mubawab.tn/fr/a/7717958/un-beau-appartement-s2-a-louer-pour-les-vacances,Un beau appartement S2 a louer pour les vacances,Cité de la Plage à Hammam Sousse,Prix à consulter,90,4,2,,1,,,,1.0,,1.0,1.0,1.0,,1.0,1.0,1.0,1.0,1.0,1.0,,,Appartement,Bon état,2ème,Carrelage,,,,35.8569,10.5972,1,1.0,,,1.0,1.0,,,,,,,,
https://www.mubawab.tn/fr/a/6963984/location-appartement-yadis-%C3%A0-hammamet,Location Appartement Yadis à Hammamet,Hammamet Sud à Hammamet,1 800 TND par semaine,90,3,2,,7,,1.0,,1.0,1.0,1.0,1.0,1.0,1.0,1.0,1.0,1.0,1.0,1.0,1.0,,,Appartement,Nouveau,1er,Marbre,,,,36.419773,10.661894,1,,,,1.0,1.0,,1.0,,Sud,,,,
https://www.mubawab.tn/fr/a/6964704/location-appartement-hatem-%C3%A0-yasmine-hammamet,Location Appartement Hatem à Yasmine Hammamet,Yasmine Hammamet à Hammamet,1 800 TND par semaine,130,2,2,,7,,1.0,,1.0,1.0,1.0,1.0,,,,1.0,1.0,1.0,1.0,1.0,,,Appartement,,2ème,Marbre,,,,36.40108,10.61457,1,,,,,1.0,,1.0,,,,,,
