price,total_area,rooms,terrace,elevator,furnished,air_conditioning,heating,security,floor_number,latitude,longitude,bedrooms,garage,garden,pool,bathrooms_number,payment_period_Mois,payment_period_Semaine,municipality_quality_mid_price_housing_area,municipality_quality_premium_housing_area,municipality_quality_confidence_low,governorate_quality_mid_price_housing_area,governorate_quality_premium_housing_area,governorate_quality_confidence_low
1200.0,70.0,3.0,1.0,0.0,1.0,1.0,1.0,1.0,1.0,35.8569,10.5972,2.0,0.0,0.0,0.0,1.0,True,False,False,True,False,True,False,False
169.0,80.0,2.0,1.0,1.0,1.0,1.0,0.0,1.0,1.0,33.8076,10.8451,0.0,1.0,1.0,1.0,1.0,False,False,True,False,True,True,False,False
180.0,45.0,1.0,0.0,0.0,0.0,1.0,1.0,0.0,1.0,35.8942,10.5982,0.0,0.0,0.0,0.0,1.0,False,False,False,True,False,True,False,False
600.0,60.0,3.0,0.0,0.0,0.0,0.0,0.0,0.0,1.0,36.6939,10.2622,2.0,0.0,1.0,0.0,1.0,True,False,False,False,False,False,False,False
1200.0,72.0,2.0,0.0,1.0,1.0,1.0,1.0,1.0,5.0,35.844,10.6188,0.0,0.0,0.0,0.0,1.0,True,False,False,True,False,False,True,False
1350.0,45.0,2.0,1.0,0.0,1.0,1.0,1.0,0.0,1.0,36.6939,10.2622,0.0,0.0,1.0,0.0,1.0,True,False,False,False,False,False,False,False
160.0,80.0,2.0,0.0,0.0,1.0,1.0,1.0,0.0,1.0,36.8355,10.2242,0.0,1.0,1.0,0.0,1.0,False,False,False,True,False,False,True,False
2300.0,120.0,4.0,1.0,0.0,1.0,1.0,1.0,0.0,1.0,36.4011,10.6146,3.0,0.0,0.0,1.0,2.0,False,True,False,True,False,False,True,False
2500.0,120.0,3.0,1.0,0.0,1.0,1.0,1.0,0.0,1.0,36.8764,10.3253,2.0,1.0,0.0,0.0,2.0,True,False,False,True,False,False,True,False
800.0,95.0,3.0,1.0,0.0,1.0,1.0,1.0,1.0,1.0,36.0301,10.5079,2.0,0.0,0.0,0.0,1.0,True,False,True,False,False,True,False,False
1200.0,100.0,3.0,1.0,1.0,1.0,1.0,1.0,1.0,1.0,35.8273,10.6339,3.0,0.0,0.0,0.0,1.0,True,False,False,True,False,True,False,False
3350.0,200.0,2.0,1.0,0.0,1.0,1.0,0.0,0.0,1.0,36.8493,11.0918,2.0,0.0,0.0,0.0,1.0,False,True,False,False,False,False,True,False
250.0,80.0,2.0,0.0,1.0,1.0,1.0,1.0,0.0,2.0,35.8781,10.5707,0.0,0.0,0.0,1.0,1.0,False,False,False,True,False,False,True,False
1900.0,150.0,4.0,0.0,1.0,1.0,1.0,0.0,0.0,5.0,36.8951,10.1885,0.0,0.0,0.0,0.0,2.0,True,False,True,False,False,False,True,False
337.0,188.0,5.0,1.0,0.0,1.0,1.0,1.0,1.0,1.0,36.8764,10.3253,3.0,1.0,0.0,0.0,2.0,False,False,False,True,False,False,True,False
110.0,80.0,3.0,0.0,0.0,1.0,1.0,0.0,0.0,1.0,36.8646,10.2935,2.0,1.0,0.0,0.0,1.0,False,False,False,True,False,False,True,False
131.82,60.0,3.0,0.0,1.0,1.0,1.0,1.0,1.0,2.0,36.8796,10.1858,0.0,0.0,0.0,0.0,1.0,False,False,False,True,False,False,True,False
1000.0,150.0,2.0,0.0,0.0,0.0,0.0,1.0,0.0,1.0,35.8569,10.5972,0.0,0.0,0.0,0.0,1.0,True,False,False,True,False,True,False,False
180.0,110.0,3.0,0.0,1.0,1.0,0.0,1.0,1.0,1.0,35.8435,10.6311,0.0,0.0,0.0,0.0,1.0,False,False,False,True,False,True,False,False
1650.0,60.0,2.0,0.0,1.0,1.0,1.0,1.0,1.0,1.0,35.9431,10.5202,0.0,0.0,0.0,1.0,1.0,False,True,False,True,False,False,True,False
1600.0,126.0,3.0,1.0,0.0,0.0,1.0,1.0,0.0,1.0,33.0777,9.5838,3.0,1.0,0.0,0.0,1.0,True,False,True,False,False,False,True,False
700.0,100.0,2.0,0.0,0.0,0.0,0.0,0.0,0.0,1.0,36.4011,10.6146,2.0,0.0,0.0,0.0,1.0,True,False,False,True,False,False,True,False
330.0,75.0,3.0,1.0,0.0,0.0,0.0,0.0,0.0,1.0,35.65,10.9,0.0,0.0,0.0,0.0,1.0,True,False,True,False,True,True,False,False
219.0,100.0,5.0,1.0,0.0,1.0,1.0,1.0,1.0,1.0,36.8764,10.3253,2.0,1.0,1.0,0.0,1.0,False,False,False,True,False,False,True,False
100.0,40.0,3.0,0.0,0.0,1.0,1.0,0.0,0.0,1.0,35.8933,10.5956,0.0,0.0,1.0,1.0,1.0,False,False,False,True,False,True,False,False
300.0,100.0,3.0,0.0,1.0,1.0,1.0,1.0,0.0,3.0,35.945,10.5369,0.0,0.0,0.0,0.0,1.0,False,False,False,True,False,False,True,False
338.0,136.0,3.0,1.0,1.0,1.0,1.0,1.0,1.0,3.0,36.8583,10.303,2.0,1.0,1.0,1.0,2.0,False,False,False,True,False,False,True,False
840.0,50.0,2.0,0.0,1.0,1.0,1.0,1.0,0.0,2.0,35.8895,10.5901,0.0,0.0,0.0,0.0,1.0,False,True,False,True,False,True,False,False
500.0,70.0,2.0,1.0,0.0,0.0,0.0,0.0,0.0,2.0,36.8518,10.1356,0.0,0.0,0.0,0.0,1.0,True,False,False,True,False,False,True,False
1500.0,100.0,3.0,0.0,0.0,1.0,1.0,0.0,0.0,1.0,36.8493,11.0918,0.0,0.0,1.0,0.0,1.0,False,True,False,False,False,False,True,False
230.0,40.0,1.0,0.0,1.0,0.0,1.0,1.0,1.0,1.0,35.9437,10.5414,0.0,0.0,0.0,1.0,1.0,False,False,False,True,False,False,True,False
2500.0,110.0,6.0,0.0,1.0,1.0,1.0,1.0,1.0,3.0,36.8764,10.3253,2.0,1.0,0.0,0.0,2.0,True,False,False,True,False,False,True,False
1400.0,110.0,2.0,1.0,0.0,0.0,1.0,1.0,1.0,1.0,36.8942,10.2762,0.0,1.0,0.0,0.0,1.0,True,False,False,True,False,False,True,False
1600.0,78.0,2.0,0.0,0.0,0.0,1.0,1.0,1.0,1.0,36.8579,10.2734,0.0,0.0,0.0,0.0,1.0,True,False,False,True,True,True,False,False
550.0,70.0,3.0,0.0,0.0,0.0,0.0,0.0,0.0,1.0,36.9544,10.1914,2.0,1.0,0.0,0.0,1.0,True,False,True,False,False,False,True,False
1300.0,85.0,3.0,0.0,1.0,1.0,1.0,1.0,1.0,5.0,35.8569,10.5972,2.0,1.0,0.0,0.0,1.0,True,False,False,True,False,True,False,False
900.0,100.0,3.0,0.0,0.0,0.0,0.0,0.0,0.0,1.0,36.8607,10.1087,0.0,0.0,0.0,0.0,1.0,True,False,True,False,False,False,True,False
3000.0,120.0,3.0,1.0,1.0,1.0,1.0,0.0,1.0,1.0,36.4011,10.6146,2.0,1.0,0.0,0.0,2.0,False,True,False,True,False,False,True,False
100.0,50.0,2.0,1.0,0.0,1.0,1.0,1.0,0.0,1.0,35.8672,10.6019,2.0,1.0,1.0,0.0,1.0,False,False,False,True,False,True,False,False
420.0,100.0,3.0,0.0,1.0,1.0,1.0,1.0,1.0,3.0,35.9141,10.5577,0.0,0.0,0.0,1.0,1.0,False,False,False,True,False,False,True,False
1650.0,130.0,2.0,1.0,1.0,0.0,1.0,1.0,1.0,3.0,36.8483,10.1411,3.0,1.0,0.0,1.0,1.0,True,False,False,True,False,False,True,False
1700.0,80.0,3.0,0.0,0.0,1.0,1.0,1.0,0.0,1.0,36.8566,10.3258,2.0,0.0,0.0,0.0,1.0,True,False,False,True,False,False,True,False
280.0,75.0,2.0,0.0,1.0,1.0,1.0,1.0,1.0,1.0,35.949,10.5407,0.0,0.0,0.0,1.0,1.0,False,False,False,True,False,False,True,False
3000.0,110.0,3.0,1.0,0.0,1.0,1.0,1.0,1.0,1.0,36.8764,10.3253,2.0,1.0,0.0,0.0,1.0,True,False,False,True,False,False,True,False
2500.0,100.0,3.0,1.0,0.0,1.0,1.0,0.0,1.0,1.0,36.8863,11.1178,2.0,0.0,0.0,0.0,1.0,False,True,False,True,False,False,True,False
260.0,80.0,2.0,0.0,1.0,1.0,1.0,1.0,1.0,3.0,35.9496,10.5388,0.0,0.0,0.0,1.0,1.0,False,False,False,True,False,False,True,False
1500.0,80.0,2.0,0.0,1.0,1.0,1.0,1.0,1.0,2.0,35.8781,10.5701,0.0,0.0,0.0,1.0,1.0,True,False,False,True,False,False,True,False
1000.0,110.0,5.0,0.0,0.0,1.0,1.0,1.0,0.0,1.0,36.4011,10.6146,2.0,0.0,0.0,0.0,1.0,True,False,False,True,False,False,True,False
1100.0,64.0,3.0,1.0,1.0,1.0,1.0,1.0,1.0,1.0,36.5772,10.3425,0.0,1.0,1.0,0.0,1.0,True,False,False,True,False,False,False,False
240.0,55.0,2.0,0.0,0.0,1.0,1.0,1.0,1.0,0.0,36.0337,10.5057,0.0,0.0,0.0,1.0,1.0,False,False,True,False,False,True,False,False
1500.0,60.0,3.0,1.0,0.0,1.0,1.0,0.0,0.0,1.0,36.8493,11.0918,0.0,0.0,0.0,0.0,1.0,False,True,False,False,False,False,True,False
3000.0,140.0,3.0,1.0,0.0,1.0,1.0,1.0,1.0,1.0,36.4011,10.6146,3.0,1.0,0.0,0.0,2.0,False,True,False,True,False,False,True,False
450.0,100.0,3.0,0.0,1.0,1.0,1.0,1.0,1.0,1.0,35.7612,10.8076,0.0,0.0,0.0,0.0,1.0,False,False,True,False,False,True,False,False
200.0,110.0,2.0,0.0,0.0,1.0,0.0,1.0,1.0,0.0,35.9114,10.5696,0.0,0.0,0.0,0.0,1.0,False,False,False,True,False,False,True,False
260.0,115.0,3.0,0.0,1.0,1.0,0.0,1.0,1.0,4.0,35.8273,10.6339,0.0,0.0,0.0,1.0,1.0,False,False,False,True,False,True,False,False
300.0,107.0,3.0,0.0,1.0,0.0,1.0,1.0,0.0,2.0,35.8832,10.594,0.0,0.0,0.0,0.0,1.0,False,False,False,True,False,True,False,False
220.0,65.0,2.0,0.0,0.0,1.0,0.0,1.0,1.0,1.0,35.8498,10.6141,0.0,0.0,0.0,0.0,1.0,False,False,False,True,False,True,False,False
220.0,75.0,2.0,0.0,1.0,1.0,1.0,1.0,1.0,2.0,36.035,10.5046,0.0,0.0,0.0,1.0,1.0,False,False,True,False,False,True,False,False
2300.0,100.0,2.0,1.0,1.0,1.0,1.0,1.0,1.0,2.0,36.8556,10.2918,2.0,1.0,0.0,0.0,1.0,True,False,False,True,False,False,True,False
1100.0,52.0,3.0,1.0,0.0,0.0,0.0,0.0,0.0,1.0,33.0777,9.5838,2.0,0.0,0.0,0.0,1.0,True,False,True,False,False,False,True,False
2900.0,120.0,3.0,1.0,1.0,1.0,1.0,1.0,1.0,1.0,36.8764,10.3253,2.0,0.0,0.0,0.0,1.0,True,False,False,True,False,False,True,False
230.0,60.0,3.0,0.0,0.0,0.0,0.0,1.0,0.0,2.0,35.8346,10.641,0.0,0.0,0.0,0.0,1.0,False,False,False,True,False,True,False,False
2500.0,170.0,3.0,0.0,0.0,0.0,0.0,0.0,0.0,1.0,36.8333,10.3167,4.0,0.0,0.0,0.0,1.0,True,False,False,True,False,False,True,False
1000.0,90.0,3.0,0.0,0.0,1.0,0.0,1.0,0.0,2.0,35.8787,10.5728,0.0,0.0,0.0,0.0,1.0,True,False,False,True,False,False,True,False
1400.0,100.0,3.0,1.0,1.0,0.0,0.0,1.0,0.0,1.0,36.8483,10.1411,2.0,1.0,0.0,0.0,1.0,True,False,False,True,False,False,True,False
1500.0,100.0,4.0,0.0,0.0,1.0,1.0,1.0,0.0,0.0,35.9221,10.5754,0.0,0.0,0.0,0.0,1.0,True,False,False,True,False,False,True,False
190.0,80.0,3.0,0.0,0.0,1.0,1.0,1.0,0.0,2.0,35.8417,10.6112,0.0,0.0,0.0,0.0,1.0,False,False,False,True,False,True,False,False
140.0,85.0,3.0,0.0,0.0,1.0,1.0,0.0,0.0,1.0,35.8384,10.631,2.0,0.0,0.0,0.0,1.0,False,False,False,True,False,True,False,False
1700.0,200.0,3.0,1.0,0.0,0.0,1.0,0.0,0.0,1.0,36.8694,10.3164,3.0,1.0,1.0,0.0,1.0,True,False,False,True,False,False,True,False
220.0,120.0,3.0,1.0,1.0,1.0,1.0,1.0,1.0,2.0,36.4377,10.6938,2.0,0.0,1.0,1.0,2.0,False,False,False,True,False,False,True,False
150.0,100.0,3.0,1.0,1.0,1.0,1.0,0.0,1.0,2.0,33.8869,9.5375,2.0,1.0,1.0,1.0,2.0,False,False,False,True,False,False,True,False
3500.0,100.0,2.0,1.0,0.0,1.0,1.0,0.0,1.0,1.0,36.8996,11.107,2.0,0.0,0.0,0.0,3.0,False,True,True,False,False,False,True,False
242.0,80.0,3.0,0.0,0.0,1.0,0.0,1.0,0.0,3.0,35.8485,10.6154,0.0,0.0,0.0,0.0,1.0,False,False,False,True,False,True,False,False
1000.0,140.0,5.0,0.0,0.0,0.0,1.0,0.0,0.0,1.0,35.79,10.56,4.0,1.0,0.0,0.0,2.0,True,False,False,True,True,True,False,False
400.0,80.0,3.0,0.0,1.0,1.0,1.0,1.0,1.0,1.0,35.872,10.574,0.0,0.0,0.0,1.0,1.0,False,False,False,True,False,False,True,False
3000.0,120.0,2.0,0.0,0.0,0.0,0.0,0.0,0.0,1.0,36.8764,10.3253,3.0,0.0,0.0,0.0,1.0,True,False,False,True,False,False,True,False
230.0,40.0,1.0,0.0,1.0,1.0,1.0,1.0,1.0,2.0,35.9455,10.5447,0.0,0.0,0.0,1.0,1.0,False,False,False,True,False,False,True,False
145.0,110.0,3.0,1.0,0.0,1.0,1.0,1.0,1.0,1.0,36.9177,10.2889,2.0,1.0,1.0,0.0,2.0,False,False,False,True,False,False,True,False
270.0,50.0,2.0,0.0,1.0,1.0,1.0,1.0,1.0,1.0,35.9156,10.575,0.0,0.0,0.0,1.0,1.0,False,False,False,True,False,False,True,False
3600.0,160.0,3.0,1.0,1.0,1.0,0.0,0.0,0.0,1.0,36.8764,10.3253,0.0,1.0,0.0,0.0,1.0,True,False,False,True,False,False,True,False
220.0,92.0,3.0,0.0,1.0,1.0,1.0,1.0,0.0,4.0,35.9221,10.5793,0.0,0.0,0.0,0.0,1.0,False,False,False,True,False,False,True,False
900.0,100.0,5.0,0.0,0.0,0.0,1.0,0.0,1.0,1.0,35.8569,10.5972,2.0,0.0,0.0,0.0,1.0,True,False,False,True,False,True,False,False
1500.0,120.0,2.0,0.0,1.0,1.0,1.0,1.0,1.0,1.0,35.8273,10.6339,3.0,0.0,0.0,0.0,1.0,True,False,False,True,False,True,False,False
1200.0,80.0,2.0,1.0,1.0,1.0,1.0,1.0,1.0,1.0,36.4011,10.6146,0.0,1.0,0.0,0.0,1.0,False,True,False,True,False,False,True,False
1100.0,67.0,3.0,1.0,0.0,1.0,1.0,1.0,1.0,2.0,35.9431,10.5202,2.0,1.0,0.0,1.0,1.0,True,False,False,True,False,False,True,False
250.0,100.0,3.0,0.0,1.0,1.0,1.0,1.0,1.0,5.0,35.8423,10.6217,0.0,0.0,0.0,0.0,1.0,False,False,False,True,False,True,False,False
2500.0,120.0,3.0,1.0,0.0,1.0,1.0,1.0,1.0,1.0,36.4011,10.6146,2.0,1.0,0.0,0.0,1.0,False,True,False,True,False,False,True,False
1600.0,80.0,3.0,1.0,0.0,1.0,1.0,0.0,0.0,1.0,36.4011,10.6146,2.0,0.0,0.0,0.0,2.0,False,True,False,True,False,False,True,False
2500.0,100.0,2.0,1.0,0.0,1.0,1.0,0.0,0.0,1.0,36.9306,11.0485,2.0,0.0,0.0,0.0,1.0,False,True,False,True,False,False,True,False
200.0,112.0,4.0,1.0,1.0,1.0,1.0,0.0,1.0,2.0,36.9515,8.7791,2.0,1.0,0.0,1.0,1.0,False,False,False,False,False,False,False,False
2300.0,150.0,3.0,1.0,1.0,0.0,1.0,1.0,1.0,1.0,36.8333,10.3167,3.0,1.0,1.0,0.0,2.0,True,False,False,True,False,False,True,False
1600.0,120.0,3.0,1.0,0.0,1.0,1.0,1.0,0.0,1.0,36.8833,10.25,0.0,0.0,0.0,0.0,1.0,True,False,False,True,False,False,True,False
2200.0,90.0,3.0,1.0,0.0,1.0,0.0,1.0,1.0,1.0,36.4506,10.735,2.0,0.0,1.0,1.0,1.0,True,False,False,True,False,False,True,False
1500.0,100.0,3.0,0.0,1.0,0.0,1.0,0.0,1.0,1.0,36.8239,10.2264,2.0,0.0,0.0,0.0,1.0,True,False,True,False,False,False,False,False
870.0,35.0,1.0,0.0,0.0,1.0,1.0,1.0,1.0,1.0,35.669,10.1044,0.0,0.0,0.0,1.0,1.0,False,True,False,True,False,False,True,False
280.0,80.0,2.0,0.0,1.0,1.0,1.0,1.0,1.0,1.0,35.8353,10.6011,0.0,0.0,0.0,1.0,1.0,False,False,False,True,False,False,True,False
700.0,85.0,2.0,1.0,0.0,1.0,1.0,0.0,1.0,2.0,36.4667,10.8,2.0,0.0,0.0,0.0,1.0,False,True,True,False,True,False,True,False
350.0,60.0,2.0,0.0,1.0,1.0,1.0,1.0,1.0,1.0,35.7612,10.7405,0.0,0.0,0.0,1.0,1.0,False,False,True,False,True,False,True,True
1800.0,100.0,4.0,0.0,0.0,0.0,0.0,0.0,0.0,1.0,36.4506,10.735,2.0,0.0,0.0,0.0,1.0,True,False,False,True,False,False,True,False
280.0,70.0,3.0,0.0,0.0,0.0,0.0,1.0,0.0,2.0,35.8885,10.5945,0.0,0.0,0.0,0.0,1.0,False,False,False,True,False,True,False,False
1780.0,160.0,4.0,1.0,0.0,0.0,1.0,1.0,0.0,1.0,36.8625,10.1956,3.0,1.0,0.0,0.0,1.0,True,False,False,True,False,False,True,False
70.0,50.0,3.0,1.0,0.0,1.0,0.0,0.0,0.0,2.0,36.5803,10.8584,0.0,1.0,0.0,0.0,1.0,False,False,False,False,True,False,True,False
175.0,75.0,2.0,1.0,1.0,1.0,1.0,0.0,0.0,1.0,36.4011,10.6146,0.0,0.0,0.0,0.0,1.0,False,False,False,True,False,False,True,False
1350.0,80.0,3.0,1.0,1.0,1.0,1.0,1.0,0.0,3.0,36.8606,10.2864,0.0,1.0,0.0,0.0,1.0,True,False,False,True,False,False,True,False
750.0,75.0,2.0,1.0,1.0,1.0,1.0,1.0,0.0,1.0,36.4011,10.6146,0.0,1.0,0.0,1.0,1.0,False,True,False,True,False,False,True,False
1500.0,60.0,3.0,1.0,0.0,1.0,1.0,0.0,0.0,1.0,36.8493,11.0918,0.0,0.0,0.0,0.0,1.0,False,True,False,False,False,False,True,False
3000.0,120.0,3.0,1.0,0.0,1.0,1.0,1.0,1.0,1.0,36.8942,10.2762,2.0,0.0,0.0,0.0,1.0,True,False,False,True,False,False,True,False
150.0,85.0,2.0,1.0,1.0,1.0,1.0,1.0,1.0,1.0,36.4011,10.6146,0.0,0.0,1.0,1.0,1.0,False,False,False,True,False,False,True,False
280.0,60.0,2.0,0.0,1.0,1.0,1.0,1.0,1.0,4.0,35.9229,10.5772,0.0,0.0,0.0,0.0,1.0,False,False,False,True,False,False,True,False
460.0,74.0,2.0,1.0,0.0,0.0,0.0,0.0,0.0,1.0,36.8279,10.136,2.0,0.0,0.0,0.0,1.0,True,False,False,False,False,False,True,False
280.0,110.0,3.0,0.0,1.0,1.0,1.0,1.0,0.0,0.0,35.8336,10.5978,0.0,0.0,0.0,0.0,1.0,False,False,False,True,False,False,True,False
600.0,65.0,2.0,1.0,1.0,0.0,0.0,1.0,0.0,1.0,36.789,10.1835,0.0,1.0,0.0,0.0,1.0,True,False,True,False,False,False,True,False
4000.0,180.0,4.0,1.0,0.0,1.0,1.0,1.0,0.0,1.0,36.8566,10.3258,3.0,0.0,0.0,0.0,2.0,True,False,False,True,False,False,True,False
120.0,70.0,2.0,0.0,0.0,1.0,1.0,1.0,1.0,3.0,35.9163,10.577,0.0,0.0,0.0,0.0,1.0,False,False,False,True,False,False,True,False
280.0,100.0,5.0,1.0,0.0,1.0,1.0,1.0,0.0,1.0,36.8764,10.3253,3.0,0.0,0.0,0.0,2.0,False,False,False,True,False,False,True,False
900.0,65.0,3.0,1.0,1.0,1.0,1.0,1.0,1.0,2.0,36.439,10.6905,0.0,0.0,1.0,1.0,1.0,False,True,False,True,False,False,True,False
210.0,125.0,4.0,0.0,1.0,1.0,1.0,1.0,0.0,1.0,35.8245,10.6346,0.0,0.0,0.0,0.0,1.0,False,False,False,True,False,True,False,False
2500.0,65.0,2.0,1.0,0.0,1.0,1.0,1.0,1.0,1.0,36.4011,10.6146,0.0,0.0,0.0,1.0,1.0,False,True,False,True,False,False,True,False
900.0,70.0,3.0,1.0,1.0,1.0,1.0,0.0,0.0,4.0,36.8184,10.1821,2.0,0.0,0.0,0.0,1.0,True,False,True,False,True,False,True,False
1850.0,100.0,3.0,1.0,0.0,1.0,1.0,0.0,0.0,1.0,36.9306,11.0485,2.0,0.0,0.0,0.0,1.0,False,True,False,True,False,False,True,False
270.0,60.0,2.0,1.0,0.0,1.0,1.0,0.0,1.0,1.0,36.405,10.6003,2.0,0.0,0.0,1.0,2.0,False,False,False,True,False,False,True,False
170.0,65.0,3.0,0.0,0.0,1.0,0.0,0.0,0.0,5.0,36.8469,10.2642,0.0,0.0,0.0,0.0,1.0,False,False,False,True,False,False,True,False
1800.0,100.0,3.0,1.0,0.0,1.0,1.0,0.0,0.0,1.0,36.4011,10.6146,2.0,1.0,0.0,0.0,1.0,False,True,False,True,False,False,True,False
1700.0,100.0,3.0,1.0,1.0,1.0,1.0,1.0,1.0,3.0,35.8569,10.5972,2.0,1.0,0.0,0.0,1.0,True,False,False,True,False,True,False,False
220.0,45.0,2.0,0.0,0.0,1.0,1.0,1.0,1.0,1.0,36.814,10.1861,0.0,0.0,0.0,1.0,1.0,False,False,False,True,False,False,True,False
270.0,150.0,3.0,0.0,0.0,1.0,0.0,1.0,0.0,0.0,35.87,10.57,0.0,0.0,0.0,0.0,1.0,False,False,False,True,False,True,False,False
150.0,65.0,3.0,1.0,1.0,1.0,1.0,1.0,1.0,3.0,36.4397,10.6913,0.0,1.0,0.0,1.0,1.0,False,False,False,True,False,False,True,False
2000.0,100.0,3.0,1.0,0.0,0.0,1.0,1.0,1.0,1.0,36.8764,10.3253,2.0,0.0,1.0,0.0,2.0,True,False,False,True,False,False,True,False
180.0,70.0,3.0,0.0,0.0,0.0,1.0,1.0,0.0,2.0,35.9431,10.5202,0.0,0.0,0.0,0.0,1.0,False,False,False,True,False,False,True,False
160.0,50.0,2.0,0.0,0.0,1.0,1.0,1.0,0.0,1.0,35.9312,10.5504,0.0,0.0,0.0,0.0,1.0,False,False,False,True,False,False,True,False
1250.0,150.0,5.0,1.0,0.0,0.0,0.0,1.0,1.0,1.0,36.8625,10.1956,4.0,0.0,0.0,0.0,1.0,True,False,False,True,False,False,True,False
1600.0,60.0,2.0,0.0,0.0,0.0,1.0,1.0,0.0,1.0,36.8355,10.2242,0.0,0.0,0.0,0.0,1.0,True,False,False,True,False,False,True,False
490.0,80.0,3.0,0.0,1.0,1.0,1.0,1.0,1.0,1.0,35.7678,10.8133,0.0,0.0,0.0,1.0,1.0,False,False,True,False,False,True,False,False
230.0,60.0,3.0,0.0,0.0,1.0,1.0,1.0,1.0,1.0,35.9371,10.5475,0.0,0.0,0.0,0.0,1.0,False,False,False,True,False,False,True,False
1500.0,100.0,3.0,0.0,0.0,1.0,1.0,0.0,0.0,1.0,33.8076,10.8451,2.0,0.0,1.0,0.0,1.0,True,False,True,False,True,True,False,False
750.0,74.0,2.0,0.0,0.0,0.0,0.0,0.0,0.0,3.0,36.659,10.4093,2.0,0.0,0.0,0.0,1.0,True,False,False,False,False,False,False,False
200.0,130.0,3.0,1.0,0.0,1.0,1.0,0.0,0.0,1.0,36.4011,10.6146,2.0,0.0,0.0,0.0,1.0,False,False,False,True,False,False,True,False
280.0,45.0,2.0,0.0,0.0,1.0,1.0,1.0,1.0,2.0,35.9263,10.5714,0.0,0.0,0.0,0.0,1.0,False,False,False,True,False,False,True,False
300.0,110.0,4.0,0.0,0.0,0.0,0.0,1.0,0.0,2.0,35.826,10.632,0.0,0.0,0.0,0.0,1.0,False,False,False,True,False,True,False,False
180.0,136.0,3.0,1.0,1.0,1.0,1.0,1.0,0.0,1.0,36.4391,10.6844,2.0,1.0,0.0,1.0,2.0,False,False,False,True,False,False,True,False
280.0,90.0,4.0,1.0,1.0,1.0,1.0,0.0,1.0,4.0,35.9249,10.5744,2.0,1.0,1.0,1.0,1.0,False,False,False,True,False,False,True,False
220.0,55.0,2.0,0.0,1.0,1.0,1.0,1.0,1.0,5.0,35.8734,10.5749,0.0,0.0,0.0,0.0,1.0,False,False,False,True,False,False,True,False
1750.0,90.0,3.0,1.0,1.0,1.0,1.0,0.0,1.0,5.0,36.4423,10.6928,2.0,1.0,0.0,1.0,1.0,False,True,False,True,False,False,True,False
215.0,110.0,1.0,0.0,0.0,1.0,1.0,1.0,1.0,4.0,35.9464,10.5514,0.0,0.0,0.0,1.0,1.0,False,False,False,True,False,False,True,False
200.0,80.0,2.0,0.0,0.0,0.0,0.0,1.0,0.0,3.0,36.034,10.5058,0.0,0.0,0.0,0.0,1.0,False,False,True,False,False,True,False,False
2500.0,90.0,3.0,1.0,0.0,1.0,1.0,1.0,0.0,1.0,36.8764,10.3253,2.0,0.0,0.0,0.0,2.0,True,False,False,True,False,False,True,False
350.0,100.0,3.0,0.0,1.0,1.0,1.0,1.0,1.0,3.0,35.839,10.6168,0.0,0.0,0.0,0.0,1.0,False,False,False,True,False,False,True,False
600.0,26.0,3.0,1.0,1.0,1.0,1.0,1.0,1.0,3.0,35.9182,10.5792,0.0,0.0,1.0,0.0,1.0,False,True,False,True,False,False,True,False
220.0,70.0,2.0,0.0,0.0,1.0,1.0,1.0,1.0,1.0,35.9184,10.5707,0.0,0.0,0.0,0.0,1.0,False,False,False,True,False,False,True,False
1700.0,110.0,3.0,1.0,1.0,0.0,1.0,1.0,1.0,1.0,36.8833,10.25,3.0,1.0,0.0,0.0,1.0,True,False,False,True,False,False,True,False
330.0,80.0,3.0,0.0,1.0,1.0,1.0,1.0,1.0,2.0,35.9173,10.5717,0.0,0.0,0.0,0.0,1.0,False,False,False,True,False,True,False,False
130.0,40.0,2.0,0.0,0.0,1.0,1.0,1.0,0.0,1.0,35.9431,10.5202,0.0,0.0,0.0,0.0,1.0,False,False,False,True,False,False,True,False
270.0,140.0,3.0,1.0,1.0,1.0,1.0,1.0,1.0,1.0,36.0301,10.5079,2.0,0.0,0.0,1.0,1.0,False,False,True,False,False,True,False,False
2800.0,200.0,3.0,1.0,0.0,1.0,1.0,0.0,0.0,1.0,36.8493,11.0918,3.0,1.0,0.0,0.0,1.0,False,True,False,False,False,False,True,False
1050.0,80.0,3.0,0.0,0.0,0.0,1.0,1.0,0.0,1.0,36.0347,10.5043,0.0,0.0,0.0,0.0,1.0,False,True,True,False,False,True,False,False
1700.0,200.0,4.0,1.0,1.0,0.0,1.0,1.0,1.0,1.0,36.8452,10.1647,3.0,0.0,0.0,0.0,3.0,True,False,False,True,False,False,True,False
120.0,80.0,2.0,0.0,1.0,1.0,1.0,1.0,0.0,1.0,35.8272,10.6305,0.0,0.0,0.0,0.0,1.0,False,False,False,True,False,True,False,False
190.0,80.0,2.0,0.0,1.0,1.0,1.0,1.0,1.0,1.0,35.848,10.6205,0.0,0.0,0.0,0.0,1.0,False,False,False,True,False,True,False,False
5000.0,200.0,4.0,0.0,1.0,1.0,1.0,1.0,0.0,3.0,36.8764,10.3253,3.0,1.0,0.0,0.0,2.0,True,False,False,True,False,False,True,False
270.0,110.0,3.0,0.0,0.0,0.0,0.0,1.0,0.0,1.0,35.826,10.632,0.0,0.0,0.0,0.0,1.0,False,False,False,True,False,True,False,False
160.0,100.0,3.0,0.0,1.0,1.0,0.0,1.0,1.0,1.0,35.8569,10.5972,0.0,0.0,0.0,0.0,1.0,False,False,False,True,False,True,False,False
2500.0,200.0,4.0,0.0,0.0,0.0,1.0,1.0,0.0,1.0,36.8764,10.3253,3.0,0.0,1.0,0.0,3.0,True,False,False,True,False,False,True,False
290.0,80.0,3.0,1.0,0.0,1.0,1.0,0.0,0.0,1.0,36.838,11.106,2.0,1.0,1.0,0.0,1.0,False,False,False,False,False,False,True,False
470.0,100.0,3.0,0.0,1.0,1.0,1.0,1.0,1.0,1.0,35.766,10.8156,0.0,0.0,0.0,1.0,1.0,False,False,True,False,False,True,False,False
1200.0,91.0,3.0,0.0,0.0,1.0,1.0,1.0,1.0,1.0,35.7562,10.828,0.0,0.0,0.0,0.0,1.0,True,False,True,False,True,False,True,True
100.0,66.0,2.0,0.0,1.0,1.0,1.0,0.0,1.0,3.0,36.4397,10.6911,0.0,0.0,1.0,1.0,1.0,False,False,False,True,False,False,True,False
2500.0,100.0,3.0,1.0,0.0,1.0,1.0,0.0,0.0,1.0,36.8205,11.0692,2.0,0.0,0.0,0.0,1.0,False,True,False,False,False,False,True,False
470.0,70.0,3.0,0.0,1.0,1.0,1.0,1.0,1.0,2.0,35.767,10.8138,0.0,0.0,0.0,1.0,1.0,False,False,True,False,False,True,False,False
1900.0,69.0,2.0,1.0,1.0,1.0,1.0,1.0,1.0,1.0,36.8333,10.3167,0.0,0.0,0.0,0.0,1.0,True,False,False,True,False,False,True,False
750.0,110.0,4.0,0.0,0.0,1.0,1.0,1.0,0.0,1.0,36.4011,10.6146,0.0,0.0,0.0,0.0,1.0,True,False,False,True,False,False,True,False
150.0,120.0,3.0,1.0,0.0,1.0,0.0,0.0,0.0,1.0,37.1303,9.7507,2.0,0.0,0.0,0.0,1.0,False,False,True,False,False,False,False,False
1300.0,60.0,2.0,0.0,1.0,0.0,1.0,1.0,0.0,5.0,35.834,10.6003,0.0,0.0,0.0,1.0,1.0,False,True,False,True,False,False,True,False
1500.0,140.0,4.0,0.0,0.0,0.0,0.0,0.0,0.0,2.0,34.4533,10.445,3.0,0.0,0.0,0.0,2.0,True,False,True,False,False,True,False,False
350.0,100.0,3.0,1.0,0.0,0.0,0.0,0.0,0.0,1.0,35.4319,10.8357,0.0,0.0,0.0,0.0,1.0,True,False,False,False,True,False,True,False
1800.0,180.0,4.0,1.0,1.0,0.0,1.0,1.0,1.0,1.0,36.8514,10.1381,3.0,1.0,0.0,0.0,3.0,True,False,False,True,False,False,True,False
370.0,80.0,2.0,0.0,1.0,1.0,1.0,1.0,1.0,2.0,35.8781,10.5701,0.0,0.0,0.0,1.0,1.0,False,False,False,True,False,False,True,False
250.0,60.0,3.0,1.0,0.0,1.0,1.0,1.0,1.0,1.0,36.8764,10.3253,0.0,0.0,0.0,0.0,1.0,False,False,False,True,False,False,True,False
150.0,100.0,3.0,1.0,0.0,1.0,1.0,0.0,0.0,1.0,37.272,9.8708,2.0,1.0,0.0,0.0,1.0,False,False,True,False,False,False,False,False
1000.0,58.0,3.0,0.0,1.0,0.0,1.0,1.0,1.0,1.0,36.8833,10.25,0.0,1.0,0.0,0.0,1.0,True,False,False,True,False,False,True,False
2000.0,1.0,4.0,1.0,1.0,1.0,1.0,1.0,1.0,1.0,36.4011,10.6146,0.0,1.0,0.0,1.0,1.0,True,False,False,True,False,False,True,False
2200.0,100.0,3.0,1.0,1.0,1.0,1.0,1.0,0.0,1.0,36.4011,10.6146,2.0,1.0,0.0,1.0,2.0,True,False,False,True,False,False,True,False
2800.0,180.0,2.0,0.0,0.0,0.0,0.0,0.0,1.0,1.0,36.8764,10.3253,2.0,1.0,0.0,0.0,1.0,True,False,False,True,False,False,True,False
1600.0,119.0,3.0,1.0,1.0,0.0,1.0,1.0,1.0,5.0,36.8647,10.2748,2.0,1.0,1.0,0.0,2.0,True,False,False,True,False,True,False,False
2400.0,110.0,3.0,0.0,0.0,1.0,1.0,1.0,0.0,1.0,36.8764,10.3253,2.0,1.0,0.0,0.0,1.0,True,False,False,True,False,False,True,False
1000.0,55.0,3.0,0.0,1.0,1.0,1.0,1.0,1.0,2.0,36.8776,10.2185,0.0,1.0,0.0,1.0,1.0,False,True,False,True,False,False,True,False
470.0,90.0,4.0,1.0,0.0,0.0,0.0,0.0,0.0,3.0,35.79,10.56,3.0,0.0,0.0,0.0,1.0,True,False,False,True,False,True,False,False
210.0,95.0,3.0,1.0,1.0,1.0,1.0,1.0,1.0,2.0,36.4396,10.6935,2.0,1.0,1.0,1.0,1.0,False,False,False,True,False,False,True,False
3500.0,110.0,2.0,1.0,0.0,0.0,1.0,1.0,0.0,1.0,36.8764,10.3253,4.0,0.0,1.0,1.0,2.0,True,False,False,True,False,False,True,False
1900.0,80.0,2.0,0.0,1.0,0.0,1.0,1.0,1.0,1.0,35.7562,10.828,0.0,0.0,0.0,1.0,1.0,False,True,True,False,True,False,True,True
220.0,110.0,3.0,0.0,0.0,1.0,1.0,1.0,0.0,4.0,35.8942,10.5982,0.0,0.0,0.0,0.0,1.0,False,False,False,True,False,True,False,False
5300.0,160.0,3.0,0.0,0.0,0.0,1.0,0.0,0.0,1.0,36.8764,10.3253,3.0,0.0,0.0,0.0,1.0,True,False,False,True,False,False,True,False
70.0,70.0,2.0,1.0,0.0,1.0,1.0,0.0,0.0,1.0,36.8227,11.0978,0.0,1.0,0.0,0.0,1.0,False,False,False,False,False,False,True,False
130.0,70.0,3.0,1.0,0.0,1.0,1.0,0.0,0.0,1.0,36.8764,10.3253,0.0,0.0,1.0,0.0,1.0,False,False,False,True,False,False,True,False
250.0,100.0,4.0,0.0,0.0,1.0,1.0,1.0,0.0,3.0,35.9212,10.5777,0.0,0.0,0.0,0.0,1.0,False,False,False,True,False,False,True,False
3500.0,140.0,3.0,1.0,0.0,0.0,0.0,0.0,1.0,1.0,36.8236,10.281,4.0,0.0,0.0,0.0,1.0,True,False,True,False,False,False,True,False
220.0,96.0,2.0,1.0,0.0,1.0,1.0,0.0,1.0,1.0,36.4506,10.735,2.0,0.0,0.0,1.0,1.0,False,False,False,True,False,False,True,False
250.0,112.0,3.0,0.0,1.0,1.0,1.0,1.0,1.0,2.0,35.9431,10.5202,0.0,0.0,0.0,1.0,1.0,False,False,False,True,False,False,True,False
280.0,102.0,3.0,0.0,0.0,1.0,1.0,1.0,1.0,2.0,36.8205,10.1896,0.0,0.0,0.0,1.0,1.0,False,False,False,True,False,False,True,False
1600.0,110.0,5.0,0.0,1.0,0.0,0.0,1.0,1.0,1.0,36.8333,10.3167,2.0,1.0,0.0,0.0,1.0,True,False,False,True,False,False,True,False
2200.0,110.0,4.0,0.0,0.0,0.0,0.0,0.0,0.0,1.0,36.8764,10.3253,3.0,0.0,0.0,0.0,1.0,True,False,False,True,False,False,True,False
160.0,110.0,2.0,0.0,1.0,1.0,0.0,1.0,1.0,1.0,35.8394,10.626,0.0,0.0,0.0,0.0,1.0,False,False,False,True,False,True,False,False
2300.0,181.0,5.0,1.0,1.0,0.0,1.0,1.0,1.0,2.0,36.8333,10.3167,3.0,1.0,0.0,0.0,1.0,True,False,False,True,False,False,True,False
430.0,100.0,3.0,0.0,1.0,1.0,1.0,1.0,1.0,2.0,35.7724,10.8071,0.0,0.0,0.0,1.0,1.0,False,False,True,False,True,False,True,True
2100.0,120.0,2.0,0.0,0.0,0.0,0.0,0.0,0.0,1.0,36.8333,10.3167,3.0,0.0,0.0,0.0,1.0,True,False,False,True,False,False,True,False
3400.0,100.0,3.0,1.0,0.0,1.0,1.0,0.0,0.0,1.0,36.9306,11.0485,3.0,0.0,0.0,0.0,2.0,False,True,False,True,False,False,True,False
550.0,80.0,3.0,1.0,0.0,1.0,1.0,0.0,0.0,2.0,36.4011,10.6146,2.0,0.0,1.0,0.0,1.0,True,False,False,True,False,False,True,False
950.0,100.0,2.0,1.0,0.0,1.0,1.0,1.0,0.0,1.0,35.8324,10.6225,3.0,0.0,0.0,0.0,1.0,True,False,False,True,False,False,True,False
550.0,80.0,3.0,0.0,1.0,0.0,0.0,0.0,1.0,1.0,36.8625,10.1956,2.0,0.0,0.0,0.0,1.0,True,False,False,True,False,False,True,False
315.0,100.0,1.0,0.0,1.0,1.0,1.0,1.0,1.0,4.0,35.7624,10.8068,0.0,0.0,0.0,1.0,1.0,False,False,True,False,False,True,False,False
800.0,80.0,4.0,1.0,0.0,1.0,1.0,1.0,0.0,2.0,36.4842,10.7526,2.0,0.0,0.0,0.0,1.0,True,False,False,False,False,False,True,False
850.0,95.0,3.0,0.0,0.0,1.0,0.0,1.0,0.0,3.0,35.823,10.6398,0.0,0.0,0.0,0.0,1.0,False,True,False,True,False,True,False,False
250.0,35.0,1.0,0.0,1.0,1.0,1.0,1.0,1.0,2.0,35.9448,10.5439,0.0,0.0,0.0,1.0,1.0,False,False,False,True,False,False,True,False
220.0,100.0,3.0,0.0,1.0,1.0,1.0,1.0,1.0,3.0,35.8273,10.6339,0.0,0.0,0.0,0.0,1.0,False,False,False,True,False,True,False,False
3100.0,150.0,4.0,0.0,0.0,0.0,1.0,1.0,0.0,1.0,36.8942,10.2762,3.0,1.0,1.0,0.0,2.0,True,False,False,True,False,False,True,False
1900.0,130.0,3.0,0.0,0.0,1.0,1.0,1.0,0.0,1.0,36.8764,10.3253,2.0,1.0,0.0,0.0,2.0,True,False,False,True,False,False,True,False
200.0,107.0,2.0,0.0,1.0,0.0,1.0,1.0,0.0,3.0,35.8832,10.594,0.0,0.0,0.0,0.0,1.0,False,False,False,True,False,True,False,False
410.0,150.0,3.0,0.0,1.0,1.0,1.0,1.0,1.0,0.0,35.916,10.5635,0.0,0.0,0.0,1.0,1.0,False,False,False,True,False,False,True,False
270.0,70.0,2.0,0.0,1.0,1.0,1.0,1.0,1.0,3.0,35.9136,10.5577,0.0,0.0,0.0,1.0,1.0,False,False,False,True,False,True,False,False
800.0,65.0,3.0,1.0,0.0,0.0,1.0,1.0,1.0,1.0,36.5772,10.3425,0.0,0.0,1.0,0.0,1.0,True,False,False,True,False,False,False,False
1000.0,75.0,2.0,1.0,0.0,1.0,1.0,1.0,1.0,2.0,36.4011,10.6146,0.0,0.0,0.0,0.0,1.0,True,False,False,True,False,False,True,False
300.0,70.0,2.0,0.0,0.0,0.0,0.0,1.0,0.0,2.0,35.943,10.5385,0.0,0.0,0.0,0.0,1.0,False,False,False,True,False,False,True,False
1500.0,110.0,3.0,0.0,0.0,0.0,0.0,1.0,0.0,0.0,35.8724,10.5762,0.0,0.0,0.0,0.0,1.0,False,True,False,True,False,False,True,False
5000.0,120.0,2.0,0.0,0.0,0.0,0.0,0.0,0.0,1.0,36.8764,10.3253,2.0,0.0,0.0,0.0,1.0,True,False,False,True,False,False,True,False
1400.0,140.0,4.0,1.0,0.0,0.0,0.0,0.0,0.0,1.0,36.7409,10.3098,3.0,0.0,1.0,0.0,1.0,True,False,True,False,False,False,False,False
2000.0,80.0,3.0,0.0,0.0,1.0,1.0,1.0,1.0,2.0,35.913,10.559,0.0,0.0,0.0,0.0,1.0,False,True,False,True,False,False,True,False
650.0,70.0,2.0,0.0,1.0,1.0,1.0,0.0,1.0,1.0,36.4141,10.659,0.0,0.0,0.0,1.0,1.0,False,True,False,True,False,False,True,False
2300.0,100.0,2.0,1.0,0.0,1.0,1.0,0.0,0.0,1.0,36.9306,11.0485,2.0,0.0,0.0,0.0,1.0,False,True,False,True,False,False,True,False
650.0,100.0,2.0,1.0,0.0,0.0,1.0,0.0,0.0,1.0,36.7786,10.0554,2.0,0.0,0.0,0.0,1.0,True,False,True,False,False,False,False,False
350.0,75.0,2.0,0.0,0.0,1.0,1.0,1.0,1.0,2.0,35.8718,10.5701,0.0,0.0,0.0,1.0,1.0,False,False,False,True,False,False,True,False
160.0,110.0,3.0,0.0,0.0,1.0,0.0,1.0,0.0,3.0,35.79,10.56,0.0,0.0,0.0,0.0,1.0,False,False,False,True,True,True,False,False
900.0,75.0,3.0,0.0,0.0,0.0,1.0,1.0,1.0,1.0,36.8833,10.25,0.0,1.0,0.0,0.0,1.0,True,False,False,True,False,False,True,False
170.0,80.0,3.0,0.0,0.0,1.0,1.0,1.0,0.0,2.0,35.8641,10.5946,0.0,0.0,0.0,0.0,1.0,False,False,False,True,False,True,False,False
780.0,100.0,2.0,0.0,1.0,0.0,1.0,1.0,1.0,1.0,36.8625,10.1956,0.0,0.0,0.0,0.0,1.0,True,False,False,True,False,False,True,False
150.0,110.0,2.0,0.0,0.0,1.0,0.0,1.0,0.0,0.0,35.8861,10.5958,0.0,0.0,0.0,0.0,1.0,False,False,False,True,False,True,False,False
300.0,60.0,3.0,0.0,1.0,1.0,1.0,1.0,1.0,3.0,35.9173,10.5631,0.0,0.0,0.0,1.0,1.0,False,False,False,True,False,False,True,False
240.0,60.0,2.0,1.0,0.0,1.0,1.0,1.0,1.0,1.0,35.87,10.57,0.0,0.0,0.0,1.0,1.0,False,False,False,True,False,True,False,False
180.0,40.0,2.0,0.0,0.0,1.0,1.0,1.0,1.0,0.0,35.9312,10.5468,0.0,0.0,0.0,0.0,1.0,False,False,False,True,False,False,True,False
1500.0,147.0,4.0,1.0,1.0,1.0,1.0,1.0,1.0,1.0,35.844,10.6188,3.0,1.0,0.0,0.0,1.0,True,False,False,True,False,False,True,False
1200.0,100.0,3.0,0.0,1.0,1.0,1.0,1.0,0.0,1.0,35.8569,10.5972,0.0,0.0,0.0,0.0,1.0,False,True,False,True,False,True,False,False
3000.0,130.0,3.0,1.0,0.0,0.0,0.0,0.0,0.0,1.0,36.8942,10.2762,4.0,1.0,0.0,0.0,1.0,True,False,False,True,False,False,True,False
600.0,80.0,3.0,1.0,0.0,1.0,1.0,0.0,0.0,1.0,36.9767,10.2056,2.0,0.0,0.0,0.0,1.0,True,False,True,False,False,False,True,False
2500.0,160.0,3.0,1.0,1.0,1.0,1.0,1.0,1.0,1.0,36.8333,10.3167,2.0,1.0,1.0,0.0,2.0,True,False,False,True,False,False,True,False
750.0,100.0,4.0,1.0,0.0,0.0,0.0,1.0,0.0,2.0,36.8889,10.3095,3.0,0.0,0.0,0.0,1.0,True,False,False,True,False,False,True,False
800.0,90.0,3.0,0.0,0.0,0.0,0.0,1.0,1.0,2.0,36.0328,10.5071,0.0,0.0,0.0,0.0,1.0,True,False,True,False,False,True,False,False
2800.0,120.0,3.0,0.0,1.0,1.0,1.0,1.0,1.0,4.0,35.9173,10.5739,0.0,0.0,0.0,1.0,1.0,False,True,False,True,False,False,True,False
160.0,64.0,3.0,1.0,0.0,1.0,0.0,0.0,0.0,1.0,36.4011,10.6146,0.0,0.0,0.0,0.0,1.0,False,False,False,True,False,False,True,False
250.0,80.0,3.0,0.0,1.0,1.0,1.0,1.0,1.0,1.0,35.8655,10.6149,0.0,0.0,0.0,1.0,1.0,False,False,False,True,False,True,False,False
100.0,90.0,3.0,1.0,1.0,1.0,1.0,1.0,1.0,4.0,36.8622,10.2699,0.0,1.0,0.0,0.0,1.0,False,False,False,True,False,True,False,False
170.0,80.0,2.0,0.0,0.0,1.0,0.0,0.0,0.0,1.0,37.1303,9.7507,0.0,0.0,1.0,0.0,1.0,False,False,True,False,False,False,False,False
110.0,40.0,3.0,0.0,0.0,1.0,0.0,0.0,0.0,1.0,37.272,9.8708,0.0,0.0,0.0,0.0,1.0,False,False,True,False,False,False,False,False
340.0,80.0,2.0,0.0,1.0,1.0,1.0,1.0,1.0,0.0,35.7642,10.8083,0.0,0.0,0.0,1.0,1.0,False,False,True,False,False,True,False,False
4800.0,110.0,3.0,1.0,0.0,0.0,0.0,0.0,0.0,1.0,36.8764,10.3253,4.0,0.0,0.0,0.0,2.0,True,False,False,True,False,False,True,False
4000.0,80.0,4.0,1.0,1.0,1.0,1.0,1.0,0.0,1.0,36.8764,10.3253,3.0,0.0,0.0,0.0,1.0,True,False,False,True,False,False,True,False
2950.0,120.0,3.0,0.0,1.0,0.0,1.0,1.0,1.0,1.0,35.9444,10.5442,0.0,0.0,0.0,1.0,1.0,False,True,False,True,False,False,True,False
120.0,110.0,3.0,0.0,0.0,1.0,0.0,1.0,0.0,0.0,35.8942,10.5982,0.0,0.0,0.0,0.0,1.0,False,False,False,True,False,True,False,False
1500.0,150.0,4.0,1.0,0.0,0.0,1.0,1.0,0.0,1.0,35.7276,10.5394,2.0,1.0,1.0,0.0,3.0,True,False,False,True,True,True,False,False
300.0,150.0,3.0,0.0,0.0,1.0,1.0,1.0,1.0,1.0,35.8756,10.5686,0.0,0.0,0.0,0.0,1.0,False,False,False,True,False,False,True,False
2050.0,110.0,3.0,0.0,0.0,1.0,1.0,1.0,0.0,1.0,36.8942,10.2762,2.0,1.0,0.0,0.0,1.0,True,False,False,True,False,False,True,False
1200.0,110.0,4.0,1.0,1.0,1.0,1.0,1.0,1.0,1.0,36.4011,10.6146,0.0,1.0,0.0,0.0,1.0,True,False,False,True,False,False,True,False
280.0,80.0,3.0,0.0,1.0,0.0,1.0,1.0,0.0,2.0,35.8685,10.6072,0.0,0.0,0.0,0.0,1.0,False,False,False,True,False,True,False,False
210.0,110.0,3.0,0.0,0.0,1.0,0.0,1.0,0.0,3.0,35.9103,10.5764,0.0,0.0,0.0,0.0,1.0,False,False,False,True,False,True,False,False
200.0,100.0,4.0,1.0,0.0,1.0,1.0,0.0,0.0,1.0,36.712,10.9411,3.0,0.0,0.0,0.0,2.0,False,False,False,False,True,False,True,False
1200.0,125.0,3.0,1.0,0.0,1.0,1.0,1.0,1.0,2.0,33.8819,10.8576,2.0,0.0,0.0,0.0,2.0,True,False,False,False,False,True,False,False
350.0,80.0,3.0,0.0,0.0,1.0,1.0,1.0,0.0,1.0,35.8895,10.5929,0.0,0.0,0.0,1.0,1.0,False,False,False,True,False,True,False,False
1000.0,70.0,3.0,0.0,0.0,1.0,1.0,1.0,0.0,2.0,35.9206,10.5726,0.0,0.0,0.0,1.0,1.0,True,False,False,True,False,False,True,False
1600.0,120.0,3.0,1.0,0.0,1.0,1.0,1.0,1.0,1.0,36.4011,10.6146,2.0,1.0,0.0,0.0,1.0,False,True,False,True,False,False,True,False
1050.0,75.0,2.0,1.0,1.0,0.0,1.0,1.0,1.0,1.0,36.8625,10.1956,0.0,0.0,0.0,0.0,1.0,True,False,False,True,False,False,True,False
3500.0,110.0,3.0,1.0,0.0,1.0,1.0,1.0,1.0,1.0,36.8566,10.3258,2.0,0.0,1.0,0.0,2.0,True,False,False,True,False,False,True,False
2400.0,100.0,2.0,1.0,0.0,1.0,1.0,0.0,0.0,1.0,36.8493,11.0918,2.0,0.0,0.0,0.0,1.0,False,True,False,False,False,False,True,False
315.0,46.0,3.0,0.0,1.0,1.0,0.0,1.0,0.0,2.0,35.8779,10.5749,0.0,0.0,0.0,1.0,1.0,False,False,False,True,False,False,True,False
1900.0,80.0,2.0,0.0,0.0,1.0,1.0,1.0,1.0,2.0,35.9421,10.5398,0.0,0.0,0.0,1.0,1.0,False,True,False,True,False,False,True,False
80.0,30.0,2.0,0.0,0.0,1.0,1.0,1.0,0.0,1.0,35.8672,10.602,0.0,1.0,0.0,0.0,1.0,False,False,False,True,False,True,False,False
100.0,60.0,2.0,0.0,0.0,1.0,1.0,1.0,0.0,0.0,35.8569,10.5972,0.0,0.0,0.0,0.0,1.0,False,False,False,True,False,True,False,False
200.0,120.0,3.0,1.0,0.0,1.0,1.0,1.0,0.0,1.0,36.4506,10.735,2.0,1.0,0.0,0.0,1.0,False,False,False,True,False,False,True,False
200.0,80.0,3.0,0.0,0.0,1.0,1.0,1.0,1.0,0.0,35.9233,10.5742,0.0,0.0,0.0,0.0,1.0,False,False,False,True,False,False,True,False
1900.0,150.0,4.0,0.0,1.0,1.0,1.0,0.0,0.0,5.0,36.8951,10.1885,0.0,0.0,0.0,0.0,2.0,True,False,True,False,False,False,True,False
2500.0,100.0,2.0,1.0,0.0,0.0,0.0,0.0,0.0,1.0,36.8764,10.3253,3.0,0.0,0.0,0.0,1.0,True,False,False,True,False,False,True,False
1100.0,120.0,4.0,1.0,0.0,1.0,1.0,1.0,1.0,1.0,36.4011,10.6146,3.0,1.0,0.0,0.0,1.0,True,False,False,True,False,False,True,False
1300.0,76.0,2.0,1.0,1.0,0.0,1.0,1.0,0.0,1.0,36.8833,10.25,0.0,1.0,0.0,0.0,1.0,True,False,False,True,False,False,True,False
190.0,60.0,3.0,0.0,0.0,1.0,1.0,1.0,0.0,2.0,35.9431,10.5202,0.0,0.0,0.0,0.0,1.0,False,False,False,True,False,False,True,False
600.0,87.0,3.0,0.0,0.0,0.0,0.0,0.0,0.0,1.0,35.5044,11.0661,0.0,0.0,0.0,0.0,1.0,True,False,True,False,False,False,True,False
200.0,30.0,1.0,0.0,0.0,1.0,1.0,1.0,0.0,2.0,35.9219,10.5761,0.0,0.0,0.0,1.0,1.0,False,False,False,True,False,False,True,False
2200.0,120.0,3.0,1.0,0.0,1.0,1.0,1.0,1.0,1.0,36.4011,10.6146,2.0,1.0,0.0,0.0,2.0,False,True,False,True,False,False,True,False
403.0,123.0,3.0,0.0,1.0,1.0,1.0,1.0,1.0,4.0,35.7626,10.8158,0.0,0.0,0.0,1.0,1.0,False,True,True,False,False,True,False,False
800.0,80.0,3.0,1.0,1.0,1.0,0.0,0.0,1.0,2.0,35.87,10.57,2.0,0.0,0.0,0.0,1.0,True,False,False,True,False,True,False,False
210.0,110.0,3.0,0.0,0.0,1.0,0.0,1.0,0.0,1.0,35.9103,10.5764,0.0,0.0,0.0,0.0,1.0,False,False,True,False,False,True,False,False
230.0,50.0,2.0,0.0,0.0,1.0,1.0,1.0,0.0,2.0,35.8894,10.5958,0.0,0.0,0.0,1.0,1.0,False,False,False,True,False,True,False,False
2600.0,110.0,3.0,1.0,0.0,1.0,1.0,1.0,0.0,1.0,36.8566,10.3258,2.0,0.0,0.0,0.0,1.0,True,False,False,True,False,False,True,False
1800.0,100.0,3.0,1.0,0.0,1.0,1.0,0.0,0.0,1.0,36.3772,10.5398,2.0,0.0,0.0,1.0,2.0,False,True,False,True,False,False,True,False
480.0,120.0,3.0,0.0,1.0,1.0,1.0,1.0,1.0,2.0,35.7612,10.7405,0.0,0.0,0.0,1.0,1.0,False,False,True,False,True,False,True,True
160.0,100.0,3.0,0.0,0.0,1.0,0.0,0.0,0.0,1.0,37.2803,9.8814,2.0,0.0,0.0,0.0,1.0,False,False,True,False,False,False,False,False
1800.0,90.0,3.0,1.0,0.0,1.0,1.0,1.0,1.0,1.0,36.4198,10.6619,2.0,0.0,0.0,1.0,1.0,False,True,False,True,False,False,True,False
290.0,70.0,2.0,0.0,1.0,1.0,1.0,1.0,1.0,2.0,35.8855,10.587,0.0,0.0,0.0,0.0,1.0,False,False,False,True,False,True,False,False
220.0,60.0,4.0,1.0,1.0,1.0,1.0,1.0,1.0,1.0,35.8569,10.5972,0.0,1.0,0.0,0.0,1.0,False,False,False,True,False,True,False,False
1300.0,119.0,3.0,0.0,1.0,0.0,1.0,1.0,1.0,1.0,36.8583,10.2613,2.0,0.0,0.0,0.0,1.0,True,False,False,True,False,True,False,False
180.0,70.0,3.0,0.0,0.0,1.0,1.0,1.0,0.0,2.0,35.9258,10.5662,0.0,0.0,0.0,0.0,1.0,False,False,False,True,False,False,True,False
300.0,110.0,3.0,0.0,0.0,1.0,1.0,1.0,0.0,3.0,35.8942,10.5982,0.0,0.0,0.0,0.0,1.0,False,False,False,True,False,True,False,False
370.0,70.0,2.0,0.0,0.0,1.0,1.0,1.0,0.0,1.0,35.7653,10.8088,0.0,0.0,0.0,1.0,1.0,False,False,True,False,False,True,False,False
230.0,60.0,3.0,0.0,0.0,1.0,1.0,1.0,1.0,1.0,35.9191,10.5792,0.0,0.0,0.0,0.0,1.0,False,False,False,True,False,False,True,False
1400.0,140.0,4.0,1.0,1.0,0.0,1.0,1.0,1.0,1.0,35.8273,10.6339,3.0,1.0,1.0,0.0,2.0,True,False,False,True,False,True,False,False
250.0,100.0,3.0,0.0,1.0,1.0,1.0,1.0,1.0,2.0,35.7604,10.8117,0.0,0.0,0.0,0.0,1.0,False,False,True,False,False,True,False,False
200.0,60.0,3.0,0.0,0.0,1.0,1.0,1.0,0.0,3.0,35.838,10.6349,0.0,0.0,0.0,0.0,1.0,False,False,False,True,False,True,False,False
900.0,110.0,3.0,0.0,0.0,1.0,1.0,1.0,0.0,4.0,35.8942,10.5982,0.0,0.0,0.0,0.0,1.0,True,False,False,True,False,True,False,False
320.0,85.0,2.0,0.0,1.0,1.0,1.0,1.0,1.0,1.0,35.7612,10.7405,0.0,0.0,0.0,1.0,1.0,False,False,True,False,True,False,True,True
160.0,55.0,2.0,0.0,0.0,1.0,1.0,1.0,0.0,0.0,35.8886,10.5886,0.0,0.0,0.0,0.0,1.0,False,False,False,True,False,True,False,False
300.0,130.0,2.0,1.0,1.0,1.0,1.0,1.0,0.0,1.0,36.4011,10.6146,2.0,1.0,0.0,0.0,1.0,False,False,False,True,False,False,True,False
1200.0,100.0,3.0,0.0,1.0,0.0,1.0,1.0,1.0,1.0,36.8452,10.1647,2.0,1.0,0.0,0.0,1.0,True,False,False,True,False,False,True,False
1500.0,135.0,4.0,1.0,0.0,1.0,1.0,1.0,0.0,1.0,36.4011,10.6146,3.0,0.0,1.0,1.0,2.0,False,True,False,True,False,False,True,False
1800.0,110.0,3.0,0.0,0.0,0.0,0.0,0.0,0.0,1.0,36.8333,10.3167,0.0,0.0,0.0,0.0,1.0,True,False,False,True,False,False,True,False
950.0,65.0,3.0,0.0,1.0,0.0,1.0,1.0,1.0,1.0,36.8833,10.25,0.0,1.0,1.0,0.0,1.0,True,False,False,True,False,False,True,False
240.0,45.0,2.0,0.0,0.0,1.0,1.0,1.0,0.0,0.0,35.8967,10.5989,0.0,0.0,0.0,0.0,1.0,False,False,False,True,False,True,False,False
250.0,100.0,3.0,0.0,1.0,1.0,1.0,1.0,1.0,3.0,35.7665,10.8081,0.0,0.0,0.0,0.0,1.0,False,False,True,False,False,True,False,False
170.0,110.0,2.0,0.0,1.0,1.0,1.0,1.0,0.0,4.0,35.8836,10.5877,0.0,0.0,0.0,0.0,1.0,False,False,False,True,False,True,False,False
3500.0,200.0,3.0,1.0,0.0,1.0,1.0,0.0,0.0,1.0,36.8493,11.0918,3.0,0.0,0.0,0.0,2.0,False,True,False,False,False,False,True,False
2500.0,100.0,2.0,1.0,0.0,1.0,1.0,0.0,0.0,1.0,36.9306,11.0485,2.0,0.0,0.0,0.0,1.0,False,True,False,True,False,False,True,False
450.0,110.0,3.0,0.0,1.0,1.0,1.0,1.0,1.0,1.0,35.9494,10.5412,0.0,0.0,0.0,1.0,1.0,False,False,False,True,False,False,True,False
3500.0,150.0,3.0,1.0,0.0,1.0,1.0,1.0,1.0,1.0,36.4011,10.6146,2.0,1.0,1.0,1.0,2.0,False,True,False,True,False,False,True,False
3500.0,135.0,3.0,0.0,0.0,0.0,1.0,1.0,0.0,1.0,36.8694,10.3164,2.0,0.0,0.0,0.0,2.0,True,False,False,True,False,False,True,False
240.0,80.0,3.0,0.0,0.0,0.0,1.0,1.0,0.0,3.0,36.4531,10.7386,0.0,0.0,0.0,0.0,1.0,False,False,False,True,False,False,True,False
1300.0,110.0,4.0,0.0,1.0,1.0,1.0,1.0,1.0,1.0,36.8333,10.3167,0.0,1.0,0.0,0.0,1.0,True,False,False,True,False,False,True,False
1900.0,100.0,3.0,0.0,0.0,0.0,0.0,0.0,0.0,1.0,36.8764,10.3253,2.0,0.0,0.0,0.0,1.0,True,False,False,True,False,False,True,False
2200.0,150.0,3.0,1.0,0.0,1.0,0.0,1.0,1.0,1.0,35.8324,10.6225,4.0,1.0,0.0,0.0,1.0,True,False,False,True,False,False,True,False
1100.0,90.0,3.0,1.0,0.0,0.0,1.0,1.0,0.0,2.0,36.9544,10.1914,2.0,0.0,0.0,0.0,1.0,True,False,True,False,False,False,True,False
180.0,91.0,2.0,0.0,1.0,1.0,1.0,1.0,0.0,0.0,35.9206,10.5763,0.0,0.0,0.0,0.0,1.0,False,False,False,True,False,False,True,False
1000.0,100.0,3.0,1.0,0.0,1.0,1.0,1.0,0.0,1.0,36.4011,10.6146,2.0,0.0,0.0,0.0,1.0,True,False,False,True,False,False,True,False
250.0,80.0,3.0,0.0,0.0,1.0,0.0,1.0,0.0,0.0,35.9431,10.5202,0.0,0.0,0.0,0.0,1.0,False,False,False,True,False,False,True,False
140.0,105.0,3.0,0.0,1.0,0.0,0.0,1.0,0.0,2.0,35.8273,10.6339,0.0,0.0,0.0,0.0,1.0,False,False,False,True,False,True,False,False
150.0,70.0,2.0,1.0,1.0,1.0,1.0,0.0,0.0,4.0,35.8286,10.6332,0.0,0.0,0.0,0.0,1.0,False,False,False,True,False,True,False,False
350.0,60.0,3.0,0.0,0.0,1.0,1.0,1.0,0.0,1.0,35.8889,10.5975,0.0,0.0,0.0,1.0,1.0,False,False,False,True,False,True,False,False
160.0,110.0,3.0,0.0,0.0,1.0,1.0,1.0,0.0,4.0,35.8942,10.5982,0.0,0.0,0.0,0.0,1.0,False,False,False,True,False,True,False,False
420.0,68.0,3.0,0.0,0.0,0.0,0.0,0.0,0.0,3.0,36.8302,10.1374,2.0,0.0,0.0,0.0,1.0,True,False,False,False,False,False,True,False
3000.0,110.0,6.0,1.0,1.0,1.0,1.0,1.0,1.0,5.0,36.8333,10.3167,2.0,1.0,0.0,0.0,2.0,True,False,False,True,False,False,True,False
500.0,100.0,3.0,0.0,1.0,1.0,1.0,1.0,0.0,3.0,35.7755,10.7947,0.0,0.0,0.0,1.0,1.0,False,False,True,False,True,False,True,True
120.0,90.0,3.0,0.0,1.0,1.0,1.0,0.0,1.0,1.0,37.272,9.8708,2.0,1.0,1.0,0.0,1.0,False,False,True,False,False,False,False,False
1570.0,176.0,4.0,1.0,1.0,0.0,0.0,1.0,0.0,1.0,36.8625,10.1956,3.0,1.0,0.0,0.0,2.0,True,False,False,True,False,False,True,False
250.0,30.0,1.0,0.0,1.0,1.0,1.0,1.0,1.0,1.0,35.9147,10.5552,0.0,0.0,0.0,1.0,1.0,False,False,False,True,False,False,True,False
1800.0,80.0,2.0,0.0,0.0,1.0,1.0,1.0,0.0,3.0,36.0296,10.5081,0.0,0.0,0.0,1.0,1.0,False,True,True,False,False,True,False,False
4300.0,210.0,3.0,1.0,0.0,0.0,0.0,0.0,1.0,1.0,36.8469,10.2642,3.0,1.0,0.0,0.0,1.0,True,False,False,True,False,False,True,False
1700.0,120.0,3.0,1.0,0.0,0.0,0.0,0.0,1.0,1.0,36.8556,10.2918,2.0,1.0,0.0,0.0,1.0,True,False,False,True,False,False,True,False
4000.0,110.0,5.0,1.0,1.0,1.0,0.0,0.0,0.0,4.0,36.8764,10.3253,4.0,1.0,0.0,0.0,3.0,True,False,False,True,False,False,True,False
170.0,110.0,1.0,0.0,0.0,1.0,0.0,1.0,0.0,1.0,35.8942,10.5982,0.0,0.0,0.0,0.0,1.0,False,False,False,True,False,True,False,False
300.0,75.0,3.0,0.0,0.0,1.0,1.0,1.0,0.0,2.0,36.0301,10.5079,0.0,0.0,0.0,1.0,1.0,False,False,True,False,False,True,False,False
5400.0,215.0,5.0,1.0,1.0,1.0,1.0,1.0,1.0,1.0,36.8764,10.3253,4.0,1.0,0.0,0.0,3.0,True,False,False,True,False,False,True,False
950.0,130.0,2.0,0.0,1.0,1.0,1.0,1.0,1.0,0.0,35.8265,10.6114,0.0,0.0,0.0,0.0,1.0,False,True,False,True,False,True,False,False
750.0,60.0,3.0,0.0,0.0,1.0,1.0,1.0,0.0,2.0,35.8747,10.5718,0.0,0.0,0.0,0.0,1.0,True,False,False,True,False,False,True,False
300.0,75.0,2.0,0.0,1.0,0.0,1.0,1.0,1.0,1.0,35.7612,10.8099,0.0,0.0,0.0,1.0,1.0,False,False,True,False,False,True,False,False
240.0,80.0,3.0,0.0,0.0,1.0,1.0,1.0,0.0,1.0,35.848,10.5991,0.0,0.0,0.0,0.0,1.0,False,False,False,True,False,False,True,False
700.0,100.0,2.0,0.0,0.0,1.0,1.0,1.0,0.0,1.0,36.712,10.9411,2.0,0.0,0.0,0.0,1.0,True,False,False,True,False,True,False,False
600.0,80.0,3.0,0.0,0.0,0.0,0.0,0.0,0.0,1.0,35.4302,10.0853,2.0,0.0,0.0,0.0,1.0,True,False,True,False,True,False,True,False
220.0,100.0,3.0,0.0,0.0,1.0,1.0,1.0,1.0,4.0,35.8831,10.5902,0.0,0.0,0.0,0.0,1.0,False,False,False,True,False,True,False,False
1200.0,65.0,2.0,1.0,0.0,1.0,1.0,1.0,0.0,3.0,36.8188,10.166,0.0,0.0,0.0,0.0,1.0,True,False,True,False,False,False,True,False
1200.0,70.0,3.0,0.0,1.0,1.0,0.0,0.0,1.0,1.0,36.8833,10.25,0.0,1.0,0.0,0.0,1.0,True,False,True,False,False,False,True,False
1900.0,80.0,4.0,0.0,1.0,1.0,1.0,1.0,1.0,2.0,35.9206,10.5714,0.0,0.0,0.0,0.0,1.0,False,True,False,True,False,False,True,False
2700.0,135.0,3.0,1.0,1.0,1.0,1.0,1.0,0.0,1.0,36.8333,10.3167,2.0,1.0,1.0,0.0,1.0,True,False,False,True,False,False,True,False
1500.0,120.0,3.0,0.0,0.0,1.0,0.0,0.0,0.0,1.0,36.4506,10.735,2.0,0.0,1.0,0.0,1.0,True,False,False,True,False,False,True,False
1600.0,110.0,3.0,1.0,0.0,1.0,1.0,0.0,0.0,1.0,35.8982,10.5802,2.0,1.0,0.0,1.0,2.0,False,True,False,True,False,True,False,False
2100.0,100.0,2.0,0.0,0.0,1.0,1.0,0.0,0.0,1.0,36.8493,11.0918,2.0,0.0,0.0,0.0,1.0,False,True,False,False,False,False,True,False
1350.0,140.0,3.0,1.0,1.0,0.0,1.0,1.0,0.0,2.0,36.8764,10.3253,2.0,1.0,0.0,0.0,2.0,True,False,False,True,False,False,True,False
280.0,120.0,3.0,0.0,0.0,0.0,0.0,1.0,0.0,5.0,35.8569,10.5972,0.0,0.0,0.0,0.0,1.0,False,False,False,True,False,True,False,False
320.0,80.0,3.0,0.0,0.0,1.0,1.0,1.0,1.0,1.0,35.9431,10.5202,0.0,0.0,0.0,1.0,1.0,False,False,False,True,False,False,True,False
1800.0,150.0,4.0,0.0,0.0,1.0,0.0,1.0,1.0,2.0,35.8462,10.6036,0.0,0.0,0.0,0.0,1.0,True,False,False,True,False,False,True,False
3500.0,200.0,3.0,1.0,0.0,1.0,1.0,0.0,0.0,1.0,36.9306,11.0485,3.0,0.0,0.0,0.0,2.0,False,True,False,True,False,False,True,False
130.0,79.0,2.0,1.0,0.0,1.0,1.0,1.0,1.0,2.0,36.4506,10.735,2.0,0.0,1.0,0.0,1.0,False,False,False,True,False,False,True,False
450.0,100.0,3.0,0.0,0.0,1.0,1.0,1.0,1.0,2.0,35.7612,10.7405,0.0,0.0,0.0,1.0,1.0,False,False,True,False,True,False,True,True
2500.0,131.0,3.0,1.0,1.0,0.0,1.0,1.0,0.0,2.0,36.8833,10.25,2.0,1.0,0.0,0.0,1.0,True,False,False,True,False,False,True,False
400.0,150.0,3.0,0.0,1.0,1.0,0.0,1.0,0.0,1.0,35.9431,10.5202,0.0,0.0,0.0,0.0,1.0,False,False,False,True,False,False,True,False
1100.0,100.0,2.0,0.0,0.0,0.0,0.0,0.0,0.0,1.0,36.4011,10.6146,0.0,0.0,0.0,0.0,1.0,True,False,False,True,False,False,True,False
180.0,75.0,2.0,1.0,1.0,1.0,0.0,1.0,1.0,1.0,36.4011,10.6146,0.0,0.0,0.0,1.0,1.0,False,False,False,True,False,False,True,False
120.0,110.0,3.0,0.0,1.0,1.0,0.0,1.0,0.0,0.0,35.79,10.56,0.0,0.0,0.0,0.0,1.0,False,False,False,True,True,True,False,False
4300.0,200.0,3.0,1.0,0.0,1.0,1.0,0.0,0.0,1.0,36.8493,11.0918,3.0,0.0,0.0,0.0,1.0,False,True,False,False,False,False,True,False
150.0,150.0,3.0,1.0,0.0,1.0,1.0,0.0,0.0,1.0,37.1303,9.7507,2.0,0.0,0.0,0.0,1.0,False,False,True,False,False,False,False,False
1500.0,110.0,3.0,1.0,0.0,0.0,0.0,0.0,0.0,1.0,36.8833,10.25,2.0,1.0,0.0,0.0,1.0,True,False,False,True,False,False,True,False
250.0,89.0,3.0,0.0,0.0,1.0,0.0,1.0,0.0,1.0,35.836,10.6286,0.0,0.0,0.0,0.0,1.0,False,False,True,False,False,True,False,False
60.0,140.0,4.0,1.0,0.0,1.0,1.0,0.0,0.0,1.0,35.418,11.0401,3.0,0.0,0.0,0.0,1.0,False,False,False,False,True,False,True,False
1000.0,180.0,4.0,0.0,0.0,0.0,1.0,1.0,0.0,1.0,36.0301,10.5079,3.0,0.0,1.0,0.0,1.0,True,False,True,False,False,True,False,False
320.0,80.0,2.0,0.0,1.0,1.0,1.0,1.0,1.0,1.0,35.7627,10.8135,0.0,0.0,0.0,1.0,1.0,False,False,True,False,False,True,False,False
250.0,80.0,3.0,0.0,0.0,1.0,1.0,1.0,0.0,0.0,35.8725,10.6114,0.0,0.0,0.0,0.0,1.0,False,False,False,True,False,True,False,False
1300.0,150.0,3.0,0.0,0.0,1.0,1.0,1.0,0.0,1.0,36.4506,10.735,2.0,0.0,0.0,0.0,1.0,True,False,False,True,False,False,True,False
200.0,110.0,3.0,0.0,0.0,1.0,1.0,1.0,0.0,2.0,35.8942,10.5982,0.0,0.0,0.0,0.0,1.0,False,False,False,True,False,True,False,False
280.0,120.0,3.0,0.0,1.0,1.0,1.0,1.0,1.0,3.0,35.8703,10.612,0.0,0.0,0.0,1.0,1.0,False,False,False,True,False,True,False,False
320.0,80.0,2.0,0.0,1.0,1.0,1.0,1.0,1.0,5.0,35.8217,10.6351,0.0,0.0,0.0,0.0,1.0,False,False,False,True,False,True,False,False
950.0,120.0,4.0,0.0,0.0,0.0,0.0,1.0,1.0,1.0,35.8904,10.5937,0.0,0.0,0.0,0.0,1.0,True,False,False,True,False,True,False,False
3000.0,120.0,3.0,0.0,0.0,1.0,1.0,1.0,1.0,1.0,36.4011,10.6146,2.0,0.0,0.0,0.0,2.0,False,True,False,True,False,False,True,False
260.0,40.0,1.0,0.0,1.0,0.0,1.0,1.0,1.0,3.0,35.9446,10.5376,0.0,0.0,0.0,1.0,1.0,False,False,False,True,False,False,True,False
220.0,100.0,3.0,0.0,1.0,1.0,1.0,1.0,1.0,0.0,35.8434,10.6314,0.0,0.0,0.0,0.0,1.0,False,False,False,True,False,True,False,False
2300.0,100.0,3.0,1.0,0.0,1.0,0.0,0.0,0.0,1.0,36.8469,10.2642,2.0,1.0,0.0,0.0,1.0,True,False,False,True,False,False,True,False
370.0,60.0,2.0,0.0,1.0,1.0,1.0,1.0,1.0,4.0,35.7612,10.7405,0.0,0.0,0.0,1.0,1.0,False,False,True,False,True,False,True,True
1800.0,140.0,3.0,0.0,0.0,1.0,1.0,0.0,0.0,1.0,36.8443,11.0761,3.0,1.0,1.0,0.0,1.0,False,True,False,False,False,False,True,False
2200.0,150.0,3.0,1.0,1.0,1.0,1.0,1.0,1.0,1.0,36.4506,10.735,2.0,1.0,0.0,1.0,2.0,True,False,False,True,False,False,True,False
120.0,120.0,3.0,1.0,0.0,1.0,1.0,1.0,0.0,3.0,36.8625,10.1956,2.0,0.0,0.0,0.0,1.0,False,False,False,True,False,False,True,False
1250.0,110.0,2.0,1.0,0.0,0.0,1.0,1.0,1.0,1.0,36.8764,10.3253,2.0,0.0,0.0,0.0,1.0,True,False,False,True,False,False,True,False
160.0,70.0,2.0,0.0,0.0,1.0,1.0,1.0,0.0,2.0,36.0314,10.5043,0.0,0.0,0.0,0.0,1.0,False,False,True,False,False,True,False,False
260.0,60.0,2.0,0.0,0.0,1.0,1.0,1.0,1.0,2.0,35.8929,10.5988,0.0,0.0,0.0,1.0,1.0,False,False,False,True,False,True,False,False
280.0,150.0,2.0,1.0,1.0,1.0,1.0,1.0,0.0,1.0,35.867,10.6092,2.0,1.0,0.0,0.0,1.0,False,False,False,True,False,True,False,False
3200.0,180.0,4.0,1.0,0.0,0.0,0.0,0.0,1.0,1.0,36.8469,10.2642,3.0,1.0,0.0,0.0,3.0,True,False,False,True,False,False,True,False
1650.0,70.0,2.0,1.0,0.0,1.0,1.0,1.0,1.0,1.0,36.4506,10.735,0.0,0.0,1.0,0.0,1.0,False,True,False,True,False,False,True,False
110.0,55.0,3.0,0.0,0.0,1.0,0.0,1.0,0.0,0.0,35.8376,10.6085,0.0,0.0,0.0,0.0,1.0,False,False,True,False,False,True,False,False
1100.0,55.0,2.0,1.0,0.0,0.0,1.0,1.0,1.0,2.0,36.8833,10.25,0.0,0.0,0.0,0.0,1.0,True,False,False,True,False,False,True,False
850.0,70.0,3.0,1.0,0.0,1.0,1.0,0.0,1.0,2.0,36.8325,10.3124,0.0,0.0,0.0,0.0,1.0,True,False,False,True,False,False,True,False
530.0,80.0,2.0,0.0,1.0,1.0,1.0,1.0,1.0,0.0,35.7612,10.7405,0.0,0.0,0.0,1.0,1.0,False,False,True,False,True,False,True,True
1200.0,89.0,4.0,1.0,0.0,1.0,1.0,1.0,1.0,1.0,36.6939,10.2622,2.0,1.0,0.0,0.0,2.0,True,False,False,False,False,False,False,False
1200.0,70.0,2.0,0.0,1.0,1.0,1.0,1.0,0.0,1.0,36.8625,10.1956,0.0,1.0,0.0,0.0,1.0,True,False,False,True,False,False,True,False
700.0,90.0,3.0,0.0,0.0,0.0,0.0,0.0,0.0,1.0,37.272,9.8708,2.0,0.0,0.0,0.0,1.0,True,False,True,False,False,False,False,False
220.0,50.0,2.0,0.0,1.0,1.0,1.0,1.0,0.0,2.0,35.8363,10.6412,0.0,0.0,0.0,0.0,1.0,False,False,False,True,False,True,False,False
180.0,110.0,2.0,0.0,0.0,1.0,0.0,1.0,0.0,1.0,35.8942,10.5982,0.0,0.0,0.0,0.0,1.0,False,False,False,True,False,True,False,False
90.0,80.0,2.0,0.0,0.0,1.0,0.0,1.0,0.0,1.0,35.7678,10.8225,0.0,0.0,0.0,0.0,1.0,False,False,True,False,False,True,False,False
3500.0,110.0,3.0,0.0,1.0,1.0,0.0,1.0,0.0,1.0,36.9173,10.2852,0.0,0.0,0.0,1.0,1.0,True,False,False,True,False,False,True,False
2000.0,110.0,3.0,1.0,1.0,1.0,1.0,1.0,1.0,1.0,36.8883,10.2742,0.0,1.0,0.0,0.0,1.0,True,False,False,True,False,False,True,False
2000.0,110.0,2.0,0.0,0.0,1.0,1.0,1.0,1.0,1.0,36.8764,10.3253,0.0,1.0,0.0,0.0,1.0,True,False,False,True,False,False,True,False
2200.0,130.0,3.0,1.0,1.0,1.0,1.0,1.0,1.0,1.0,36.8608,10.2745,2.0,1.0,0.0,0.0,2.0,True,False,False,True,False,False,True,False
1650.0,100.0,2.0,0.0,1.0,0.0,1.0,1.0,1.0,1.0,36.8566,10.3258,2.0,0.0,1.0,0.0,1.0,True,False,False,True,False,False,True,False
580.0,113.0,4.0,0.0,1.0,0.0,0.0,0.0,0.0,4.0,36.6939,10.2622,4.0,0.0,0.0,0.0,1.0,True,False,False,False,False,False,False,False
250.0,120.0,3.0,1.0,0.0,1.0,1.0,0.0,1.0,1.0,33.8667,10.85,2.0,1.0,0.0,0.0,1.0,False,False,False,True,False,False,True,False
600.0,120.0,4.0,1.0,0.0,0.0,0.0,0.0,0.0,2.0,36.8188,10.166,3.0,0.0,1.0,0.0,1.0,True,False,False,True,False,False,True,False
160.0,100.0,3.0,1.0,1.0,1.0,1.0,1.0,1.0,1.0,36.9065,10.3001,2.0,1.0,0.0,0.0,1.0,False,False,False,True,False,False,True,False
1400.0,140.0,4.0,1.0,0.0,0.0,1.0,1.0,1.0,2.0,36.8452,10.1647,3.0,1.0,0.0,0.0,2.0,True,False,True,False,False,False,False,False
1500.0,110.0,2.0,1.0,0.0,0.0,1.0,1.0,1.0,1.0,36.8764,10.3253,2.0,0.0,0.0,0.0,1.0,True,False,False,True,False,False,True,False
90.0,40.0,2.0,0.0,0.0,1.0,1.0,1.0,0.0,0.0,35.827,10.6323,0.0,0.0,0.0,0.0,1.0,False,False,False,True,False,True,False,False
150.0,118.0,6.0,1.0,1.0,1.0,1.0,1.0,1.0,2.0,36.8536,10.2567,2.0,1.0,0.0,0.0,1.0,False,False,False,True,False,False,True,False
100.0,80.0,3.0,0.0,0.0,1.0,1.0,0.0,1.0,1.0,34.7862,10.746,0.0,0.0,0.0,0.0,1.0,False,False,True,False,False,True,False,False
1200.0,40.0,3.0,1.0,0.0,1.0,1.0,1.0,0.0,1.0,35.8569,10.5972,2.0,0.0,0.0,0.0,1.0,True,False,False,True,False,True,False,False
1200.0,70.0,3.0,1.0,1.0,1.0,1.0,1.0,1.0,1.0,35.8569,10.5972,2.0,0.0,0.0,0.0,1.0,True,False,False,True,False,True,False,False
125.0,52.0,2.0,1.0,0.0,1.0,1.0,0.0,1.0,1.0,35.9065,10.5769,0.0,1.0,1.0,1.0,1.0,False,False,False,True,False,True,False,False
2000.0,65.0,2.0,0.0,0.0,0.0,1.0,1.0,0.0,3.0,36.8764,10.3253,0.0,0.0,0.0,0.0,1.0,True,False,False,True,False,False,True,False
1800.0,180.0,5.0,0.0,0.0,0.0,1.0,1.0,0.0,1.0,36.8625,10.1956,4.0,0.0,0.0,0.0,2.0,True,False,False,True,False,False,True,False
2900.0,200.0,4.0,0.0,0.0,1.0,0.0,0.0,0.0,1.0,36.8873,10.3224,3.0,0.0,1.0,0.0,3.0,False,True,False,True,False,False,True,False
1400.0,120.0,3.0,0.0,0.0,0.0,0.0,1.0,1.0,5.0,36.8588,10.2853,0.0,0.0,0.0,0.0,1.0,True,False,True,False,False,False,True,False
150.0,110.0,2.0,0.0,0.0,1.0,0.0,1.0,0.0,1.0,35.9103,10.5764,0.0,0.0,0.0,0.0,1.0,False,False,True,False,False,True,False,False
230.0,60.0,3.0,0.0,0.0,1.0,0.0,1.0,0.0,1.0,35.835,10.6417,0.0,0.0,0.0,0.0,1.0,False,False,False,True,False,True,False,False
150.0,70.0,2.0,0.0,0.0,1.0,1.0,1.0,0.0,0.0,36.0069,10.4357,0.0,0.0,0.0,0.0,1.0,False,False,True,False,False,True,False,False
1000.0,160.0,4.0,1.0,0.0,0.0,1.0,1.0,0.0,1.0,36.47,10.78,2.0,0.0,0.0,0.0,2.0,True,False,False,False,True,False,True,False
190.0,40.0,1.0,0.0,0.0,1.0,0.0,1.0,0.0,1.0,35.8245,10.6346,0.0,0.0,0.0,0.0,1.0,False,False,False,True,False,True,False,False
200.0,140.0,4.0,1.0,0.0,1.0,0.0,0.0,0.0,1.0,37.1303,9.7507,3.0,1.0,0.0,0.0,2.0,False,False,True,False,False,False,False,False
700.0,65.0,3.0,0.0,1.0,1.0,1.0,1.0,1.0,4.0,36.4299,10.6908,0.0,0.0,0.0,1.0,1.0,True,False,False,True,False,False,True,False
280.0,70.0,3.0,0.0,1.0,1.0,1.0,1.0,0.0,1.0,35.8617,10.6062,0.0,0.0,0.0,0.0,1.0,False,False,False,True,False,True,False,False
1500.0,70.0,3.0,0.0,0.0,1.0,1.0,1.0,0.0,1.0,35.7678,10.8225,0.0,0.0,0.0,0.0,1.0,True,False,True,False,False,True,False,False
200.0,138.0,3.0,1.0,0.0,1.0,1.0,1.0,1.0,1.0,33.8869,9.5375,2.0,1.0,1.0,1.0,1.0,False,False,False,True,False,False,True,False
1400.0,100.0,4.0,0.0,0.0,1.0,1.0,0.0,1.0,1.0,35.9431,10.5202,2.0,1.0,0.0,0.0,1.0,False,True,False,True,False,False,True,False
200.0,80.0,3.0,0.0,1.0,1.0,0.0,1.0,0.0,1.0,35.8424,10.6272,0.0,0.0,0.0,0.0,1.0,False,False,False,True,False,True,False,False
180.0,180.0,4.0,1.0,0.0,1.0,1.0,0.0,0.0,1.0,37.1303,9.7507,3.0,1.0,0.0,0.0,1.0,False,False,True,False,False,False,False,False
320.0,180.0,4.0,0.0,1.0,1.0,1.0,1.0,0.0,0.0,36.0282,10.5028,0.0,0.0,0.0,0.0,1.0,False,False,True,False,False,True,False,False
250.0,80.0,3.0,0.0,1.0,1.0,1.0,1.0,0.0,2.0,35.7666,10.8078,0.0,0.0,0.0,0.0,1.0,False,False,True,False,False,True,False,False
1100.0,69.0,2.0,1.0,1.0,1.0,1.0,1.0,1.0,3.0,36.4506,10.735,0.0,0.0,0.0,1.0,1.0,False,True,False,True,False,False,True,False
1600.0,65.0,4.0,1.0,1.0,1.0,1.0,0.0,1.0,1.0,35.87,10.57,2.0,0.0,1.0,1.0,1.0,False,True,False,True,False,True,False,False
1300.0,98.0,3.0,0.0,0.0,1.0,1.0,1.0,0.0,1.0,35.8318,10.6018,0.0,0.0,0.0,0.0,1.0,True,False,True,False,False,True,False,False
190.0,110.0,2.0,0.0,0.0,1.0,1.0,1.0,0.0,1.0,35.8864,10.5915,0.0,0.0,0.0,0.0,1.0,False,False,False,True,False,True,False,False
600.0,80.0,3.0,1.0,0.0,1.0,0.0,0.0,0.0,1.0,36.9767,10.2056,2.0,0.0,0.0,0.0,1.0,True,False,True,False,False,False,True,False
390.0,100.0,3.0,0.0,1.0,1.0,1.0,1.0,1.0,4.0,35.7614,10.8112,0.0,0.0,0.0,1.0,1.0,False,False,True,False,False,True,False,False
1500.0,90.0,3.0,1.0,1.0,1.0,1.0,1.0,1.0,1.0,36.4011,10.6146,2.0,1.0,0.0,1.0,1.0,True,False,False,True,False,False,True,False
330.0,50.0,2.0,0.0,0.0,1.0,1.0,1.0,0.0,0.0,35.9197,10.5664,0.0,0.0,0.0,1.0,1.0,False,False,False,True,False,False,True,False
3100.0,150.0,3.0,0.0,0.0,1.0,0.0,0.0,1.0,1.0,36.8764,10.3253,0.0,1.0,1.0,0.0,1.0,True,False,False,True,False,False,True,False
1600.0,110.0,3.0,0.0,1.0,1.0,1.0,1.0,0.0,2.0,35.8378,10.5927,0.0,0.0,0.0,0.0,1.0,True,False,True,False,False,True,False,False
3500.0,200.0,4.0,1.0,1.0,1.0,1.0,1.0,0.0,1.0,36.8942,10.2762,3.0,0.0,0.0,0.0,2.0,True,False,False,True,False,False,True,False
1500.0,140.0,4.0,0.0,0.0,0.0,0.0,0.0,0.0,1.0,36.8764,10.3253,3.0,0.0,0.0,0.0,1.0,True,False,False,True,False,False,True,False
150.0,60.0,2.0,1.0,0.0,1.0,1.0,0.0,0.0,1.0,36.4011,10.6146,0.0,0.0,0.0,0.0,1.0,True,False,False,True,False,False,True,False
1400.0,150.0,2.0,1.0,0.0,0.0,1.0,1.0,1.0,1.0,36.8833,10.25,2.0,0.0,0.0,0.0,1.0,True,False,False,True,False,False,True,False
1200.0,80.0,3.0,1.0,0.0,0.0,1.0,0.0,0.0,1.0,36.8764,10.3253,2.0,0.0,0.0,0.0,1.0,True,False,False,True,False,False,True,False
1400.0,110.0,3.0,1.0,0.0,1.0,0.0,0.0,0.0,1.0,33.0777,9.5838,2.0,0.0,1.0,0.0,1.0,True,False,True,False,False,False,True,False
110.0,80.0,3.0,1.0,0.0,1.0,1.0,0.0,1.0,1.0,33.8869,9.5375,0.0,0.0,0.0,0.0,1.0,False,False,False,True,False,False,True,False
2000.0,120.0,3.0,1.0,1.0,1.0,1.0,1.0,1.0,1.0,36.4011,10.6146,2.0,0.0,0.0,1.0,1.0,True,False,False,True,False,False,True,False
450.0,100.0,3.0,0.0,1.0,1.0,1.0,1.0,1.0,2.0,35.7656,10.8162,0.0,0.0,0.0,1.0,1.0,False,False,True,False,False,True,False,False
900.0,70.0,3.0,1.0,0.0,0.0,1.0,1.0,0.0,1.0,36.8568,10.1157,0.0,1.0,0.0,0.0,1.0,True,False,True,False,False,False,False,False
2500.0,160.0,3.0,1.0,0.0,1.0,0.0,1.0,1.0,1.0,36.8333,10.3167,4.0,1.0,0.0,0.0,1.0,True,False,False,True,False,False,True,False
180.0,80.0,4.0,0.0,0.0,1.0,1.0,1.0,0.0,1.0,35.9431,10.5202,0.0,0.0,0.0,0.0,1.0,False,False,False,True,False,False,True,False
170.0,60.0,2.0,0.0,1.0,1.0,1.0,1.0,1.0,3.0,35.8569,10.5972,0.0,0.0,0.0,0.0,1.0,False,False,False,True,False,True,False,False
250.0,80.0,4.0,0.0,0.0,1.0,1.0,1.0,0.0,0.0,35.8431,10.6142,0.0,0.0,0.0,0.0,1.0,False,False,False,True,False,True,False,False
950.0,150.0,3.0,1.0,0.0,1.0,1.0,1.0,0.0,1.0,35.8324,10.6225,3.0,0.0,0.0,0.0,1.0,True,False,False,True,False,True,False,False
1100.0,100.0,5.0,0.0,0.0,1.0,1.0,0.0,1.0,1.0,35.9431,10.5202,3.0,1.0,0.0,0.0,1.0,False,True,False,True,False,False,True,False
2850.0,70.0,3.0,0.0,1.0,1.0,1.0,1.0,1.0,2.0,35.767,10.8138,0.0,0.0,0.0,1.0,1.0,False,True,True,False,False,True,False,False
1300.0,180.0,4.0,1.0,0.0,0.0,1.0,1.0,1.0,1.0,36.8764,10.3253,3.0,0.0,0.0,0.0,2.0,True,False,False,True,False,False,True,False
850.0,110.0,2.0,0.0,0.0,0.0,0.0,0.0,0.0,1.0,36.4011,10.6146,2.0,0.0,0.0,0.0,1.0,True,False,False,True,False,False,True,False
360.0,150.0,4.0,0.0,0.0,1.0,1.0,1.0,0.0,0.0,36.0288,10.4999,0.0,0.0,0.0,0.0,1.0,False,False,True,False,False,True,False,False
1400.0,90.0,3.0,0.0,0.0,1.0,1.0,1.0,0.0,1.0,36.8694,10.3164,2.0,0.0,0.0,0.0,1.0,True,False,False,True,False,False,True,False
1100.0,80.0,3.0,0.0,0.0,1.0,1.0,1.0,1.0,1.0,36.0333,10.5086,0.0,0.0,0.0,0.0,1.0,True,False,True,False,False,True,False,False
330.0,67.0,3.0,0.0,0.0,1.0,1.0,1.0,1.0,2.0,35.9213,10.5758,0.0,0.0,0.0,1.0,1.0,False,False,False,True,False,False,True,False
160.0,60.0,3.0,0.0,1.0,1.0,1.0,1.0,1.0,1.0,35.8354,10.6364,0.0,0.0,0.0,0.0,1.0,False,False,False,True,False,True,False,False
1200.0,100.0,2.0,1.0,1.0,1.0,1.0,1.0,1.0,1.0,36.4506,10.735,2.0,1.0,0.0,0.0,1.0,True,False,False,True,False,False,True,False
1000.0,100.0,3.0,1.0,0.0,1.0,1.0,1.0,0.0,1.0,36.4011,10.6146,0.0,0.0,0.0,0.0,2.0,True,False,False,True,False,False,True,False
200.0,40.0,2.0,0.0,0.0,1.0,1.0,1.0,0.0,1.0,35.896,10.5995,0.0,0.0,0.0,1.0,1.0,False,False,False,True,False,True,False,False
1000.0,100.0,2.0,1.0,0.0,0.0,1.0,1.0,0.0,1.0,36.8833,10.25,2.0,1.0,1.0,0.0,1.0,True,False,False,True,False,False,True,False
1200.0,90.0,3.0,1.0,1.0,1.0,1.0,1.0,1.0,4.0,35.8569,10.5972,2.0,0.0,0.0,0.0,1.0,True,False,False,True,False,True,False,False
1500.0,80.0,2.0,0.0,0.0,0.0,1.0,1.0,1.0,1.0,36.8764,10.3253,0.0,0.0,1.0,0.0,1.0,True,False,False,True,False,False,True,False
1100.0,60.0,2.0,1.0,1.0,0.0,1.0,1.0,0.0,1.0,36.8833,10.25,0.0,1.0,0.0,0.0,1.0,True,False,False,True,False,False,True,False
280.0,104.0,3.0,1.0,0.0,1.0,1.0,0.0,0.0,1.0,36.4011,10.6146,2.0,0.0,0.0,1.0,2.0,False,False,False,True,False,False,True,False
250.0,180.0,3.0,0.0,0.0,0.0,0.0,1.0,1.0,4.0,35.8259,10.6393,0.0,0.0,0.0,1.0,1.0,False,False,False,True,False,True,False,False
1300.0,110.0,1.0,0.0,1.0,1.0,1.0,1.0,1.0,2.0,35.824,10.6377,0.0,0.0,0.0,1.0,1.0,False,True,False,True,False,True,False,False
600.0,110.0,4.0,0.0,0.0,0.0,0.0,0.0,0.0,3.0,36.8838,10.1902,3.0,1.0,0.0,0.0,2.0,True,False,True,False,False,False,True,False
220.0,80.0,3.0,0.0,0.0,1.0,0.0,1.0,1.0,3.0,35.8434,10.6145,0.0,0.0,0.0,0.0,1.0,False,False,False,True,False,True,False,False
130.0,90.0,3.0,1.0,0.0,1.0,1.0,1.0,1.0,1.0,36.4568,10.7406,3.0,0.0,1.0,0.0,2.0,False,False,False,True,False,False,True,False
520.0,80.0,2.0,0.0,1.0,1.0,1.0,1.0,1.0,0.0,35.7612,10.7405,0.0,0.0,0.0,1.0,1.0,False,False,True,False,True,False,True,True
850.0,50.0,2.0,0.0,1.0,1.0,1.0,1.0,0.0,1.0,35.8834,10.5882,0.0,0.0,0.0,0.0,1.0,False,True,False,True,False,True,False,False
2500.0,110.0,3.0,1.0,0.0,1.0,0.0,0.0,1.0,1.0,36.8556,10.2918,0.0,1.0,0.0,0.0,1.0,True,False,False,True,False,False,True,False
160.0,110.0,1.0,0.0,0.0,1.0,1.0,1.0,0.0,0.0,35.7786,10.8291,0.0,0.0,0.0,0.0,1.0,False,False,True,False,False,True,False,False
1200.0,56.0,2.0,1.0,1.0,0.0,1.0,1.0,1.0,1.0,36.8833,10.25,0.0,1.0,0.0,0.0,1.0,True,False,False,True,False,False,True,False
1200.0,90.0,2.0,0.0,0.0,0.0,0.0,0.0,0.0,1.0,36.8764,10.3253,2.0,0.0,0.0,0.0,1.0,True,False,False,True,False,False,True,False
3000.0,190.0,3.0,1.0,0.0,0.0,0.0,0.0,1.0,1.0,36.8355,10.2242,4.0,1.0,0.0,0.0,1.0,True,False,False,True,False,False,True,False
950.0,73.0,3.0,0.0,0.0,0.0,0.0,0.0,0.0,1.0,36.8452,10.1647,2.0,0.0,0.0,0.0,1.0,True,False,False,True,False,False,True,False
90.0,50.0,2.0,1.0,0.0,1.0,1.0,1.0,0.0,1.0,35.79,10.56,0.0,1.0,0.0,0.0,1.0,False,False,False,True,True,True,False,False
2700.0,160.0,3.0,0.0,1.0,0.0,1.0,1.0,0.0,1.0,36.8556,10.2918,3.0,1.0,0.0,0.0,3.0,True,False,False,True,False,False,True,False
1300.0,109.0,3.0,0.0,0.0,0.0,1.0,1.0,0.0,1.0,36.4011,10.6146,2.0,0.0,0.0,0.0,1.0,True,False,False,True,False,False,True,False
3500.0,110.0,3.0,1.0,0.0,1.0,0.0,1.0,0.0,1.0,36.8764,10.3253,3.0,0.0,1.0,0.0,3.0,True,False,False,True,False,False,True,False
101.39999999999999,65.0,2.0,0.0,1.0,1.0,1.0,1.0,1.0,5.0,36.8483,10.1411,0.0,0.0,0.0,0.0,1.0,False,False,False,True,False,False,True,False
1600.0,188.0,6.0,1.0,0.0,0.0,1.0,1.0,1.0,2.0,36.6939,10.2622,4.0,1.0,0.0,0.0,1.0,True,False,False,False,False,False,False,False
320.0,100.0,4.0,0.0,0.0,1.0,1.0,1.0,0.0,0.0,35.9221,10.5754,0.0,0.0,0.0,0.0,1.0,False,False,False,True,False,False,True,False
280.0,100.0,3.0,0.0,0.0,1.0,1.0,1.0,1.0,4.0,35.8356,10.6236,0.0,0.0,0.0,0.0,1.0,False,False,False,True,False,True,False,False
180.0,70.0,2.0,0.0,0.0,0.0,0.0,1.0,0.0,1.0,36.0301,10.5079,0.0,0.0,0.0,0.0,1.0,False,False,True,False,False,True,False,False
1800.0,168.0,3.0,1.0,1.0,1.0,1.0,1.0,1.0,1.0,36.4011,10.6146,2.0,1.0,0.0,1.0,1.0,True,False,False,True,False,False,True,False
1200.0,100.0,2.0,1.0,0.0,0.0,1.0,1.0,1.0,1.0,36.8833,10.25,2.0,1.0,1.0,0.0,2.0,True,False,False,True,False,False,True,False
900.0,110.0,3.0,0.0,0.0,0.0,0.0,1.0,0.0,0.0,35.9312,10.5454,0.0,0.0,0.0,0.0,1.0,True,False,False,True,False,False,True,False
130.0,60.0,3.0,0.0,0.0,1.0,1.0,1.0,0.0,0.0,35.8605,10.5859,0.0,0.0,0.0,0.0,1.0,False,False,False,True,False,True,False,False
200.0,110.0,2.0,0.0,0.0,1.0,0.0,1.0,0.0,5.0,35.9114,10.5834,0.0,0.0,0.0,0.0,1.0,False,False,False,True,False,True,False,False
900.0,170.0,4.0,0.0,0.0,0.0,0.0,1.0,0.0,2.0,35.8942,10.5982,0.0,0.0,0.0,0.0,1.0,False,True,False,True,False,True,False,False
300.0,80.0,3.0,0.0,0.0,1.0,1.0,1.0,1.0,2.0,35.9166,10.5632,0.0,0.0,0.0,1.0,1.0,False,False,False,True,False,False,True,False
2100.0,60.0,3.0,1.0,0.0,1.0,1.0,1.0,1.0,1.0,36.8942,10.2762,2.0,0.0,0.0,0.0,1.0,True,False,False,True,False,False,True,False
1100.0,110.0,5.0,1.0,0.0,1.0,1.0,1.0,0.0,1.0,36.4011,10.6146,2.0,1.0,0.0,0.0,1.0,True,False,False,True,False,False,True,False
1150.0,80.0,3.0,1.0,1.0,0.0,1.0,1.0,0.0,1.0,36.8625,10.1956,0.0,0.0,0.0,0.0,1.0,True,False,False,True,False,False,True,False
190.0,75.0,2.0,0.0,0.0,1.0,0.0,1.0,1.0,2.0,35.8375,10.5944,0.0,0.0,0.0,0.0,1.0,False,False,True,False,False,True,False,False
210.0,75.0,2.0,0.0,1.0,1.0,1.0,1.0,1.0,1.0,35.9431,10.5202,0.0,0.0,0.0,0.0,1.0,False,False,False,True,False,False,True,False
2200.0,123.0,3.0,0.0,0.0,1.0,1.0,1.0,1.0,1.0,36.9177,10.2889,2.0,1.0,0.0,0.0,1.0,True,False,False,True,False,False,True,False
1000.0,110.0,5.0,0.0,0.0,0.0,1.0,1.0,0.0,1.0,36.4011,10.6146,2.0,0.0,0.0,0.0,1.0,True,False,False,True,False,False,True,False
2500.0,122.0,2.0,1.0,0.0,1.0,1.0,1.0,1.0,1.0,36.8624,10.2835,3.0,1.0,0.0,0.0,2.0,True,False,False,True,False,False,True,False
2000.0,100.0,2.0,1.0,0.0,1.0,1.0,0.0,0.0,1.0,36.9306,11.0485,2.0,0.0,0.0,0.0,1.0,False,True,False,True,False,False,True,False
650.0,135.0,4.0,1.0,0.0,1.0,1.0,0.0,1.0,1.0,35.3581,10.73,3.0,0.0,0.0,0.0,1.0,True,False,False,False,False,False,True,False
1700.0,80.0,2.0,1.0,0.0,1.0,1.0,0.0,1.0,2.0,36.3758,10.5443,0.0,0.0,0.0,1.0,1.0,False,True,False,True,False,False,True,False
240.0,45.0,2.0,0.0,0.0,1.0,1.0,1.0,1.0,0.0,35.9258,10.5679,0.0,0.0,0.0,1.0,1.0,False,False,False,True,False,False,True,False
200.0,60.0,3.0,0.0,0.0,1.0,0.0,1.0,0.0,0.0,35.884,10.5924,0.0,0.0,0.0,0.0,1.0,False,False,False,True,False,True,False,False
3600.0,140.0,3.0,1.0,1.0,0.0,1.0,1.0,1.0,3.0,36.8764,10.3253,3.0,1.0,0.0,0.0,2.0,True,False,False,True,False,False,True,False
240.0,110.0,3.0,0.0,0.0,1.0,1.0,1.0,0.0,0.5,35.8945,10.5988,0.0,0.0,0.0,0.0,1.0,False,False,False,True,False,True,False,False
1350.0,90.0,3.0,0.0,0.0,1.0,1.0,1.0,0.0,1.0,36.4506,10.735,2.0,0.0,0.0,0.0,1.0,True,False,False,True,False,False,True,False
460.0,100.0,3.0,0.0,1.0,1.0,1.0,1.0,1.0,2.0,35.9497,10.5419,0.0,0.0,0.0,1.0,1.0,False,False,False,True,False,False,True,False
290.0,107.0,3.0,0.0,1.0,0.0,1.0,1.0,0.0,3.0,35.8832,10.594,0.0,0.0,0.0,0.0,1.0,False,False,False,True,False,True,False,False
215.0,46.0,2.0,0.0,1.0,1.0,0.0,1.0,0.0,3.0,35.8779,10.5749,0.0,0.0,0.0,1.0,1.0,False,False,False,True,False,False,True,False
1400.0,100.0,3.0,0.0,0.0,1.0,0.0,1.0,0.0,1.0,36.7988,10.1856,0.0,0.0,0.0,0.0,1.0,False,True,True,False,False,True,False,False
320.0,80.0,3.0,0.0,0.0,1.0,1.0,1.0,1.0,1.0,35.9431,10.5202,0.0,0.0,0.0,1.0,1.0,False,False,False,True,False,False,True,False
160.0,110.0,2.0,0.0,1.0,1.0,0.0,1.0,0.0,1.0,35.8064,10.6138,0.0,0.0,0.0,0.0,1.0,False,False,False,True,False,True,False,False
160.0,50.0,2.0,0.0,0.0,1.0,1.0,1.0,0.0,1.0,35.8747,10.5718,0.0,0.0,0.0,0.0,1.0,False,False,False,True,False,False,True,False
600.0,43.0,1.0,0.0,0.0,1.0,1.0,1.0,0.0,0.0,35.8916,10.5952,0.0,0.0,0.0,1.0,1.0,True,False,False,True,False,True,False,False
240.0,35.0,1.0,0.0,1.0,0.0,1.0,1.0,1.0,0.0,35.9468,10.5363,0.0,0.0,0.0,1.0,1.0,False,False,False,True,False,False,True,False
1900.0,95.0,3.0,0.0,0.0,0.0,1.0,1.0,1.0,2.0,35.9431,10.5202,0.0,0.0,0.0,1.0,1.0,False,True,False,True,False,False,True,False
1900.0,110.0,3.0,1.0,0.0,1.0,0.0,0.0,1.0,1.0,36.8942,10.2762,2.0,1.0,0.0,0.0,1.0,True,False,False,True,False,False,True,False
220.0,80.0,3.0,0.0,0.0,1.0,1.0,1.0,0.0,2.0,35.9171,10.5807,0.0,0.0,0.0,0.0,1.0,False,False,False,True,False,False,True,False
1650.0,110.0,2.0,0.0,0.0,1.0,1.0,1.0,0.0,0.0,35.8752,10.5745,0.0,0.0,0.0,0.0,1.0,False,True,False,True,False,True,False,False
3300.0,130.0,2.0,1.0,0.0,0.0,0.0,0.0,0.0,1.0,36.8764,10.3253,2.0,0.0,0.0,1.0,1.0,True,False,False,True,False,False,True,False
1700.0,100.0,3.0,0.0,1.0,0.0,1.0,1.0,1.0,2.0,36.8764,10.3253,2.0,1.0,0.0,0.0,1.0,True,False,False,True,False,False,True,False
230.0,70.0,3.0,0.0,0.0,1.0,1.0,1.0,0.0,1.0,35.8865,10.5877,0.0,0.0,0.0,0.0,1.0,False,False,False,True,False,True,False,False
1500.0,95.0,3.0,1.0,1.0,0.0,1.0,1.0,1.0,1.0,35.8177,10.6455,2.0,0.0,0.0,0.0,1.0,True,False,False,True,False,True,False,False
1200.0,60.0,3.0,1.0,1.0,1.0,1.0,1.0,1.0,1.0,36.8236,10.281,0.0,0.0,0.0,0.0,1.0,True,False,True,False,False,False,True,False
1200.0,70.0,2.0,0.0,0.0,1.0,1.0,1.0,0.0,1.0,35.844,10.6188,0.0,0.0,0.0,0.0,1.0,True,False,False,True,False,False,True,False
1700.0,140.0,3.0,1.0,0.0,1.0,1.0,1.0,0.0,3.0,36.8452,10.1647,2.0,1.0,0.0,0.0,1.0,True,False,False,True,False,False,True,False
120.0,80.0,2.0,0.0,0.0,0.0,0.0,1.0,0.0,1.0,35.9431,10.5202,0.0,0.0,0.0,0.0,1.0,False,True,False,True,False,False,True,False
1000.0,110.0,5.0,0.0,0.0,1.0,1.0,1.0,0.0,1.0,36.4011,10.6146,2.0,0.0,1.0,0.0,1.0,True,False,False,True,False,False,True,False
2400.0,211.0,4.0,1.0,1.0,0.0,1.0,1.0,1.0,2.0,36.8556,10.2918,3.0,1.0,0.0,0.0,2.0,True,False,False,True,False,False,True,False
340.0,120.0,3.0,0.0,0.0,1.0,1.0,1.0,0.0,0.5,35.867,10.5751,0.0,0.0,0.0,0.0,1.0,False,False,False,True,False,False,True,False
2700.0,130.0,3.0,1.0,1.0,1.0,1.0,1.0,1.0,2.0,36.8469,10.2642,2.0,1.0,0.0,0.0,1.0,True,False,False,True,False,False,True,False
430.0,100.0,3.0,0.0,1.0,1.0,1.0,1.0,1.0,4.0,35.9178,10.5631,0.0,0.0,0.0,1.0,1.0,False,False,False,True,False,False,True,False
200.0,55.0,3.0,0.0,0.0,1.0,1.0,1.0,0.0,1.0,35.9118,10.5714,0.0,0.0,0.0,0.0,1.0,False,False,False,True,False,False,True,False
1000.0,60.0,2.0,0.0,1.0,1.0,0.0,0.0,0.0,1.0,36.4011,10.6146,0.0,0.0,0.0,1.0,1.0,True,False,False,True,False,False,True,False
1500.0,110.0,3.0,1.0,0.0,1.0,1.0,1.0,0.0,1.0,36.4011,10.6146,2.0,0.0,1.0,1.0,1.0,False,True,False,True,False,False,True,False
200.0,70.0,3.0,0.0,0.0,1.0,1.0,1.0,0.0,1.0,35.8765,10.5691,0.0,0.0,0.0,0.0,1.0,False,False,False,True,False,False,True,False
1350.0,120.0,3.0,1.0,1.0,0.0,1.0,1.0,1.0,1.0,36.8764,10.3253,2.0,0.0,0.0,0.0,2.0,True,False,False,True,False,False,True,False
1950.0,140.0,4.0,1.0,0.0,1.0,1.0,1.0,1.0,1.0,36.3738,10.6134,3.0,1.0,1.0,0.0,1.0,False,True,False,True,False,False,True,False
1350.0,80.0,3.0,0.0,0.0,1.0,1.0,1.0,0.0,1.0,35.8326,10.6375,0.0,0.0,0.0,0.0,1.0,False,True,False,True,False,True,False,False
850.0,95.0,3.0,1.0,0.0,0.0,0.0,1.0,0.0,1.0,33.8869,9.5375,0.0,0.0,0.0,0.0,1.0,True,False,False,True,False,False,True,False
2600.0,90.0,3.0,1.0,1.0,1.0,1.0,1.0,1.0,4.0,35.87,10.57,2.0,1.0,1.0,1.0,1.0,False,True,False,True,False,True,False,False
180.0,110.0,3.0,0.0,0.0,1.0,1.0,1.0,1.0,1.0,35.8632,10.6034,0.0,0.0,0.0,0.0,1.0,False,False,False,True,True,True,False,False
140.0,75.0,2.0,0.0,1.0,1.0,1.0,1.0,0.0,4.0,35.8569,10.5972,0.0,0.0,0.0,0.0,1.0,False,False,False,True,False,True,False,False
1950.0,90.0,2.0,1.0,0.0,1.0,1.0,1.0,1.0,1.0,36.4011,10.6146,0.0,0.0,1.0,0.0,1.0,False,True,False,True,False,False,True,False
2500.0,100.0,5.0,0.0,0.0,0.0,1.0,1.0,0.0,0.0,35.9125,10.5681,0.0,0.0,0.0,0.0,1.0,False,True,False,True,False,False,True,False
180.0,70.0,2.0,0.0,1.0,1.0,1.0,1.0,1.0,3.0,35.838,10.6345,0.0,0.0,0.0,0.0,1.0,False,False,False,True,False,True,False,False
3500.0,160.0,3.0,1.0,0.0,0.0,0.0,0.0,1.0,1.0,36.8469,10.2642,3.0,1.0,0.0,0.0,1.0,True,False,False,True,False,False,True,False
2800.0,110.0,2.0,0.0,0.0,0.0,0.0,0.0,0.0,1.0,36.8333,10.3167,2.0,0.0,0.0,0.0,1.0,True,False,False,True,False,False,True,False
3000.0,200.0,3.0,1.0,0.0,1.0,1.0,0.0,0.0,1.0,36.9306,11.0485,3.0,0.0,0.0,0.0,1.0,False,True,False,True,False,False,True,False
1300.0,110.0,3.0,1.0,0.0,1.0,1.0,1.0,0.0,1.0,36.4011,10.6146,2.0,0.0,1.0,0.0,1.0,True,False,False,True,False,False,True,False
1600.0,89.0,3.0,0.0,0.0,0.0,1.0,1.0,0.0,1.0,36.8806,10.1717,0.0,0.0,0.0,0.0,1.0,True,False,False,True,False,False,True,False
1600.0,110.0,4.0,1.0,0.0,0.0,0.0,0.0,0.0,1.0,36.8764,10.3253,3.0,0.0,0.0,0.0,1.0,True,False,False,True,False,False,True,False
1800.0,84.0,3.0,0.0,0.0,1.0,0.0,0.0,1.0,1.0,35.8273,10.6339,2.0,0.0,0.0,0.0,1.0,True,False,False,True,False,True,False,False
900.0,65.0,3.0,0.0,1.0,1.0,1.0,1.0,1.0,2.0,35.8309,10.6264,0.0,0.0,0.0,0.0,1.0,True,False,False,True,False,True,False,False
2500.0,110.0,3.0,1.0,0.0,0.0,1.0,1.0,0.0,1.0,36.8764,10.3253,3.0,1.0,0.0,0.0,1.0,True,False,False,True,False,False,True,False
2400.0,90.0,3.0,0.0,0.0,1.0,0.0,1.0,0.0,1.0,36.8694,10.3164,0.0,0.0,0.0,0.0,1.0,True,False,False,True,False,False,True,False
1150.0,115.0,3.0,1.0,1.0,0.0,1.0,1.0,1.0,1.0,36.8833,10.25,2.0,1.0,0.0,0.0,2.0,True,False,False,True,False,False,True,False
180.0,100.0,3.0,0.0,0.0,1.0,1.0,0.0,0.0,1.0,36.8493,11.0918,2.0,0.0,0.0,0.0,1.0,False,False,False,False,False,False,True,False
190.0,70.0,2.0,0.0,0.0,1.0,1.0,1.0,0.0,0.0,35.922,10.5763,0.0,0.0,0.0,0.0,1.0,False,False,False,True,False,False,True,False
220.0,90.0,3.0,0.0,0.0,0.0,0.0,1.0,0.0,1.0,35.8933,10.5947,0.0,0.0,0.0,0.0,1.0,False,False,False,True,False,True,False,False
1100.0,100.0,3.0,0.0,0.0,0.0,1.0,1.0,0.0,1.0,36.8764,10.3253,2.0,1.0,0.0,0.0,2.0,True,False,False,True,False,False,True,False
120.0,90.0,3.0,1.0,1.0,1.0,1.0,1.0,1.0,4.0,36.8556,10.2918,0.0,1.0,0.0,0.0,1.0,False,False,False,True,False,False,True,False
700.0,75.0,2.0,0.0,0.0,0.0,0.0,1.0,0.0,1.0,36.7786,10.0554,0.0,0.0,0.0,0.0,1.0,True,False,True,False,False,False,False,False
150.0,80.0,3.0,0.0,0.0,1.0,1.0,1.0,0.0,1.0,35.8245,10.6346,0.0,0.0,0.0,0.0,1.0,False,False,False,True,False,True,False,False
2200.0,110.0,3.0,1.0,0.0,0.0,1.0,1.0,1.0,1.0,36.8333,10.3167,2.0,1.0,1.0,0.0,1.0,True,False,False,True,False,False,True,False
5000.0,160.0,3.0,0.0,1.0,1.0,1.0,1.0,0.0,1.0,36.8764,10.3253,2.0,0.0,0.0,0.0,1.0,True,False,False,True,False,False,True,False
2400.0,61.0,2.0,1.0,1.0,1.0,1.0,1.0,0.0,3.0,36.8333,10.3167,0.0,1.0,0.0,1.0,1.0,True,False,False,True,False,False,True,False
230.0,60.0,3.0,0.0,0.0,1.0,1.0,1.0,0.0,1.0,35.837,10.6328,0.0,0.0,0.0,0.0,1.0,False,False,False,True,False,True,False,False
1400.0,150.0,4.0,1.0,0.0,0.0,1.0,1.0,1.0,1.0,36.4506,10.735,3.0,0.0,0.0,0.0,2.0,True,False,False,True,False,False,True,False
260.0,55.0,2.0,0.0,0.0,1.0,1.0,1.0,1.0,0.0,35.925,10.5693,0.0,0.0,0.0,1.0,1.0,False,False,False,True,False,True,False,False
3000.0,110.0,4.0,0.0,0.0,0.0,0.0,0.0,0.0,1.0,36.8764,10.3253,3.0,0.0,0.0,0.0,2.0,True,False,False,True,False,False,True,False
750.0,110.0,5.0,0.0,0.0,0.0,0.0,0.0,0.0,1.0,36.7609,10.2736,3.0,0.0,0.0,0.0,2.0,True,False,True,False,False,False,False,False
4250.0,165.0,4.0,1.0,1.0,1.0,1.0,1.0,0.0,1.0,36.8764,10.3253,3.0,1.0,0.0,0.0,3.0,True,False,False,True,False,False,True,False
1300.0,110.0,4.0,1.0,0.0,0.0,1.0,1.0,0.0,1.0,36.8764,10.3253,3.0,1.0,0.0,0.0,1.0,True,False,False,True,False,False,True,False
300.0,100.0,3.0,0.0,1.0,0.0,1.0,1.0,1.0,2.0,35.9258,10.5682,0.0,0.0,0.0,1.0,1.0,False,False,False,True,False,False,True,False
1300.0,40.0,1.0,0.0,0.0,1.0,1.0,1.0,0.0,1.0,35.9003,10.5956,0.0,0.0,0.0,0.0,1.0,False,True,False,True,False,True,False,False
1600.0,60.0,2.0,0.0,1.0,1.0,0.0,1.0,0.0,2.0,36.82,10.1882,0.0,0.0,0.0,1.0,1.0,False,True,False,True,False,False,True,False
1600.0,180.0,3.0,1.0,1.0,0.0,1.0,1.0,1.0,1.0,36.8764,10.3253,2.0,1.0,1.0,0.0,2.0,True,False,False,True,False,False,True,False
230.0,70.0,3.0,0.0,0.0,0.0,1.0,1.0,0.0,1.0,35.8846,10.5955,0.0,0.0,0.0,0.0,1.0,False,False,False,True,False,True,False,False
330.0,150.0,4.0,0.0,0.0,1.0,1.0,1.0,0.0,1.0,36.0301,10.5079,3.0,0.0,0.0,0.0,2.0,False,False,True,False,False,True,False,False
2000.0,95.0,3.0,1.0,1.0,1.0,1.0,1.0,1.0,5.0,36.4506,10.735,3.0,1.0,0.0,1.0,1.0,True,False,False,True,False,False,True,False
2600.0,110.0,2.0,0.0,1.0,1.0,1.0,1.0,1.0,1.0,36.8764,10.3253,0.0,1.0,0.0,0.0,1.0,True,False,False,True,False,False,True,False
1000.0,60.0,3.0,0.0,0.0,0.0,0.0,0.0,0.0,1.0,36.8764,10.3253,0.0,0.0,0.0,0.0,1.0,True,False,False,True,False,False,True,False
240.0,60.0,2.0,0.0,0.0,1.0,1.0,1.0,1.0,2.0,36.8217,10.1818,0.0,0.0,0.0,1.0,1.0,False,False,False,True,False,False,True,False
1150.0,75.0,3.0,1.0,1.0,0.0,1.0,1.0,1.0,3.0,36.8625,10.1956,0.0,1.0,0.0,0.0,1.0,True,False,False,True,False,False,True,False
750.0,50.0,2.0,0.0,0.0,0.0,1.0,1.0,0.0,0.0,35.8991,10.586,0.0,0.0,0.0,0.0,1.0,False,True,False,True,False,True,False,False
2200.0,140.0,3.0,1.0,1.0,0.0,0.0,0.0,0.0,2.0,36.8764,10.3253,3.0,1.0,0.0,0.0,1.0,True,False,False,True,False,False,True,False
90.0,70.0,3.0,1.0,0.0,1.0,1.0,1.0,1.0,1.0,37.2855,9.8334,2.0,1.0,1.0,0.0,1.0,False,False,True,False,False,False,False,False
120.0,90.0,4.0,0.0,1.0,1.0,1.0,1.0,1.0,2.0,36.8355,10.2242,2.0,1.0,0.0,0.0,1.0,False,False,False,True,False,False,True,False
350.0,80.0,2.0,0.0,1.0,1.0,1.0,1.0,1.0,2.0,35.87,10.57,0.0,0.0,0.0,1.0,1.0,False,False,False,True,False,False,True,False
250.0,80.0,2.0,0.0,1.0,1.0,1.0,1.0,0.0,3.0,36.0327,10.5083,0.0,0.0,0.0,0.0,1.0,False,False,True,False,False,True,False,False
180.0,90.0,3.0,0.0,1.0,1.0,1.0,1.0,1.0,1.0,35.8319,10.5946,2.0,0.0,0.0,0.0,1.0,False,False,False,True,False,True,False,False
1500.0,130.0,4.0,1.0,1.0,1.0,1.0,1.0,0.0,4.0,36.8764,10.3253,3.0,1.0,0.0,0.0,2.0,True,False,False,True,False,False,True,False
200.0,110.0,3.0,0.0,1.0,1.0,1.0,1.0,0.0,2.0,35.8836,10.5877,0.0,0.0,0.0,0.0,1.0,False,False,False,True,False,True,False,False
4000.0,110.0,4.0,1.0,0.0,0.0,1.0,1.0,0.0,1.0,36.8764,10.3253,3.0,1.0,1.0,0.0,2.0,True,False,False,True,False,False,True,False
1800.0,130.0,2.0,1.0,0.0,1.0,1.0,0.0,0.0,2.0,36.4011,10.6146,2.0,0.0,0.0,1.0,1.0,False,True,False,True,False,False,True,False
120.0,80.0,2.0,0.0,0.0,1.0,1.0,1.0,0.0,2.0,35.8231,10.6296,0.0,0.0,0.0,0.0,1.0,False,False,False,True,False,False,True,False
1500.0,150.0,5.0,0.0,0.0,0.0,0.0,1.0,0.0,4.0,36.8534,10.2505,4.0,0.0,0.0,0.0,2.0,True,False,False,True,False,False,True,False
1950.0,80.0,3.0,0.0,1.0,1.0,1.0,1.0,1.0,0.0,35.9194,10.5603,0.0,0.0,0.0,1.0,1.0,False,True,False,True,False,False,True,False
2000.0,70.0,2.0,1.0,1.0,0.0,1.0,1.0,0.0,2.0,36.8764,10.3253,0.0,0.0,0.0,0.0,1.0,True,False,False,True,False,False,True,False
1200.0,100.0,5.0,1.0,0.0,0.0,1.0,1.0,0.0,1.0,35.8324,10.6225,2.0,0.0,0.0,0.0,1.0,True,False,False,True,False,True,False,False
520.0,60.0,2.0,0.0,1.0,1.0,1.0,1.0,1.0,0.0,35.7749,10.7943,0.0,0.0,0.0,1.0,1.0,False,False,True,False,True,False,True,True
100.0,30.0,2.0,0.0,1.0,1.0,1.0,0.0,1.0,2.0,36.4011,10.6146,0.0,0.0,0.0,1.0,1.0,False,False,False,True,False,False,True,False
600.0,100.0,1.0,0.0,1.0,1.0,1.0,1.0,1.0,4.0,35.7624,10.8068,0.0,0.0,0.0,1.0,1.0,False,False,True,False,False,True,False,False
4000.0,150.0,3.0,1.0,0.0,0.0,1.0,1.0,1.0,1.0,36.8566,10.3258,2.0,0.0,0.0,0.0,2.0,True,False,False,True,False,False,True,False
1100.0,95.0,3.0,0.0,0.0,1.0,1.0,0.0,0.0,1.0,35.8569,10.5915,0.0,0.0,0.0,0.0,1.0,True,False,False,True,False,True,False,False
253.0,90.0,5.0,0.0,1.0,1.0,1.0,1.0,1.0,1.0,36.8764,10.3253,2.0,0.0,1.0,0.0,1.0,False,False,False,True,False,False,True,False
90.0,70.0,3.0,0.0,0.0,1.0,0.0,0.0,0.0,1.0,36.8165,10.3005,2.0,0.0,0.0,0.0,1.0,False,False,True,False,False,False,True,False
250.0,150.0,4.0,0.0,0.0,1.0,1.0,1.0,1.0,1.0,36.0291,10.5069,0.0,0.0,0.0,0.0,1.0,False,False,True,False,False,True,False,False
100.0,80.0,2.0,1.0,1.0,1.0,1.0,1.0,1.0,1.0,36.8714,10.2657,0.0,0.0,0.0,0.0,1.0,False,False,False,True,False,False,True,False
950.0,57.0,2.0,1.0,1.0,0.0,1.0,1.0,0.0,2.0,36.8833,10.25,0.0,1.0,0.0,0.0,1.0,True,False,False,True,False,False,True,False
1600.0,75.0,2.0,0.0,1.0,1.0,0.0,1.0,1.0,0.0,35.8698,10.5981,0.0,0.0,0.0,1.0,1.0,False,True,False,True,False,True,False,False
315.0,100.0,1.0,0.0,1.0,1.0,1.0,1.0,1.0,4.0,35.7624,10.8068,0.0,0.0,0.0,1.0,1.0,False,False,True,False,False,True,False,False
230.0,70.0,3.0,0.0,0.0,1.0,1.0,1.0,0.0,2.0,35.8569,10.5972,0.0,0.0,0.0,0.0,1.0,False,False,False,True,False,True,False,False
100.0,66.0,2.0,0.0,1.0,1.0,1.0,0.0,1.0,3.0,36.4398,10.6912,0.0,0.0,0.0,1.0,1.0,False,False,False,True,False,False,True,False
2300.0,100.0,3.0,1.0,0.0,1.0,1.0,1.0,0.0,1.0,36.4011,10.6146,2.0,0.0,0.0,1.0,2.0,False,True,False,True,False,False,True,False
200.0,100.0,3.0,0.0,0.0,1.0,1.0,1.0,1.0,2.0,35.8888,10.5869,0.0,0.0,0.0,0.0,1.0,False,False,False,True,False,True,False,False
180.0,100.0,3.0,0.0,0.0,1.0,1.0,1.0,0.0,2.0,35.9168,10.5652,0.0,0.0,0.0,0.0,1.0,False,False,False,True,False,False,True,False
500.0,60.0,3.0,0.0,0.0,0.0,0.0,0.0,0.0,3.0,36.797,10.1575,2.0,0.0,0.0,0.0,1.0,True,False,False,False,False,False,True,False
650.0,65.0,3.0,1.0,0.0,0.0,0.0,1.0,0.0,1.0,36.789,10.1835,0.0,0.0,0.0,0.0,1.0,True,False,True,False,False,False,True,False
2300.0,50.0,2.0,0.0,1.0,1.0,1.0,1.0,0.0,1.0,36.8764,10.3253,0.0,0.0,0.0,0.0,1.0,True,False,False,True,False,False,True,False
250.0,100.0,3.0,0.0,0.0,1.0,1.0,1.0,0.0,0.0,35.8717,10.5751,0.0,0.0,0.0,1.0,1.0,False,False,False,True,False,False,True,False
250.0,100.0,4.0,0.0,0.0,1.0,1.0,1.0,0.0,3.0,35.8747,10.5718,0.0,0.0,0.0,0.0,1.0,False,False,False,True,False,False,True,False
160.0,110.0,1.0,0.0,0.0,1.0,0.0,1.0,0.0,1.0,36.8891,10.3223,0.0,0.0,0.0,0.0,1.0,False,False,False,True,False,False,True,False
1200.0,150.0,3.0,0.0,0.0,1.0,1.0,1.0,0.0,1.0,35.8569,10.5972,4.0,0.0,0.0,0.0,1.0,True,False,False,True,False,True,False,False
2700.0,100.0,3.0,0.0,1.0,1.0,1.0,1.0,0.0,2.0,35.9137,10.5569,0.0,0.0,0.0,1.0,1.0,False,True,False,True,False,False,True,False
3571.0,58.0,3.0,0.0,0.0,1.0,0.0,1.0,0.0,1.0,43.6809,7.2293,0.0,0.0,0.0,0.0,1.0,True,False,False,False,True,False,False,False
250.0,80.0,3.0,0.0,1.0,1.0,1.0,1.0,1.0,2.0,35.7707,10.8293,0.0,0.0,0.0,0.0,1.0,False,False,True,False,False,True,False,False
1600.0,70.0,3.0,0.0,0.0,1.0,0.0,0.0,0.0,1.0,36.8333,10.3167,0.0,1.0,1.0,0.0,1.0,True,False,False,True,False,False,True,False
2300.0,80.0,3.0,0.0,1.0,1.0,1.0,1.0,1.0,3.0,35.9148,10.578,0.0,0.0,0.0,0.0,1.0,False,True,False,True,False,False,True,False
350.0,150.0,3.0,0.0,0.0,1.0,1.0,0.0,0.0,1.0,37.272,9.8708,2.0,0.0,0.0,0.0,1.0,False,False,True,False,False,False,False,False
4000.0,110.0,4.0,1.0,1.0,1.0,1.0,1.0,1.0,3.0,36.8764,10.3253,3.0,0.0,0.0,0.0,2.0,True,False,False,True,False,False,True,False
1000.0,55.0,3.0,1.0,1.0,0.0,1.0,1.0,1.0,1.0,36.8833,10.25,0.0,1.0,0.0,0.0,1.0,True,False,False,True,False,False,True,False
230.0,97.0,3.0,1.0,1.0,1.0,1.0,1.0,1.0,2.0,36.8764,10.3253,0.0,1.0,0.0,0.0,2.0,False,False,False,True,False,False,True,False
330.0,140.0,3.0,0.0,1.0,1.0,1.0,1.0,1.0,1.0,35.7624,10.8068,0.0,0.0,0.0,1.0,1.0,False,False,True,False,False,True,False,False
220.0,80.0,2.0,1.0,0.0,1.0,1.0,1.0,1.0,1.0,33.8116,10.9875,0.0,1.0,1.0,1.0,1.0,False,False,False,False,False,True,False,False
1600.0,80.0,2.0,1.0,1.0,0.0,1.0,1.0,1.0,1.0,36.8764,10.3253,0.0,1.0,0.0,1.0,1.0,True,False,False,True,False,False,True,False
850.0,80.0,2.0,0.0,0.0,1.0,1.0,0.0,0.0,1.0,33.8076,10.8451,2.0,0.0,0.0,0.0,1.0,True,False,True,False,True,True,False,False
1200.0,90.0,3.0,1.0,0.0,0.0,0.0,1.0,0.0,1.0,36.8239,10.2264,2.0,0.0,0.0,0.0,1.0,True,False,True,False,False,False,False,False
700.0,60.0,3.0,0.0,0.0,1.0,1.0,0.0,1.0,1.0,35.9431,10.5202,0.0,1.0,0.0,0.0,1.0,False,True,False,True,False,False,True,False
370.0,60.0,2.0,0.0,1.0,1.0,0.0,1.0,1.0,0.0,35.7674,10.8101,0.0,0.0,0.0,1.0,1.0,False,False,True,False,False,True,False,False
2600.0,130.0,3.0,1.0,0.0,1.0,1.0,0.0,1.0,1.0,36.9034,11.1052,3.0,0.0,0.0,0.0,2.0,False,True,True,False,False,False,True,False
950.0,100.0,4.0,1.0,0.0,0.0,0.0,0.0,0.0,1.0,36.4011,10.6146,3.0,1.0,0.0,0.0,1.0,True,False,False,True,False,False,True,False
2400.0,100.0,2.0,1.0,0.0,1.0,1.0,0.0,0.0,1.0,36.8493,11.0918,2.0,0.0,0.0,0.0,1.0,False,True,False,False,False,False,True,False
250.0,100.0,2.0,0.0,1.0,1.0,1.0,1.0,1.0,1.0,35.8293,10.5953,0.0,0.0,0.0,0.0,1.0,False,False,True,False,False,True,False,False
280.0,100.0,2.0,1.0,0.0,1.0,1.0,0.0,1.0,1.0,36.4011,10.6146,2.0,0.0,0.0,1.0,1.0,False,False,False,True,False,False,True,False
2900.0,200.0,4.0,1.0,0.0,1.0,1.0,1.0,0.0,1.0,36.8873,10.3224,3.0,1.0,1.0,0.0,3.0,False,True,False,True,False,False,True,False
1300.0,100.0,3.0,1.0,0.0,0.0,1.0,1.0,1.0,1.0,36.8764,10.3253,2.0,0.0,0.0,0.0,1.0,True,False,False,True,False,False,True,False
800.0,80.0,2.0,0.0,0.0,0.0,1.0,1.0,0.0,1.0,35.8747,10.5718,0.0,0.0,0.0,0.0,1.0,False,True,False,True,False,False,True,False
280.0,110.0,3.0,0.0,0.0,1.0,1.0,1.0,0.0,4.0,35.8942,10.5982,0.0,0.0,0.0,0.0,1.0,False,False,False,True,False,True,False,False
350.0,80.0,2.0,0.0,1.0,1.0,1.0,1.0,1.0,4.0,35.7612,10.809,0.0,0.0,0.0,1.0,1.0,False,False,True,False,False,True,False,False
1500.0,120.0,5.0,1.0,0.0,1.0,1.0,1.0,1.0,3.0,36.8625,10.1956,2.0,0.0,0.0,0.0,1.0,True,False,False,True,False,False,True,False
1500.0,150.0,4.0,0.0,0.0,1.0,1.0,1.0,0.0,1.0,35.8177,10.6455,0.0,0.0,0.0,0.0,1.0,True,False,False,True,False,True,False,False
2000.0,120.0,3.0,0.0,0.0,1.0,0.0,0.0,0.0,2.0,36.8764,10.3253,2.0,1.0,1.0,0.0,2.0,True,False,False,True,False,False,True,False
1900.0,110.0,3.0,1.0,0.0,0.0,0.0,0.0,1.0,1.0,36.8883,10.2742,3.0,1.0,0.0,0.0,1.0,True,False,False,True,False,False,True,False
490.0,120.0,3.0,0.0,1.0,1.0,1.0,1.0,1.0,4.0,35.764,10.8077,0.0,0.0,0.0,1.0,1.0,False,False,True,False,False,True,False,False
2500.0,110.0,4.0,0.0,0.0,0.0,1.0,1.0,0.0,2.0,36.8333,10.3167,3.0,0.0,0.0,0.0,3.0,True,False,False,True,False,False,True,False
1700.0,68.0,2.0,0.0,0.0,1.0,0.0,0.0,0.0,1.0,36.8764,10.3253,2.0,1.0,0.0,0.0,1.0,True,False,False,True,False,False,True,False
900.0,150.0,4.0,0.0,0.0,0.0,0.0,0.0,0.0,1.0,36.8452,10.1647,3.0,1.0,0.0,0.0,2.0,True,False,False,True,False,False,True,False
190.0,80.0,3.0,0.0,0.0,1.0,1.0,1.0,0.0,1.0,35.9431,10.5202,0.0,0.0,0.0,0.0,1.0,False,False,False,True,False,False,True,False
1700.0,180.0,4.0,0.0,1.0,0.0,1.0,1.0,1.0,1.0,35.8406,10.5989,0.0,0.0,0.0,0.0,1.0,True,False,True,False,False,True,False,False
1200.0,110.0,6.0,1.0,0.0,1.0,1.0,1.0,0.0,1.0,36.4011,10.6146,2.0,0.0,0.0,0.0,2.0,True,False,False,True,False,False,True,False
1250.0,70.0,3.0,1.0,0.0,0.0,0.0,0.0,0.0,1.0,36.8764,10.3253,0.0,0.0,0.0,0.0,1.0,True,False,False,True,False,False,True,False
108.16,30.0,3.0,0.0,0.0,1.0,1.0,1.0,0.0,1.0,36.8625,10.1956,0.0,0.0,0.0,0.0,1.0,False,False,False,True,False,False,True,False
700.0,90.0,4.0,0.0,0.0,1.0,1.0,0.0,0.0,2.0,36.8119,10.1814,3.0,0.0,0.0,0.0,1.0,True,False,False,False,False,True,False,False
1200.0,100.0,2.0,0.0,0.0,1.0,1.0,1.0,1.0,1.0,35.8256,10.6084,3.0,0.0,0.0,0.0,1.0,True,False,False,True,False,True,False,False
180.0,80.0,2.0,0.0,0.0,1.0,1.0,1.0,0.0,2.0,35.9174,10.5612,0.0,0.0,0.0,0.0,1.0,False,False,False,True,False,False,True,False
100.0,80.0,2.0,1.0,1.0,1.0,1.0,1.0,1.0,1.0,36.8624,10.27,0.0,0.0,1.0,0.0,1.0,False,False,False,True,False,False,True,False
252.0,80.0,2.0,0.0,1.0,1.0,1.0,1.0,1.0,4.0,35.8273,10.6339,0.0,0.0,0.0,1.0,1.0,False,False,False,True,False,True,False,False
670.0,120.0,3.0,1.0,0.0,1.0,1.0,0.0,1.0,3.0,36.7311,10.3277,2.0,0.0,0.0,0.0,2.0,True,False,False,False,True,False,False,False
380.0,80.0,2.0,0.0,1.0,1.0,1.0,1.0,1.0,2.0,35.7612,10.7405,0.0,0.0,0.0,1.0,1.0,False,False,True,False,True,False,True,True
430.0,100.0,3.0,0.0,1.0,1.0,1.0,1.0,0.0,2.0,35.9485,10.5399,0.0,0.0,0.0,0.0,1.0,False,False,False,True,False,False,True,False
230.0,60.0,3.0,0.0,0.0,1.0,1.0,1.0,1.0,0.0,35.8861,10.5956,0.0,0.0,0.0,0.0,1.0,False,False,False,True,False,True,False,False
1900.0,80.0,2.0,0.0,0.0,0.0,1.0,1.0,1.0,1.0,35.9475,10.545,0.0,0.0,0.0,1.0,1.0,False,True,False,True,False,False,True,False
1000.0,80.0,3.0,0.0,0.0,1.0,1.0,1.0,0.0,1.0,35.861,10.5976,0.0,0.0,0.0,0.0,1.0,False,True,False,True,False,True,False,False
2500.0,120.0,3.0,1.0,0.0,1.0,1.0,1.0,0.0,1.0,36.8566,10.3258,2.0,0.0,0.0,0.0,2.0,True,False,False,True,False,False,True,False
2100.0,70.0,3.0,1.0,0.0,1.0,1.0,1.0,1.0,1.0,36.4011,10.6146,2.0,0.0,0.0,1.0,2.0,False,True,False,True,False,False,True,False
180.0,120.0,3.0,0.0,0.0,1.0,0.0,1.0,0.0,2.0,35.7218,10.6179,0.0,0.0,0.0,0.0,1.0,False,False,False,True,False,False,True,False
1600.0,1.0,2.0,1.0,0.0,1.0,1.0,1.0,0.0,1.0,36.8764,10.3253,0.0,0.0,0.0,0.0,1.0,True,False,False,True,False,False,True,False
200.0,60.0,2.0,0.0,0.0,1.0,1.0,1.0,1.0,2.0,36.8187,10.1892,0.0,0.0,0.0,1.0,1.0,False,False,False,True,False,False,True,False
1800.0,140.0,3.0,0.0,0.0,0.0,0.0,0.0,0.0,1.0,36.8556,10.2918,2.0,1.0,0.0,0.0,1.0,True,False,False,True,False,False,True,False
330.0,60.0,2.0,0.0,1.0,1.0,1.0,1.0,1.0,2.0,35.7757,10.7677,0.0,0.0,0.0,1.0,1.0,False,False,True,False,False,True,False,False
1700.0,90.0,2.0,0.0,0.0,1.0,1.0,0.0,0.0,1.0,36.8594,11.1245,2.0,0.0,0.0,0.0,2.0,False,True,False,False,False,False,True,False
180.0,40.0,2.0,0.0,0.0,1.0,1.0,1.0,1.0,3.0,35.9212,10.5773,0.0,0.0,0.0,0.0,1.0,False,False,False,True,False,False,True,False
600.0,100.0,3.0,0.0,0.0,0.0,1.0,1.0,0.0,2.0,35.6776,10.0924,2.0,0.0,0.0,0.0,1.0,True,False,True,False,True,False,True,False
1500.0,80.0,2.0,1.0,0.0,1.0,1.0,1.0,0.0,1.0,36.3892,10.5525,0.0,0.0,1.0,0.0,1.0,False,True,False,True,False,False,True,False
680.0,180.0,3.0,0.0,0.0,1.0,1.0,1.0,1.0,0.0,35.7636,10.8149,0.0,0.0,0.0,1.0,1.0,False,False,True,False,False,True,False,False
1600.0,132.0,4.0,1.0,1.0,0.0,0.0,0.0,0.0,1.0,35.4085,10.0289,3.0,1.0,0.0,0.0,1.0,True,False,False,True,False,False,True,False
250.0,60.0,2.0,0.0,1.0,1.0,1.0,1.0,1.0,2.0,35.9167,10.579,0.0,0.0,0.0,0.0,1.0,False,False,False,True,False,False,True,False
800.0,72.0,3.0,0.0,1.0,0.0,1.0,0.0,0.0,1.0,36.8333,10.3167,2.0,0.0,0.0,0.0,1.0,True,False,False,True,False,False,True,False
120.0,122.0,5.0,1.0,1.0,1.0,1.0,1.0,1.0,4.0,36.8542,10.2561,2.0,1.0,1.0,0.0,1.0,False,False,False,True,False,False,True,False
3500.0,110.0,3.0,0.0,0.0,0.0,0.0,1.0,0.0,1.0,36.8764,10.3253,0.0,0.0,0.0,0.0,1.0,True,False,False,True,False,False,True,False
100.0,100.0,3.0,1.0,0.0,1.0,1.0,0.0,1.0,2.0,36.8454,11.0986,2.0,0.0,0.0,0.0,1.0,False,False,False,False,False,False,True,False
250.0,75.0,3.0,0.0,1.0,1.0,1.0,1.0,0.0,2.0,35.7764,10.8265,0.0,0.0,0.0,0.0,1.0,False,False,True,False,False,True,False,False
420.0,100.0,3.0,0.0,1.0,1.0,0.0,1.0,1.0,3.0,35.7757,10.7949,0.0,0.0,0.0,1.0,1.0,False,False,True,False,True,False,True,True
1900.0,145.0,3.0,1.0,1.0,0.0,1.0,1.0,1.0,1.0,36.8625,10.1956,3.0,0.0,0.0,0.0,1.0,True,False,False,True,False,False,True,False
180.0,80.0,3.0,0.0,0.0,1.0,1.0,1.0,0.0,1.0,35.8415,10.6204,0.0,0.0,0.0,0.0,1.0,False,False,False,True,False,True,False,False
