link,title,address,price,type,Référence,Pièces,Surface,Surface totale,Type de chauffage,Énergie de chauffage,Moyen de chauffage,Type d'eau chaude,Moyen d'eau chaude,Eaux usées,État,Étage,Exposition,Vue,Salon,Chambres,Salles de bains,Cuisines,Jardin,Abri de voiture,Éclairage extérieur,Piscine,Animaux autorisés,latitude,longitude,Jardin 1500 m²,Adoucisseur d'eau,Air conditionné,Cheminée,Double vitrage,Fenêtre aluminium,Fenêtres coulissantes,Meublé,Panneaux solaires,Stores électriques,Arrosage,Barbecue,Clôture,Maison de gardien,Vidéo surveillance,Jardin 950 m²,Cuisine,Stores,Accès handicapé,Interphone,Cafetière,Four,Four à micro-ondes,Reception 24/7,Réfrigérateur,Télévision,Internet,Alarme,Porte blindée,Terrain de jeux,Aspiration centralisée,Baignoire balnéo,Fenêtre PVC,Congélateur,Cuisinière,Lave-linge,Plaque de cuisson,Vaisselle,Piscine intérieure,Chambre,Chambres d'enfants,Salle de bains,Jacuzzi,Thermostat connecté,Forage,Portail électrique,Fer à repasser,Linge de maison,Barres de fenêtres,Terrain 2000 m²,Borne voiture électrique,Triple vitrage,Vide sanitaire,Volets roulants électriques,Héliport,Puits,Alarme incendie,Gardien,Service de sécurité,Vidéophone,Lave-vaisselle,Immeuble classé/inscrit,Télédistribution,Groupe électrogène,Sèche-cheveux,Sèche-linge,Téléphone,Terrain 1400 m²,Buanderie commune,Jardin 500 m²,Panneaux photovoltaïques,Terrain 2500 m²,Concierge,Moustiquaires,Salons,Garage,Lecteur DVD,Lecteur CD,Ascenseur,Piscine en copropriété,Fibre optique,Digicode,Coffre-fort,Terrasse,Suite,Terrasse 90 m²,Balcon,Salle de sport,Cour,Local à vélo,Terrasse 300 m²,Domotique,Ventilation double flux,Sauna,Spa,Abri de jardin 72 m²,Studio 48 m²,Golf,Tennis,Terrasse 60 m²,Parking,Appartement 122 m²,Terrasse 16 m²,Cour 15 m²,Faux plafond,Jeu de boules,Balcon 8 m²,Chambre 12 m²,Chambre 17 m²,Balcon 6 m²,Séjour,Balcons
https://www.homeintunisia.com/fr/propri%C3%A9t%C3%A9/85843732,À louer – Villa non meublée à Kantaoui Narjess – Location longue durée,El Kantaoui,4 000 TND / Mois,Maison,85843732,6 pièces,800 m²,1000 m²,Radiateur,Gaz,Individuel,Chaudière,Individuelle,Tout à l'égout,Bon état,Rez-de-chaussée,"Nord, Sud",Dégagée Jardin Rue,1,5,3,2,1,1.0,1.0,1.0,1.0,35.89855,10.59439,,,,,,,,,,,,,,,,,,,,,,,,,,,,,,,,,,,,,,,,,,,,,,,,,,,,,,,,,,,,,,,,,,,,,,,,,,,,,,,,,,,,,,,,,,,,,,,,,,,,,,,,,,,,,,,,
https://www.homeintunisia.com/fr/propri%C3%A9t%C3%A9/85613498,Gîte rural de charme à 15 minutes du port El Kantaoui,Chatt Meriem,14 000 TND / Mois,Maison,85613498,,800 m²,7791 m²,"Radiateur, Climatisation",,Individuel,Chaudière,Individuelle,Fosse septique,Bon état,Rez-de-chaussée,"Est, Nord, Ouest, Sud",Dégagée Verdure Ciel,,,,,,,1.0,1.0,,35.93404,10.5496,1,1.0,1.0,1.0,1.0,1.0,1.0,1.0,1.0,1.0,1.0,1.0,1.0,1.0,1.0,,,,,,,,,,,,,,,,,,,,,,,,,,,,,,,,,,,,,,,,,,,,,,,,,,,,,,,,,,,,,,,,,,,,,,,,,,,,,,,,,,,,,,,,,,,,,,,,,
https://www.homeintunisia.com/fr/propri%C3%A9t%C3%A9/85558761,Villa de Luxe avec Piscine à Chott Meriem - Votre Oasis Estivale Attend,Tantana,6 000 TND / Mois,Maison,85558761,5 pièces,200 m²,1100 m²,Central,Gaz,Individuel,Chaudière,Individuelle,Fosse septique,Bon état,Rez-de-chaussée,Nord-ouest,Dégagée Jardin Piscine,1,4,,,,1.0,1.0,1.0,1.0,35.91829,10.58148,,,1.0,,1.0,1.0,1.0,1.0,,,,,,,,1,1,1.0,1.0,1.0,1.0,1.0,1.0,1.0,1.0,1.0,,,,,,,,,,,,,,,,,,,,,,,,,,,,,,,,,,,,,,,,,,,,,,,,,,,,,,,,,,,,,,,,,,,,,,,,,,,,,,,,,,,,,,
https://www.homeintunisia.com/fr/propri%C3%A9t%C3%A9/85321423,Villa moderne indépendante,El Kantaoui,5 000 TND / Mois,Maison,85321423,6 pièces,500 m²,800 m²,"Radiateur, Climatisation, Central",Electrique,Individuel,Chaudière,Individuelle,Tout à l'égout,Bon état,Rez-de-chaussée,"Nord-est, Nord-ouest",Dégagée Jardin,,,,,,1.0,1.0,,,35.8888,10.59255,,,,,,1.0,,1.0,,,,1.0,1.0,,1.0,,,1.0,1.0,1.0,,,,,,,1.0,1.0,1.0,1.0,,,,,,,,,,,,,,,,,,,,,,,,,,,,,,,,,,,,,,,,,,,,,,,,,,,,,,,,,,,,,,,,,,,,,,,,,,,,,,,,,,
https://www.homeintunisia.com/fr/propri%C3%A9t%C3%A9/85309212,Maison traditionnelle pour la location,Sousse,2 000 TND / Mois,Maison,85309212,6 pièces,300 m²,200 m²,,Electrique,Individuel,Chauffe-eau,Individuelle,Tout à l'égout,Bon état,Rez-de-chaussée,Nord-est,Panoramique Ville,,,,,,,1.0,,,35.82364,10.62986,,,,,,,,,,,,,1.0,,,,,,,,,,,,,,,,,,,,,,,,,,,,,,,,,,,,,,,,,,,,,,,,,,,,,,,,,,,,,,,,,,,,,,,,,,,,,,,,,,,,,,,,,,,,,,,,,,,
https://www.homeintunisia.com/fr/propri%C3%A9t%C3%A9/85104337,Location Scolaire – Villa Indépendante à  (Menchia),Hammam Sousse,2 000 TND / Mois,Maison,85104337,5 pièces,100 m²,,Central,Gaz,Individuel,Chauffe-eau,Individuelle,Tout à l'égout,Excellent état,Plain-pied / 1 étage,,Dégagée Ciel Cour,,,,,,,1.0,,,35.88433,10.59552,,,1.0,,1.0,,,1.0,,1.0,,,1.0,,1.0,,,,,,1.0,1.0,,,1.0,1.0,1.0,,1.0,,1.0,1.0,1.0,1.0,1.0,1.0,1.0,1.0,,,,,,,,,,,,,,,,,,,,,,,,,,,,,,,,,,,,,,,,,,,,,,,,,,,,,,,,,,,,,,,,,,,,,,,,,,
https://www.homeintunisia.com/fr/propri%C3%A9t%C3%A9/84988478,Location Longue Durée – Magnifique Villa avec Piscine,Chatt Meriem,2 500 TND / Mois,Maison,84988478,4 pièces,150 m²,680 m²,Central,Eau chaude,Individuel,Chaudière,Individuelle,Tout à l'égout,Excellent état,Rez-de-chaussée,Nord-est,Dégagée Jardin Ciel,1,,,,,1.0,1.0,1.0,1.0,35.94312,10.52022,,,1.0,,1.0,,1.0,1.0,,1.0,,1.0,,1.0,,,1,1.0,,1.0,1.0,1.0,1.0,,1.0,1.0,,,,,,1.0,,1.0,,1.0,1.0,1.0,1,1,2,1,1.0,1.0,1.0,1.0,1.0,1.0,,,,,,,,,,,,,,,,,,,,,,,,,,,,,,,,,,,,,,,,,,,,,,,,,,,,,,,,,,,,,,,,
https://www.homeintunisia.com/fr/propri%C3%A9t%C3%A9/84071016,Villa S+5 à Louer à,Khezama Ouest,3 000 TND / Mois,Maison,84071016,7 pièces,400 m²,500 m²,"Radiateur, Climatisation","Gaz, Electrique, Eau chaude",Individuel,Chaudière,Individuelle,Tout à l'égout,Excellent état,,"Nord-est, Sud-ouest",Dégagée Rue,,,,,,1.0,1.0,1.0,,35.85134,10.59932,,1.0,1.0,,1.0,,1.0,,,,,,,,,,,,,1.0,,,,,,,,1.0,,,,,1.0,,,,,,,,,,,,,,,,1.0,,,,,,,,,,,,,,,,,,,,,,,,,,,,,,,,,,,,,,,,,,,,,,,,,,,,,,,,,,,,,,,
https://www.homeintunisia.com/fr/propri%C3%A9t%C3%A9/83791992,À louer à l'année – Superbe villa avec piscine et jardin sans vis-à-vis,Chatt Meriem,3 500 TND / Mois,Maison,83791992,3 pièces,250 m²,2000 m²,"Central, Cheminée",Electrique,Individuel,Chaudière,Individuelle,Fosse septique,Excellent état,Rez-de-chaussée,"Est, Nord",Dégagée Collines Jardin,1,2,,,,1.0,1.0,1.0,,35.93428,10.55175,,1.0,1.0,1.0,1.0,1.0,,,,1.0,1.0,1.0,1.0,,1.0,,1,1.0,,1.0,1.0,1.0,1.0,,1.0,1.0,,,,1.0,,,1.0,1.0,1.0,1.0,1.0,,,,,1,,,,1.0,1.0,1.0,,1,1.0,1.0,1.0,1.0,1.0,1.0,1.0,1.0,1.0,1.0,1.0,,,,,,,,,,,,,,,,,,,,,,,,,,,,,,,,,,,,,,,,,,,,,,,,,,,
https://www.homeintunisia.com/fr/propri%C3%A9t%C3%A9/83153275,Maison Traditionnelle de Style Riad à louer à Sidi Bou Said avec Vue Panoramique sur la Mer,Sidi Bou Saïd,36 000 TND / An,Maison,83153275,,200 m²,200 m²,Radiateur,Gaz,Individuel,Chaudière,Individuelle,Tout à l'égout,Bon état,,Nord-est,Panoramique Mer Village,,,,,,,,,,36.8699,10.3445,,,1.0,,,,,,,,,,,,,,,,,,,,,,,,,,,,,,,,,,,,,,,,,,,,,,,,,,,,,,,,,,,1.0,,,,,,,,,,,,,,,,,,,,,,,,,,,,,,,,,,,,,,,,,,,,,,,,,,
https://www.homeintunisia.com/fr/propri%C3%A9t%C3%A9/7182840,"Villa à Louer avec Piscine – Chatt Mariem, Sousse",Chatt Meriem,3 400 TND / Mois,Maison,7182840,5 pièces,250 m²,450 m²,,Gaz,Individuel,Chaudière,Individuelle,,Bon état,Rez-de-chaussée / 2 étages,Est,Dégagée Piscine,,,,,,,1.0,1.0,,35.94312,10.52022,,,,,,,,,,,1.0,1.0,,,,,,,,,,,1.0,,1.0,,,,,,,,,,1.0,1.0,1.0,1.0,,,,,,,,,,1.0,,,,,,,,,,,,,,,1.0,,,,,,,,,,,,,,,,,,,,,,,,,,,,,,,,,,,,,,,,,,,,,,,,,
https://www.homeintunisia.com/fr/propri%C3%A9t%C3%A9/6210612,Maison Indépendante à Louer - Kantaoui Soviva,El Kantaoui,1 600 TND / Mois,Maison,6210612,4 pièces,250 m²,300 m²,,,,,Individuelle,,Excellent état,Rez-de-chaussée,,,,,,,,,,,,35.89419,10.59822,,,,,,,,,,,,,,,,,,1.0,,,,,1.0,,1.0,,,,,,,,,,,1.0,1.0,1.0,,,,,,,,,,,,,,,,,,,,,,,,,,,,,,,,,,,,,,,,,,,,,,,,,,,,,,,,,,,,,,,,,,,,,,,,,,
https://www.homeintunisia.com/fr/propri%C3%A9t%C3%A9/5982659,A LOUER - BELLE VILLA À HAMMAMET AVEC PISCINE,Hammamet,3 800 TND / Mois,Maison,5982659,6 pièces,400 m²,1000 m²,Central,Fioul / Mazout,Collectif,Chaudière,Individuelle,Fosse septique,Excellent état,,,Panoramique,,,,,,,1.0,1.0,,36.43023,10.4873,,,1.0,,1.0,,,1.0,1.0,1.0,1.0,1.0,,,1.0,,,,,,1.0,1.0,1.0,,1.0,1.0,1.0,1.0,1.0,,,,,1.0,1.0,1.0,1.0,1.0,,,,,1.0,1.0,,1.0,1.0,,,,,,,,,1.0,1.0,,,1.0,1.0,,,1.0,1.0,1.0,1.0,,,,,,,,,,,,,,,,,,,,,,,,,,,,,,,,,,,,,,,,,,,,,
https://www.homeintunisia.com/fr/propri%C3%A9t%C3%A9/4193335,Villa à Louer à Kantaoui - Location Annuelle,El Kantaoui,1 600 TND / Mois,Maison,4193335,3 pièces,130 m²,400 m²,Central,,,,Individuelle,,Bon état,Rez-de-chaussée / 1 étage,,Dégagée,,,,,,,1.0,,,35.89419,10.59822,,,,,,,,,,,,,,,,,,1.0,,,,,,,1.0,,,,,,,,,1.0,,1.0,1.0,1.0,,,,,,,,,,1.0,,,,,,,,,,,,,,,,,,,,,,,,,,,,,,,,,,,,,,,,,,,,,,,,,,,,,,,,,,,,,,,,
https://www.homeintunisia.com/fr/propri%C3%A9t%C3%A9/3851692,Location Longue Durée – Spacieuse Villa Indépendante à Kantaoui,El Kantaoui,5 500 TND / Mois,Maison,3851692,9 pièces,800 m²,1400 m²,Central,Gaz,Individuel,Chaudière,Individuelle,Tout à l'égout,Excellent état,Surélevé étage / 2,,Aperçu,,,,,,1.0,1.0,,1.0,35.89419,10.59822,,,1.0,,1.0,,1.0,,,1.0,,,,1.0,,,,,1.0,,,,,,,,,,1.0,,,,,,1.0,,,,,,,,,,,,,,,,,,,1.0,,,,,,1.0,,,,,,,,1,1.0,,,,,,,,,,,,,,,,,,,,,,,,,,,,,,,,,,,,,,,,,,,
https://www.homeintunisia.com/fr/propri%C3%A9t%C3%A9/85891836,À louer – Superbe villa avec piscine et jardin sans vis-à-vis,Chatt Meriem,À partir de 700 TND / Jour,Maison,85891836,3 pièces,250 m²,2000 m²,"Central, Cheminée",Electrique,Individuel,Chaudière,Individuelle,Fosse septique,Excellent état,Rez-de-chaussée,"Est, Nord",Dégagée Collines Jardin,1,2,,,,1.0,1.0,1.0,,35.93428,10.55175,,1.0,1.0,1.0,1.0,1.0,,,,1.0,1.0,1.0,1.0,,1.0,,1,1.0,,1.0,1.0,1.0,1.0,,1.0,1.0,,,,1.0,,,1.0,1.0,1.0,1.0,1.0,,,,,1,,,,1.0,1.0,1.0,,1,1.0,1.0,1.0,1.0,1.0,1.0,1.0,1.0,1.0,1.0,1.0,,,,,,,,,,,,,,,,,,,,,,,,,,,,,,,,,,,,,,,,,,,,,,,,,,,
https://www.homeintunisia.com/fr/propri%C3%A9t%C3%A9/85093211,location saisonnière Maison Traditionelle à  Medina,Monastir,À partir de 288 TND / Jour,Maison,85093211,4 pièces,150 m²,200 m²,Climatisation,,Individuel,,,,,Plain-pied / 1 étage,,Dégagée,,,,,,,1.0,,1.0,35.76061,10.81139,,,1.0,,,,,1.0,,,,,1.0,,,,,,,,1.0,1.0,1.0,,1.0,1.0,,,,,,,,1.0,1.0,1.0,1.0,1.0,,,,,1.0,,,,1.0,1.0,,,,,,,,,,,,,,,,,,,,,,,,,,,,,,,,,,,,,,,,,,,,,,,,,,,,,,,,,,,,,,,,
https://www.homeintunisia.com/fr/propri%C3%A9t%C3%A9/85074612,Villa Pieds dans l'Eau à Louer pour Courtes Durées - Prix Très Intéressant,Tantana,À partir de 1 800 TND / Jour,Maison,85074612,7 pièces,300 m²,,Climatisation,Gaz,Individuel,Chaudière,Individuelle,Fosse septique,Bon état,Rez-de-chaussée,Est,Panoramique Mer Jardin,,,,,,,1.0,1.0,,35.92267,10.57749,,,1.0,1.0,1.0,,1.0,1.0,,,,,,,,,,,1.0,,,1.0,,,1.0,1.0,,,,,,,,,,,,1.0,,,,,,,,,,,,,,,,,,,,,,,,,,,,,,,,1,1.0,,,,,,,,,,,,,,,,,,,,,,,,,,,,,,,,,,,,,,,,,
https://www.homeintunisia.com/fr/propri%C3%A9t%C3%A9/85066305,Une charmante villa s+4 à tantana,Tantana,À partir de 1 200 TND / Jour,Maison,85066305,6 pièces,200 m²,,Central,,Individuel,,Individuelle,,Bon état,Plain-pied,,Dégagée,,,,,,1.0,,1.0,,35.94312,10.52022,,,,,,1.0,,1.0,,,,1.0,,,,,,1.0,,,,1.0,1.0,,1.0,1.0,,,,,,,,,,1.0,1.0,1.0,,,,,,,,,,,,,,,,,,,,,,,,,,,,,,,,,,,,,,,,,,,,,,,,,,,,,,,,,,,,,,,,,,,,,,,,,,
https://www.homeintunisia.com/fr/propri%C3%A9t%C3%A9/85065744,location Maison d'hôtes à Chott Meriem,Akouda,À partir de 850 TND / Jour,Maison,85065744,5 pièces,300 m²,,"Radiateur, Climatisation",,Individuel,,Individuelle,Tout à l'égout,Bon état,Plain-pied,,Panoramique,,,,,,1.0,1.0,1.0,,35.88988,10.60138,,,1.0,,1.0,1.0,,1.0,,1.0,,,1.0,,1.0,,,,,,1.0,1.0,1.0,,1.0,1.0,,,,,,1.0,1.0,1.0,1.0,1.0,1.0,1.0,,,,,,,,,,,,,,,,,,,,,,,,,,,,,,,,,1.0,,,,,,,,,,,,,,,,,,,,,,,,,,,,,,,,,,,,,,,,,
https://www.homeintunisia.com/fr/propri%C3%A9t%C3%A9/85052175,🌟 LOCATION DE VACANCES EN EXCLUSIVITÉ 🌟,Bizerte,À partir de 2 070 TND / Jour,Maison,85052175,19 pièces,4000 m²,4000 m²,Central,Gaz,Individuel,Chaudière,Individuelle,Tout à l'égout,Excellent état,,Nord-est,Dégagée Mer Montagnes,,,,,,,,,,37.27821,9.86836,,,1.0,,,,,,,,,,,,,,,,,,,,,,,,,,,,,,,,,,,,,,,,,,,,,,,,,,,,,,,,,,,,,,,,,,,,,1,,,,,,,,,,,,,,,,,,,,,,,,,,,,,,,,,,,,,,,,
https://www.homeintunisia.com/fr/propri%C3%A9t%C3%A9/84925616,location saisonnière villa avec piscine à chott meriem,Chatt Meriem,À partir de 3 300 TND / Jour,Maison,84925616,3 pièces,3000 m²,,Central,Gaz,Individuel,Chauffe-eau,Individuelle,,Excellent état,Rez-de-chaussée,,Panoramique Forêt Ciel,,,,,,1.0,1.0,1.0,,35.96495,10.54187,,,1.0,,1.0,1.0,,1.0,,,,,1.0,,1.0,,,,,1.0,1.0,1.0,1.0,,1.0,1.0,,,1.0,,,,1.0,,1.0,1.0,,1.0,,,,,,,,1.0,,,,,,,,,,,,,,1.0,,,,,,,,,,,,,,,,,,,,,,,,,,,,,,,,,,,,,,,,,,,,,,,,,,,,
https://www.homeintunisia.com/fr/propri%C3%A9t%C3%A9/84925281,location villa avec piscine à chott meriem,Chatt Meriem,À partir de 1 400 TND / Jour,Maison,84925281,3 pièces,3000 m²,,Central,Gaz,Individuel,Chauffe-eau,Individuelle,,Excellent état,Rez-de-chaussée,,Panoramique Forêt Ciel,,,,,,1.0,1.0,1.0,,35.96495,10.54187,,,,,,1.0,,1.0,,,,,1.0,,,,,,,1.0,1.0,1.0,1.0,,1.0,1.0,,,,,,,1.0,,1.0,1.0,,1.0,,,,,,,,,,,,,,,,,,,,,,1.0,,,,,,,,,,,,,,,,,,,,,,,,,,,,,,,,,,,,,,,,,,,,,,,,,,,,
https://www.homeintunisia.com/fr/propri%C3%A9t%C3%A9/84923204,location villa piscine Kantaoui,Hammam Sousse,À partir de 950 TND / Jour,Maison,84923204,4 pièces,,,"Radiateur, Climatisation",,Individuel,Chaudière,Individuelle,Tout à l'égout,Excellent état,Rez-de-chaussée,,Panoramique Ciel Piscine,,,,,,1.0,1.0,1.0,,35.88576,10.59552,,,1.0,,1.0,1.0,,1.0,,1.0,,,1.0,,,,,,,1.0,1.0,1.0,1.0,,1.0,1.0,1.0,,,,1.0,,1.0,,,1.0,1.0,1.0,,,,,,,,,,,,,,,,,,,,,,1.0,,,,,,,,,,,,,,,,,,,,,,,,,,,,,,,,,,,,,,,,,,,,,,,,,,,,
https://www.homeintunisia.com/fr/propri%C3%A9t%C3%A9/84618134,Villa de Luxe avec Piscine à Chott Meriem - Votre Oasis Estivale Attend,Tantana,À partir de 1 950 TND / Jour,Maison,84618134,5 pièces,200 m²,1100 m²,Central,Gaz,Individuel,Chaudière,Individuelle,Fosse septique,Bon état,Rez-de-chaussée,Nord-ouest,Dégagée Jardin Piscine,,,,,,1.0,1.0,1.0,1.0,35.91829,10.58148,,,1.0,,1.0,1.0,1.0,1.0,,,,,,,,1,,1.0,1.0,1.0,1.0,1.0,1.0,1.0,1.0,1.0,,,,,,,,,,,,,,,,,,,,,,,,,,,,,,,,,,,,,,,,,,,,,,,,,,,,,,,,,,,,,,,,,,,,,,,,,,,,,,,,,,,,,,
https://www.homeintunisia.com/fr/propri%C3%A9t%C3%A9/84208732,une villa s+5 pour la location saisonnière,Monastir,Prix sur demande,Maison,84208732,5 pièces,,,Central,,Individuel,,Individuelle,Tout à l'égout,Bon état,Rez-de-chaussée,,Dégagée,,,,,,1.0,,1.0,,35.76612,10.81625,,,,,,,,1.0,,,,1.0,,,,,,,,,,1.0,,,1.0,1.0,,,,,,,,,,,1.0,,,,,,,,,,,,,,,,,,,,,,,,,,,,,,,,,,,,,,,,,,,,,,,,,,,,,,,,,,,,,,,,,,,,,,,,,,,
https://www.homeintunisia.com/fr/propri%C3%A9t%C3%A9/83887279,Charmante Villa à  - Un Cadre Idéal pour des Séjours Inoubliables,Tabarka,À partir de 950 TND / Jour,Maison,83887279,5 pièces,102 m²,2000 m²,Radiateur,Gaz,Individuel,,Individuelle,Tout à l'égout,Excellent état,Plain-pied,,Dégagée,,,,,,1.0,1.0,1.0,,36.97319,8.87796,,,,1.0,,1.0,1.0,1.0,,1.0,,1.0,,1.0,,,,,1.0,,,1.0,1.0,,1.0,1.0,,,,,,,,1.0,1.0,1.0,1.0,1.0,,,,,1.0,,,,,1.0,,,,,,,,,,1.0,,,,,,,,,,,,,,,1.0,,,,,,,,,,,,,,,,,,,,,,,,,,,,,,,,,,,,,,,
https://www.homeintunisia.com/fr/propri%C3%A9t%C3%A9/83803281,location maison de campagne avec piscine,Tantana,Prix sur demande,Maison,83803281,5 pièces,150 m²,,"Climatisation, Sans chauffage",Fioul / Mazout,Collectif,Chaudière,Individuelle,Tout à l'égout,Bon état,Plain-pied / 1 étage,,Panoramique Piscine,,,,,,1.0,1.0,1.0,,35.94312,10.52022,,,1.0,,1.0,,,1.0,,,,,1.0,,1.0,,,1.0,,,1.0,,1.0,,1.0,,,,1.0,,,1.0,1.0,1.0,1.0,1.0,,1.0,,,,,,,,,,,,,,,,,,,,,,,,,,,,,,,,,,,,,,,,,,,,,,,,,,,,,,,,,,,,,,,,,,,,,,,,,,
https://www.homeintunisia.com/fr/propri%C3%A9t%C3%A9/83269456,Maison d'hôte,Akouda,À partir de 700 TND / Jour,Maison,83269456,3 pièces,110 m²,7000 m²,"Climatisation, Central, Cheminée","Gaz, Electrique, Bois, Charbon, Eau chaude",Individuel,Chauffe-eau,Individuelle,Tout à l'égout,Excellent état,Plain-pied,Sud-est,Dégagée Forêt Jardin,,,,,,1.0,1.0,1.0,1.0,35.90119,10.53957,,,1.0,1.0,1.0,,1.0,1.0,,1.0,1.0,1.0,1.0,1.0,,,,,,,1.0,,1.0,,,1.0,1.0,,1.0,1.0,,1.0,1.0,1.0,1.0,1.0,1.0,1.0,,,,,1.0,,,,1.0,1.0,,,,,,,,1.0,,1.0,,,1.0,,,,,1.0,,,,,,,1.0,1.0,,,,,,,,,,,,,,,,,,,,,,,,,,,,,,,,,,,,,,
https://www.homeintunisia.com/fr/propri%C3%A9t%C3%A9/82855470,Villa indépendant location estaivale,El Kantaoui,À partir de 500 TND / Jour,Maison,82855470,5 pièces,,,"Au sol, Climatisation, Central",Eau chaude,Individuel,Chauffe-eau,Individuelle,,Excellent état,Rez-de-chaussée,Nord-ouest,Panoramique Ville Ciel,,,,,,,,,,35.88361,10.58929,,,,,,,,1.0,,,,,,,,,,,,,1.0,,1.0,1.0,1.0,1.0,,,,,,,,1.0,1.0,1.0,1.0,1.0,,,,,,,,,,,,,,,,,,,,,,,1.0,,,,1.0,1.0,1.0,,,,,,,,,,,,,,,,,,,,,,,,,,,,,,,,,,,,,,,,,,,,,
https://www.homeintunisia.com/fr/propri%C3%A9t%C3%A9/82553287,Magnifique Villa de Vacances à Louer,Chatt Meriem,À partir de 2 000 TND / Jour,Maison,82553287,5 pièces,600 m²,1000 m²,Central,Gaz,Individuel,Chaudière,Individuelle,,Excellent état,Rez-de-chaussée,Sud-est,Panoramique Mer Piscine,,,,,,1.0,1.0,1.0,,35.87467,10.57181,,1.0,1.0,,,1.0,1.0,,,1.0,,,,,,,,1.0,,,,,1.0,,1.0,1.0,,,,,,,1.0,1.0,1.0,1.0,1.0,,,,,,1.0,,,,,1.0,,,,,1.0,1.0,,,,1.0,,,,,,,,,,,,,,,,,,,,,,,,,,,,,,,,,,,,,,,,,,,,,,,,,,,,,,
https://www.homeintunisia.com/fr/propri%C3%A9t%C3%A9/82322007,location saisonnière Villa piscine à,Hergla,À partir de 1 000 TND / Jour,Maison,82322007,4 pièces,900 m²,,"Radiateur, Climatisation",,Individuel,Chaudière,Individuelle,Tout à l'égout,Excellent état,Plain-pied / 1 étage,,Panoramique,,,,,,,1.0,1.0,,36.00453,10.43194,,,1.0,,1.0,1.0,,1.0,,1.0,,,1.0,,1.0,,,,1.0,1.0,,1.0,,,1.0,1.0,1.0,,,,1.0,,1.0,,1.0,1.0,1.0,1.0,,,,,,,,,,1.0,,,,,,,,,,,,,,,,,,,,,,,,,,,,,,,,,,,,,,,,,,,,,,,,,,,,,,,,,,,,,,,,
https://www.homeintunisia.com/fr/propri%C3%A9t%C3%A9/8093600,Location Saisonnière – Villa de Campagne à,Akouda,À partir de 470 TND / Jour,Maison,8093600,4 pièces,300 m²,,"Climatisation, Cheminée",,,,Individuelle,Tout à l'égout,Bon état,Plain-pied,,Panoramique,,,,,,1.0,,1.0,,35.87748,10.57503,,,1.0,1.0,,,,1.0,,,,,,1.0,,,,,,,1.0,1.0,1.0,,,1.0,,,1.0,,,1.0,,1.0,1.0,1.0,,,,,,,1.0,,,,,1.0,,,,,,,,,,,,,,,,,,,,,,,,,,,,,,,,,,,,,,,,,,,,,,,,,,,,,,,,,,,,,,,,
https://www.homeintunisia.com/fr/propri%C3%A9t%C3%A9/7177070,villa S+2 avec piscine location estivale - Kantaoui,El Kantaoui,À partir de 5 600 TND / Semaine,Maison,7177070,2 pièces,,,"Climatisation, Central",Eau chaude,Individuel,Chauffe-eau,Individuelle,,Excellent état,Rez-de-chaussée,Nord-ouest,Panoramique Mer Ciel,,,,,,,,,,35.87522,10.5745,,,1.0,,,,,1.0,,,,,,,,,,,,,1.0,1.0,1.0,1.0,1.0,1.0,,,,,,,,1.0,1.0,1.0,1.0,1.0,,,,,,,,,,,,,,,,,,,,,,,1.0,,,,1.0,1.0,,,,,,,,,,,,,,,,,,,,,,,,,,,,,,,,,,,,,,,,,,,,,,
https://www.homeintunisia.com/fr/propri%C3%A9t%C3%A9/6991606,Villa indépendant location estaivale,El Kantaoui,À partir de 500 TND / Jour,Maison,6991606,5 pièces,,,"Au sol, Climatisation, Central",Eau chaude,Individuel,Chauffe-eau,Individuelle,,Excellent état,Rez-de-chaussée,Nord-ouest,Panoramique Ville Ciel,,,,,,,,,,35.88361,10.58929,,,,,,,,1.0,,,,,,,,,,,,,1.0,,1.0,1.0,1.0,1.0,,,,,,,,1.0,1.0,1.0,1.0,1.0,,,,,,,,,,,,,,,,,,,,,,,1.0,,,,1.0,1.0,1.0,,,,,,,,,,,,,,,,,,,,,,,,,,,,,,,,,,,,,,,,,,,,,
https://www.homeintunisia.com/fr/propri%C3%A9t%C3%A9/4029800,SOMPTUEUSE VILLA FRONT MER,Mohamadia,À partir de 2 500 TND / Semaine,Maison,4029800,4 pièces,260 m²,1500 m²,Central,Gaz,Individuel,Chaudière,Individuelle,Tout à l'égout,Neuf,2ème étage / 3,,Panoramique,,,,,,1.0,1.0,,,36.64767,10.09106,,,1.0,,1.0,,1.0,,,1.0,1.0,,,,1.0,,,,,,,,,,,,,1.0,,,,,,,,,,,,,,,1.0,,,1.0,,,,,,,,1.0,,,,1.0,,1.0,,,,,,,,,,,,,,,,,,,,,,,,,,,,,,,,,,,,,,,,,,,,,,,,,,,,
https://www.homeintunisia.com/fr/propri%C3%A9t%C3%A9/3110816,Prestigieuse villa pieds dans l'eau- Dar Chems-,Tantana,À partir de 2 500 TND / Jour,Maison,3110816,5 pièces,600 m²,1700 m²,Central,Gaz,Individuel,Chaudière,Individuelle,Tout à l'égout,Excellent état,Rez-de-chaussée / 1 étage,Nord,Dégagée Mer Ciel,,5,,,,1.0,1.0,1.0,,35.94312,10.52022,,,1.0,,1.0,1.0,1.0,1.0,,1.0,,1.0,,,,,,,1.0,1.0,,,,,,1.0,,,,,,,,,,,,1.0,,,,1,1.0,,,,,,,,,,,,,,,,,1.0,,,,,,,,,,,,,,,2,1,,,,,,,,,,,,,,,,,,,,,,,,,,,,,,,,,,,,
https://www.homeintunisia.com/fr/propri%C3%A9t%C3%A9/3027455,Location Villa Pieds dans l'Eau,Chatt Meriem,À partir de 450 TND / Jour,Maison,3027455,2 pièces,1000 m²,1200 m²,Climatisation,,Individuel,Chaudière,Individuelle,Tout à l'égout,Bon état,Rez-de-chaussée / 1 étage,,Panoramique Mer Jardin,,,,,,1.0,,,,35.94312,10.52022,,,1.0,,1.0,,,1.0,,,,,,1.0,,,,1.0,,,1.0,1.0,,,1.0,1.0,,,1.0,,1.0,1.0,,1.0,1.0,,,1.0,,,,,,,,,,,,,,,,,,,,,,,,,,,,,,,,,,,1.0,,,,1.0,,,,,,,,,,,,,,,,,,,,,,,,,,,,,,,,,,,
https://www.homeintunisia.com/fr/propri%C3%A9t%C3%A9/2808087,Location saisonnière - Très belle villa à louer,Chatt Meriem,Prix sur demande,Maison,2808087,4 pièces,150 m²,320 m²,"Radiateur, Climatisation",Eau chaude,Individuel,Chaudière,Individuelle,Tout à l'égout,Excellent état,1er étage / 1,,Aperçu,,,,,,1.0,1.0,,,35.94312,10.52022,,,1.0,,1.0,,1.0,1.0,,1.0,1.0,1.0,,1.0,,,,1.0,1.0,1.0,1.0,1.0,1.0,1.0,1.0,1.0,1.0,,1.0,,1.0,1.0,,,1.0,1.0,1.0,1.0,,,,,,,1.0,,1.0,1.0,,,,,1.0,,,,,,,1.0,1.0,,1.0,,,1.0,,,,,,,,1.0,,,,1.0,,,,,,,,,,,,,,,,,,,,,,,,,,,,,,,,,,
https://www.homeintunisia.com/fr/propri%C3%A9t%C3%A9/2750862,Location Saisonnière Maison de Campagne avec Piscine,Tantana,À partir de 2 800 TND / Semaine,Maison,2750862,6 pièces,200 m²,1500 m²,Central,,,,Individuelle,,,Rez-de-chaussée / 2 étages,,,,,,,,1.0,1.0,,,35.94312,10.52022,,,,,,,,1.0,,,,1.0,,,,,,1.0,,,,,,,,,1.0,,,,,,,,,,,,,,,,,,,,,,,,,,,1.0,,,,,,,,,,,,,,,,,,,,,,,,,,,,,,,,,,,,,,,,,,,,,,,,,,,,,,,,,,
https://www.homeintunisia.com/fr/propri%C3%A9t%C3%A9/2232270,villa location estivale,Chatt Meriem,À partir de 880 TND / Jour,Maison,2232270,5 pièces,250 m²,450 m²,"Radiateur, Central",Gaz,Individuel,Chaudière,Individuelle,,Bon état,Rez-de-chaussée / 2 étages,Est,Dégagée Piscine,,,,,,,1.0,1.0,,35.94312,10.52022,,,,,,,,,,,1.0,1.0,,,,,,,,,,,1.0,,1.0,,,,,,,,,,1.0,1.0,1.0,1.0,,,,,,,,,,1.0,,,,,,,,,,,,,,,1.0,,,,,,,,,,,,,,,,,,,,,,,,,,,,,,,,,,,,,,,,,,,,,,,,,
https://www.homeintunisia.com/fr/propri%C3%A9t%C3%A9/1248604,"Magnifique Villa à Louer à Foukaiya, Chatt Mariem,",Sousse,À partir de 500 TND / Jour,Maison,1248604,5 pièces,2000 m²,,,,,Chauffe-eau,Individuelle,Tout à l'égout,Bon état,Rez-de-chaussée,,Panoramique,,,,,,,,,,35.8273,10.6339,,,,,,,,,,,,,,,,,,,,,,,,,,,,,,,,,,,,,,,,,,,,,,,,,,,,,,,,,,,,,,,,,,,,,,,,,,,,,,,,,,,,,,,,,,,,,,,,,,,,,,,,,,,,,,,,
